-- phpMyAdmin SQL Dump
-- version 5.1.1
-- https://www.phpmyadmin.net/
--
-- Host: localhost
-- Generation Time: Sep 25, 2022 at 01:35 PM
-- Server version: 10.4.21-MariaDB
-- PHP Version: 7.4.25

SET SQL_MODE = "NO_AUTO_VALUE_ON_ZERO";
START TRANSACTION;
SET time_zone = "+00:00";


/*!40101 SET @OLD_CHARACTER_SET_CLIENT=@@CHARACTER_SET_CLIENT */;
/*!40101 SET @OLD_CHARACTER_SET_RESULTS=@@CHARACTER_SET_RESULTS */;
/*!40101 SET @OLD_COLLATION_CONNECTION=@@COLLATION_CONNECTION */;
/*!40101 SET NAMES utf8mb4 */;

--
-- Database: `das`
--

-- --------------------------------------------------------

--
-- Table structure for table `articles`
--

CREATE TABLE `articles` (
  `id` bigint(20) UNSIGNED NOT NULL,
  `title` varchar(191) COLLATE utf8mb4_unicode_ci NOT NULL,
  `slug` varchar(191) COLLATE utf8mb4_unicode_ci NOT NULL,
  `thumbnail` varchar(191) COLLATE utf8mb4_unicode_ci DEFAULT NULL,
  `posted_at` datetime DEFAULT NULL,
  `author` varchar(191) COLLATE utf8mb4_unicode_ci DEFAULT NULL,
  `keywords` text COLLATE utf8mb4_unicode_ci DEFAULT NULL,
  `summary` text COLLATE utf8mb4_unicode_ci DEFAULT NULL,
  `content` text COLLATE utf8mb4_unicode_ci NOT NULL,
  `status` tinyint(1) NOT NULL DEFAULT 0 COMMENT '0:draft | 1:published',
  `created_at` timestamp NULL DEFAULT NULL,
  `updated_at` timestamp NULL DEFAULT NULL,
  `deleted_at` timestamp NULL DEFAULT NULL
) ENGINE=InnoDB DEFAULT CHARSET=utf8mb4 COLLATE=utf8mb4_unicode_ci;

--
-- Dumping data for table `articles`
--

INSERT INTO `articles` (`id`, `title`, `slug`, `thumbnail`, `posted_at`, `author`, `keywords`, `summary`, `content`, `status`, `created_at`, `updated_at`, `deleted_at`) VALUES
(1, 'Hello World!', 'hello-world', 'uploads/article/1593833114-thumbnail.jpg', '2020-07-04 00:00:00', 'Vickzkater', 'lara-s-cms,larascms,cms,laravel,php', 'Hello World', '{\"1593832994237\":{\"type\":\"text\",\"section\":\"text\",\"text\":\"<p>Lorem ipsum dolor sit amet, consectetur adipiscing elit. Nam vitae quam nunc. Curabitur non est nisi. Vestibulum ullamcorper dolor interdum, pretium ipsum id, dignissim diam. Sed sed leo id quam sagittis faucibus vel eu arcu. Ut risus turpis, porttitor sit amet lobortis non, pretium sed orci. Suspendisse eget velit vel elit pharetra pulvinar at nec turpis. Pellentesque at diam ex. Nulla vitae finibus ante. In vehicula mattis nunc, commodo rhoncus diam lacinia ut. Pellentesque id ultricies eros.<\\/p>\\r\\n<p>Cras ultrices pretium interdum. In feugiat, lorem ac imperdiet laoreet, metus diam mattis tellus, vitae venenatis velit massa quis odio. Ut metus est, porttitor at faucibus ac, ullamcorper a sapien. Integer congue sapien et leo maximus, vel semper nibh feugiat. Cras vitae ex sed eros porta vehicula id nec sem. Morbi in massa non elit pretium consectetur. Fusce sed urna vel tortor cursus porttitor quis sed purus. Mauris vehicula porttitor justo. Suspendisse laoreet, felis vel faucibus euismod, libero erat commodo leo, id bibendum ligula dolor eget felis. Nullam diam nisi, rutrum eget augue nec, commodo vestibulum lorem. Donec tempus arcu eu interdum pulvinar. Pellentesque et mattis nisl, eget sagittis purus. Proin tincidunt sollicitudin massa non suscipit. Nulla elementum, nisi sed dignissim eleifend, mauris justo commodo felis, ac blandit ante eros bibendum neque. Nullam velit arcu, bibendum at efficitur vitae, convallis quis nisi.<\\/p>\\r\\n<p>Curabitur vel fringilla nulla. Donec porttitor justo hendrerit, imperdiet est id, ullamcorper dolor. Donec finibus diam at dui maximus eleifend. Vivamus rutrum ipsum in dignissim consectetur. Morbi ut orci a sem interdum pharetra. Donec egestas ligula ut turpis consectetur varius. Fusce rhoncus non tellus a finibus. Pellentesque enim dui, scelerisque a lectus nec, congue tristique ligula.<\\/p>\"},\"1593833945129\":{\"type\":\"video & text\",\"section\":\"video + text left\",\"video\":\"https:\\/\\/www.youtube.com\\/watch?v=msnmYYNVvFs\",\"text\":\"<p>Lorem ipsum dolor sit amet, consectetur adipiscing elit. Nam vitae quam nunc. Curabitur non est nisi. Vestibulum ullamcorper dolor interdum, pretium ipsum id, dignissim diam. Sed sed leo id quam sagittis faucibus vel eu arcu. Ut risus turpis, porttitor sit amet lobortis non, pretium sed orci. Suspendisse eget velit vel elit pharetra pulvinar at nec turpis. Pellentesque at diam ex. Nulla vitae finibus ante. In vehicula mattis nunc, commodo rhoncus diam lacinia ut. Pellentesque id ultricies eros.<\\/p>\",\"text_position\":\"left\"},\"1593833948029\":{\"type\":\"image & text\",\"section\":\"image + text right\",\"image\":\"uploads\\/article\\/content\\/1593833948029-content-1593834084.jpg\",\"text\":\"<p>Curabitur vel fringilla nulla. Donec porttitor justo hendrerit, imperdiet est id, ullamcorper dolor. Donec finibus diam at dui maximus eleifend. Vivamus rutrum ipsum in dignissim consectetur. Morbi ut orci a sem interdum pharetra. Donec egestas ligula ut turpis consectetur varius. Fusce rhoncus non tellus a finibus. Pellentesque enim dui, scelerisque a lectus nec, congue tristique ligula.<\\/p>\",\"text_position\":\"right\"},\"1593833846945\":{\"type\":\"video\",\"section\":\"video\",\"video\":\"https:\\/\\/www.youtube.com\\/watch?v=1q6NxBpc1jE\"},\"1593833951109\":{\"type\":\"image & text\",\"section\":\"image + text left\",\"image\":\"uploads\\/article\\/content\\/1593833951109-content-1593834084.jpg\",\"text\":\"<p>Lorem ipsum dolor sit amet, consectetur adipiscing elit. Nam vitae quam nunc. Curabitur non est nisi. Vestibulum ullamcorper dolor interdum, pretium ipsum id, dignissim diam. Sed sed leo id quam sagittis faucibus vel eu arcu. Ut risus turpis, porttitor sit amet lobortis non, pretium sed orci. Suspendisse eget velit vel elit pharetra pulvinar at nec turpis. Pellentesque at diam ex. Nulla vitae finibus ante. In vehicula mattis nunc, commodo rhoncus diam lacinia ut. Pellentesque id ultricies eros.<\\/p>\",\"text_position\":\"left\"},\"1593833909235\":{\"type\":\"image\",\"section\":\"image\",\"image\":\"uploads\\/article\\/content\\/1593833909235-content-1593833920.jpg\"},\"1593834189513\":{\"type\":\"video & text\",\"section\":\"video + text right\",\"video\":\"https:\\/\\/www.youtube.com\\/watch?v=QbOMPbJYKFY\",\"text\":\"<p>Curabitur vel fringilla nulla. Donec porttitor justo hendrerit, imperdiet est id, ullamcorper dolor. Donec finibus diam at dui maximus eleifend. Vivamus rutrum ipsum in dignissim consectetur. Morbi ut orci a sem interdum pharetra. Donec egestas ligula ut turpis consectetur varius. Fusce rhoncus non tellus a finibus. Pellentesque enim dui, scelerisque a lectus nec, congue tristique ligula.<\\/p>\",\"text_position\":\"right\"}}', 1, '2020-07-04 04:25:14', '2020-07-04 13:09:41', NULL);

-- --------------------------------------------------------

--
-- Table structure for table `article_topic`
--

CREATE TABLE `article_topic` (
  `article_id` bigint(20) NOT NULL,
  `topic_id` bigint(20) NOT NULL
) ENGINE=InnoDB DEFAULT CHARSET=utf8mb4 COLLATE=utf8mb4_unicode_ci;

--
-- Dumping data for table `article_topic`
--

INSERT INTO `article_topic` (`article_id`, `topic_id`) VALUES
(1, 3),
(1, 2),
(1, 1);

-- --------------------------------------------------------

--
-- Table structure for table `banners`
--

CREATE TABLE `banners` (
  `id` bigint(20) UNSIGNED NOT NULL,
  `image` varchar(191) COLLATE utf8mb4_unicode_ci NOT NULL,
  `title` varchar(191) COLLATE utf8mb4_unicode_ci DEFAULT NULL,
  `description` varchar(191) COLLATE utf8mb4_unicode_ci DEFAULT NULL,
  `status` tinyint(1) NOT NULL DEFAULT 1 COMMENT '0:inactive | 1:active',
  `ordinal` int(10) UNSIGNED DEFAULT NULL,
  `created_at` timestamp NULL DEFAULT NULL,
  `updated_at` timestamp NULL DEFAULT NULL,
  `deleted_at` timestamp NULL DEFAULT NULL
) ENGINE=InnoDB DEFAULT CHARSET=utf8mb4 COLLATE=utf8mb4_unicode_ci;

--
-- Dumping data for table `banners`
--

INSERT INTO `banners` (`id`, `image`, `title`, `description`, `status`, `ordinal`, `created_at`, `updated_at`, `deleted_at`) VALUES
(1, 'uploads/banner/1593875160-banner.jpeg', NULL, NULL, 1, 1, '2020-07-04 16:06:00', '2022-06-05 11:25:28', NULL),
(2, 'uploads/banner/1593876889-banner.jpg', 'Many Features', 'Ready to use for developing your project', 1, 3, '2020-07-04 16:08:49', '2022-05-25 04:17:48', NULL),
(3, 'uploads/banner/1593876115-banner.jpg', 'Support Maintenance Mode', NULL, 1, 2, '2020-07-04 16:21:55', '2022-05-25 04:17:47', NULL);

-- --------------------------------------------------------

--
-- Table structure for table `caos_bod_feedback`
--

CREATE TABLE `caos_bod_feedback` (
  `id` bigint(20) UNSIGNED NOT NULL,
  `caos_file_id` varchar(191) COLLATE utf8mb4_unicode_ci NOT NULL,
  `remarks` varchar(191) COLLATE utf8mb4_unicode_ci NOT NULL,
  `debit_allow` tinyint(1) NOT NULL DEFAULT 1 COMMENT '2:Not Allow | 3:Allow',
  `document_checked` tinyint(1) NOT NULL DEFAULT 1 COMMENT '2:Not Checked | 3:Checked',
  `created_at` timestamp NULL DEFAULT NULL,
  `updated_at` timestamp NULL DEFAULT NULL,
  `deleted_at` timestamp NULL DEFAULT NULL
) ENGINE=InnoDB DEFAULT CHARSET=utf8mb4 COLLATE=utf8mb4_unicode_ci;

--
-- Dumping data for table `caos_bod_feedback`
--

INSERT INTO `caos_bod_feedback` (`id`, `caos_file_id`, `remarks`, `debit_allow`, `document_checked`, `created_at`, `updated_at`, `deleted_at`) VALUES
(17, '31', 'DONE.', 3, 3, '2022-08-10 04:16:32', '2022-09-01 08:27:01', NULL),
(18, '38', 'Incomplete FATCA & last page AOF. Missing seal in A/C holder & nominee photo. Cheque book requisition slip , CPV , income declaration ,utility bill ,KYC , terms & condition required.', 1, 2, '2022-08-11 05:18:43', '2022-08-31 03:53:38', NULL),
(19, '36', 'Done', 3, 3, '2022-08-11 06:10:07', '2022-08-11 06:10:07', NULL),
(20, '34', 'Done', 3, 3, '2022-08-11 07:01:50', '2022-08-11 07:01:50', NULL),
(21, '33', 'Done', 3, 3, '2022-08-11 07:27:03', '2022-08-11 07:27:03', NULL),
(22, '40', 'done', 3, 3, '2022-08-11 07:32:52', '2022-08-23 08:08:04', NULL),
(23, '32', 'CLOSE(BRANCH)', 3, 3, '2022-08-11 07:56:47', '2022-09-08 04:17:01', NULL),
(24, '30', 'done', 3, 3, '2022-08-11 08:00:30', '2022-08-16 09:51:01', NULL),
(25, '42', 'DONE', 3, 3, '2022-08-11 08:15:51', '2022-08-11 08:15:51', NULL),
(26, '41', 'Please send us (check book requsition no signature varify, photo varify sill, kyc,terms & condition, income declearation, cpv, utility bill)', 1, 2, '2022-08-11 08:27:08', '2022-09-12 08:49:11', NULL),
(27, '43', 'Done', 3, 3, '2022-08-11 08:46:30', '2022-08-16 06:03:06', NULL),
(28, '53', 'All document & AOF  are missing .', 1, 2, '2022-08-14 04:11:03', '2022-09-12 08:50:29', NULL),
(29, '45', 'Done', 3, 3, '2022-08-14 05:26:58', '2022-08-16 11:57:46', NULL),
(30, '51', 'Incomplete AOF- signature and seal of authorize person and cutting confirmation required.\r\n\r\nRequired- KYC,FATCA,UN SANCTIONS,TERMS AND CONDITIONS,CPV.', 1, 2, '2022-08-14 05:47:46', '2022-08-30 05:40:20', NULL),
(31, '50', 'DONE.', 3, 3, '2022-08-14 07:18:26', '2022-08-31 04:49:53', NULL),
(32, '46', 'DONE.', 3, 3, '2022-08-14 08:25:08', '2022-08-30 06:33:58', NULL),
(33, '48', 'DONE.', 3, 3, '2022-08-14 10:31:50', '2022-08-29 10:47:25', NULL),
(34, '57', 'DONE.', 3, 3, '2022-08-14 12:03:39', '2022-08-31 08:07:22', NULL),
(35, '54', 'done', 3, 3, '2022-08-14 12:28:04', '2022-08-29 10:11:07', NULL),
(36, '49', 'done', 3, 3, '2022-08-16 04:14:10', '2022-08-16 04:14:10', NULL),
(37, '65', 'Please, provide us letter of introduction of customer.\r\nincome declaration need to specify 2 income source details:\r\n*from practice. \r\n*from clinic.', 1, 2, '2022-08-16 04:51:53', '2022-08-16 07:48:57', NULL),
(38, '66', 'Income declaration letter (HOB /BOM SEAL & SIGN),AOF & KYC profile form mismatch (source of fund) required', 1, 2, '2022-08-16 05:22:33', '2022-09-05 05:58:29', NULL),
(39, '61', 'CPV or  Utility Bill, Manager sill,Incomplete check requisition please correct it with authorize person signature.As soon as possible.', 1, 2, '2022-08-16 05:24:17', '2022-08-16 05:24:17', NULL),
(40, '59', 'KYC-correction serial number 09(1st page). O/S seal required (authorize person)', 1, 2, '2022-08-16 05:45:17', '2022-09-19 09:48:32', NULL),
(41, '60', '*Signature Card-HOB/BOM seal missing. *AOF- incomplete 2nd page and 3rd page. *FATCA incomplete. *Beneficial owner nd CPV required. New KYC form required.', 1, 2, '2022-08-16 05:53:41', '2022-09-21 07:56:38', NULL),
(42, '56', 'Done', 3, 3, '2022-08-16 06:01:41', '2022-08-16 06:01:41', NULL),
(43, '39', 'done', 3, 3, '2022-08-16 06:18:27', '2022-08-16 07:17:04', NULL),
(44, '62', 'DPS DONE', 3, 3, '2022-08-16 08:56:40', '2022-08-17 06:48:02', NULL),
(45, '64', 'FDR DONE', 3, 3, '2022-08-16 08:58:18', '2022-08-28 09:03:19', NULL),
(46, '55', 'done', 3, 3, '2022-08-16 09:01:29', '2022-08-31 09:07:29', NULL),
(47, '67', 'Done', 3, 3, '2022-08-16 11:11:48', '2022-08-23 08:06:23', NULL),
(48, '70', 'DONE.', 3, 3, '2022-08-16 11:18:53', '2022-09-04 05:11:53', NULL),
(49, '69', 'KYC-9 NO-Incomplete. Mention the nature of business.', 1, 2, '2022-08-16 11:49:41', '2022-09-14 06:18:26', NULL),
(50, '71', 'done', 3, 3, '2022-08-16 11:59:51', '2022-08-24 11:11:18', NULL),
(51, '74', 'DONE', 3, 3, '2022-08-17 04:20:54', '2022-09-19 10:30:44', NULL),
(52, '73', 'please provide us account holder round seal missing(signature card), Nominee\'s round seal missing, AOF page type of account incorrect, utility \r\nbill / PVC form, declaration of source of inco', 1, 2, '2022-08-17 05:01:50', '2022-08-17 05:01:50', NULL),
(53, '75', 'done', 3, 3, '2022-08-17 05:26:19', '2022-08-21 09:16:41', NULL),
(54, '63', 'FDR DONE', 3, 3, '2022-08-17 06:42:02', '2022-08-17 06:42:02', NULL),
(55, '58', 'DPS DONE', 3, 3, '2022-08-17 07:05:42', '2022-08-23 03:15:19', NULL),
(56, '76', 'Done', 3, 3, '2022-08-17 07:08:32', '2022-08-21 07:18:38', NULL),
(57, '77', 'A/C. NUMBER & MANE MISMATCH', 1, 2, '2022-08-17 07:36:58', '2022-09-19 07:41:21', NULL),
(58, '78', 'Done', 3, 3, '2022-08-17 08:55:31', '2022-09-04 04:57:08', NULL),
(59, '79', 'Signature Card-\r\nHOB/BOM signature and seal missing.\r\nAOF-\r\nsome sector are incomplete. \r\nCheque requisition-\r\nauthorize signature and seal missing.\r\nInternet Banking Form-\r\nHOB/BOM and offic', 1, 2, '2022-08-17 10:04:44', '2022-08-17 10:04:44', NULL),
(60, '81', 'Please provide us signature card date & seal missing, FATCA incomplete, declaration of source of income.\r\n\r\nplease provide soon', 1, 2, '2022-08-17 10:43:21', '2022-08-17 10:43:21', NULL),
(61, '91', 'DPS DONE', 3, 3, '2022-08-21 11:31:37', '2022-08-21 11:31:37', NULL),
(62, '89', 'DPS ALL DOCUMENTS DONE', 3, 3, '2022-08-21 11:38:55', '2022-08-21 11:38:55', NULL),
(63, '92', 'DPS DONE', 3, 3, '2022-08-21 11:47:05', '2022-08-21 11:47:05', NULL),
(64, '87', 'Done', 3, 3, '2022-08-21 11:52:34', '2022-09-19 04:39:12', NULL),
(65, '88', 'DPS DONE', 3, 3, '2022-08-21 11:59:53', '2022-08-21 11:59:53', NULL),
(66, '93', 'DONE', 3, 3, '2022-08-21 12:34:07', '2022-09-19 09:12:22', NULL),
(67, '94', 'Terms & conditions required.', 1, 2, '2022-08-22 04:51:22', '2022-08-29 09:38:05', NULL),
(68, '95', 'done', 3, 3, '2022-08-22 05:00:19', '2022-08-24 09:37:58', NULL),
(69, '85', 'AOF 1st page- source of fund req., NID authorize person seal req. KYC profile form source of income fill up(serial no.09) required', 1, 2, '2022-08-22 05:17:01', '2022-09-15 06:45:15', NULL),
(70, '90', 'DPS DONE', 3, 3, '2022-08-22 05:31:18', '2022-08-22 05:31:18', NULL),
(71, '82', 'Done', 3, 3, '2022-08-22 06:33:30', '2022-09-15 09:58:07', NULL),
(72, '86', 'Signature card - seal & sign missing (HOB/BOM)\r\nFirst & last page of AOF incomplete\r\nFatca & KYC incomplete\r\nCPV , utility bill & income declaration missing', 1, 2, '2022-08-22 06:49:52', '2022-08-22 06:49:52', NULL),
(73, '80', 'DONE', 3, 3, '2022-08-22 07:24:57', '2022-08-23 06:03:04', NULL),
(74, '83', 'KYC fillup correctly.', 1, 2, '2022-08-22 07:44:54', '2022-09-22 05:07:04', NULL),
(75, '99', 'FDR DONE', 3, 3, '2022-08-22 07:54:41', '2022-08-25 02:00:11', NULL),
(76, '52', 'DONE.', 3, 3, '2022-08-22 08:07:01', '2022-09-06 10:47:37', NULL),
(77, '101', 'Done', 3, 3, '2022-08-22 11:03:16', '2022-09-18 04:11:41', NULL),
(78, '103', 'Done', 3, 3, '2022-08-22 11:14:15', '2022-09-18 03:50:46', NULL),
(79, '106', 'FDR DONE', 3, 3, '2022-08-23 03:38:18', '2022-08-23 03:38:18', NULL),
(80, '102', 'Income Declaration letter, New KYC profile form required.', 1, 2, '2022-08-23 04:20:49', '2022-09-21 03:31:26', NULL),
(81, '112', 'Trade License (valid)', 1, 2, '2022-08-23 05:00:32', '2022-08-23 05:00:32', NULL),
(82, '109', 'signature card- HOB/BOM SEAL& SIGN, A/C holder round seal, admitted seal req., new KYC profile form req. AOF - A/C holder source of income(1st page), income declaration letter, beneficial own', 1, 2, '2022-08-23 05:13:29', '2022-09-19 10:13:06', NULL),
(83, '110', 'Done', 3, 3, '2022-08-23 05:50:16', '2022-09-05 07:10:00', NULL),
(84, '98', 'DONE', 3, 3, '2022-08-23 05:58:23', '2022-08-23 05:58:50', NULL),
(85, '115', 'done', 3, 3, '2022-08-23 10:17:07', '2022-08-23 10:17:07', NULL),
(86, '84', 'CPV and Utility bill missing.\r\nRescan AOF, FATCA incomplete.\r\nEmployee ID required.(service holder)', 1, 2, '2022-08-23 10:18:03', '2022-08-23 10:18:03', NULL),
(87, '100', 'done', 3, 3, '2022-08-23 10:25:05', '2022-08-23 10:25:05', NULL),
(88, '122', 'DONE', 3, 3, '2022-08-23 11:27:46', '2022-09-05 04:58:39', NULL),
(89, '121', 'DPS DONE', 3, 3, '2022-08-23 11:52:13', '2022-08-23 11:52:13', NULL),
(90, '96', 'FDR DONE.', 3, 3, '2022-08-23 12:07:40', '2022-08-23 12:07:40', NULL),
(91, '127', 'FDR DONE', 3, 3, '2022-08-24 02:31:58', '2022-08-24 02:31:58', NULL),
(92, '114', 'done', 3, 3, '2022-08-24 04:09:25', '2022-08-25 04:14:13', NULL),
(93, '134', 'DPS DONE', 3, 3, '2022-08-24 05:26:03', '2022-08-24 05:26:03', NULL),
(94, '132', 'Done', 3, 3, '2022-08-24 05:54:59', '2022-08-31 09:22:24', NULL),
(95, '125', 'DONE', 3, 3, '2022-08-24 06:22:12', '2022-09-04 11:05:03', NULL),
(96, '68', 'DONE.', 3, 3, '2022-08-24 06:41:43', '2022-09-06 06:47:27', NULL),
(97, '131', 'Signature card-HOB/BOM seal and signature required, FATCA incomplete , Trade License (customer) and CPV required. AOF some sector are incomplete (2nd page).', 1, 2, '2022-08-24 07:09:03', '2022-08-31 05:27:08', NULL),
(98, '137', 'DONE', 3, 3, '2022-08-24 07:47:41', '2022-09-04 06:06:37', NULL),
(99, '97', 'DPS DONE', 3, 3, '2022-08-24 07:54:27', '2022-08-24 07:54:27', NULL),
(100, '133', 'FDR DONE', 3, 3, '2022-08-24 07:55:39', '2022-08-24 07:55:39', NULL),
(101, '140', 'FDR Done', 3, 3, '2022-08-24 08:17:31', '2022-08-30 04:41:09', NULL),
(102, '116', 'Done', 3, 3, '2022-08-24 11:01:56', '2022-08-24 11:01:56', NULL),
(103, '123', 'DONE.', 3, 3, '2022-08-24 11:08:58', '2022-08-30 11:11:53', NULL),
(104, '117', 'Terms & condition required.', 1, 2, '2022-08-25 03:57:08', '2022-08-25 03:57:08', NULL),
(105, '119', 'Terms & condition required.', 1, 2, '2022-08-25 03:59:37', '2022-08-25 03:59:37', NULL),
(106, '148', 'DONE', 3, 3, '2022-08-25 04:06:38', '2022-09-12 04:25:27', NULL),
(107, '143', 'done', 3, 3, '2022-08-25 08:34:28', '2022-08-25 08:34:28', NULL),
(108, '152', 'DONE', 3, 3, '2022-08-25 08:38:26', '2022-08-25 11:47:58', NULL),
(109, '129', 'DONE.', 3, 3, '2022-08-25 08:50:32', '2022-09-04 05:33:36', NULL),
(110, '145', 'done', 3, 3, '2022-08-25 10:07:33', '2022-08-25 10:07:33', NULL),
(111, '130', 'Done', 3, 3, '2022-08-25 10:09:42', '2022-08-25 10:09:42', NULL),
(112, '128', 'Done', 3, 3, '2022-08-25 10:10:26', '2022-08-25 10:10:26', NULL),
(113, '136', 'Done', 3, 3, '2022-08-25 10:11:20', '2022-08-25 10:11:20', NULL),
(114, '146', 'Done', 3, 3, '2022-08-25 10:19:18', '2022-08-25 10:19:18', NULL),
(115, '156', 'done', 3, 3, '2022-08-25 10:29:51', '2022-08-25 10:29:51', NULL),
(116, '138', 'A/C holder photo required.', 1, 2, '2022-08-25 10:37:06', '2022-08-25 10:37:06', NULL),
(117, '120', 'Done', 3, 3, '2022-08-25 10:48:52', '2022-08-25 10:48:52', NULL),
(118, '111', 'Done', 3, 3, '2022-08-25 10:52:57', '2022-08-25 10:52:57', NULL),
(119, '157', 'done', 3, 3, '2022-08-25 11:01:40', '2022-08-25 11:01:40', NULL),
(120, '162', 'DPS DONE', 3, 3, '2022-08-28 03:38:42', '2022-08-28 03:38:42', NULL),
(121, '160', 'Nominee online birth certificate require where nominee photo attested by ward commissioner or chairman with seal & sign & introducer information, new KYC profile form & CPV required', 1, 2, '2022-08-28 04:23:40', '2022-09-12 06:20:37', NULL),
(122, '163', 'DONE.', 3, 3, '2022-08-28 04:38:02', '2022-08-30 05:37:08', NULL),
(123, '158', 'Done', 3, 3, '2022-08-28 04:46:15', '2022-08-30 04:41:24', NULL),
(124, '159', 'Signature card-BOM/HOB seal & sign required.', 1, 2, '2022-08-28 05:08:11', '2022-08-28 05:08:11', NULL),
(125, '155', 'DONE', 3, 3, '2022-08-28 05:19:33', '2022-09-04 11:05:46', NULL),
(126, '166', 'DONE', 3, 3, '2022-08-28 06:38:57', '2022-08-28 06:38:57', NULL),
(127, '165', 'Done', 3, 3, '2022-08-28 06:42:43', '2022-09-19 04:12:04', NULL),
(128, '167', 'TIN Certificate and Land sale receipt required.', 1, 2, '2022-08-28 07:13:32', '2022-08-28 07:13:32', NULL),
(129, '141', 'DONE.', 3, 3, '2022-08-28 08:57:10', '2022-08-28 08:57:10', NULL),
(130, '161', 'FDR DONE', 3, 3, '2022-08-28 09:31:21', '2022-08-28 09:31:21', NULL),
(131, '175', 'cutting confirmation required and account number mismatch in (DAS)', 1, 2, '2022-08-28 09:46:41', '2022-08-28 09:46:41', NULL),
(132, '153', 'DONE.', 3, 3, '2022-08-28 09:46:55', '2022-08-30 05:09:11', NULL),
(133, '171', 'DONE.', 3, 3, '2022-08-28 10:16:04', '2022-08-30 11:14:54', NULL),
(134, '135', 'DONE', 3, 3, '2022-08-28 10:30:13', '2022-08-31 03:23:08', NULL),
(135, '177', 'FDR DONE', 3, 3, '2022-08-28 10:35:35', '2022-08-28 10:35:35', NULL),
(136, '104', 'DONE', 3, 3, '2022-08-28 11:05:12', '2022-08-28 11:05:12', NULL),
(137, '170', 'Done', 3, 3, '2022-08-28 11:20:15', '2022-08-30 06:33:21', NULL),
(138, '183', 'DONE', 3, 3, '2022-08-29 03:04:43', '2022-08-29 10:57:04', NULL),
(139, '186', 'Done', 3, 3, '2022-08-29 04:06:18', '2022-08-29 04:06:18', NULL),
(140, '187', 'Done', 3, 3, '2022-08-29 04:18:44', '2022-08-30 07:25:47', NULL),
(141, '185', 'Done', 3, 3, '2022-08-29 05:04:02', '2022-08-29 05:04:02', NULL),
(142, '182', '*Nominee- Birth certificate photo required(attested by councilor) *Income declaration- mention organization name and designation.', 1, 2, '2022-08-29 05:13:21', '2022-09-14 06:29:07', NULL),
(143, '174', 'DPS DONE.', 3, 3, '2022-08-29 05:28:56', '2022-08-29 05:28:56', NULL),
(144, '173', 'DPS DONE.', 3, 3, '2022-08-29 05:35:47', '2022-08-29 05:35:47', NULL),
(145, '184', 'Done', 3, 3, '2022-08-29 06:09:30', '2022-08-29 06:09:30', NULL),
(146, '176', 'Done', 3, 3, '2022-08-29 06:14:56', '2022-08-29 06:14:56', NULL),
(147, '164', 'FDR DONE.', 3, 3, '2022-08-29 06:29:51', '2022-08-29 06:29:51', NULL),
(148, '151', 'FDR DONE.', 3, 3, '2022-08-29 06:33:54', '2022-08-29 06:33:54', NULL),
(149, '139', 'MIS DONE.', 3, 3, '2022-08-29 06:38:36', '2022-08-29 06:38:36', NULL),
(150, '191', 'DONE.', 3, 3, '2022-08-29 07:11:23', '2022-08-30 11:13:46', NULL),
(151, '180', 'Done', 3, 3, '2022-08-29 07:47:17', '2022-08-29 07:47:17', NULL),
(152, '197', 'FDR DONE.', 3, 3, '2022-08-29 08:03:18', '2022-08-29 08:03:18', NULL),
(153, '196', 'MIS DONE.', 3, 3, '2022-08-29 08:09:36', '2022-08-29 08:09:36', NULL),
(154, '195', 'MIS DONE.', 3, 3, '2022-08-29 08:11:38', '2022-08-29 08:11:38', NULL),
(155, '144', 'Beneficial Owner Required, KYC sign &seal Incomplete.', 1, 2, '2022-08-29 08:13:37', '2022-08-29 08:13:37', NULL),
(156, '189', 'TP incomplete. Benificial owner required . Recent & Clear A/C holder photo required.', 1, 2, '2022-08-29 08:27:05', '2022-08-29 08:27:05', NULL),
(157, '190', 'done', 3, 3, '2022-08-29 08:42:05', '2022-08-29 08:42:05', NULL),
(158, '198', 'DONE', 3, 3, '2022-08-29 09:19:35', '2022-08-30 05:29:17', NULL),
(159, '108', 'DONE', 3, 3, '2022-08-29 09:35:56', '2022-09-19 06:27:45', NULL),
(160, '113', 'Terms & conditions and income declaration required.', 1, 2, '2022-08-29 09:37:30', '2022-08-29 09:37:30', NULL),
(161, '149', 'FDR DONE.', 3, 3, '2022-08-29 09:42:01', '2022-08-29 09:42:01', NULL),
(162, '192', 'Done', 3, 3, '2022-08-29 09:47:09', '2022-08-29 09:47:09', NULL),
(163, '150', 'FDR DONE.', 3, 3, '2022-08-29 09:48:01', '2022-08-29 09:48:01', NULL),
(164, '107', 'FDR DONE', 3, 3, '2022-08-29 09:49:26', '2022-08-30 04:16:06', NULL),
(165, '199', 'FDR DONE.', 3, 3, '2022-08-29 09:56:52', '2022-08-31 07:05:04', NULL),
(166, '154', 'DONE', 3, 3, '2022-08-29 10:17:36', '2022-09-11 06:17:39', NULL),
(167, '194', 'Trade License required , Mention nature of Business in income declaration.', 1, 2, '2022-08-29 10:34:44', '2022-09-01 08:33:54', NULL),
(168, '147', 'DONE', 3, 3, '2022-08-29 10:41:14', '2022-08-29 10:41:14', NULL),
(169, '105', 'DONE.', 3, 3, '2022-08-29 10:41:41', '2022-08-29 10:41:41', NULL),
(170, '126', 'DONE.', 3, 3, '2022-08-29 10:46:52', '2022-08-29 10:46:52', NULL),
(171, '168', 'Done', 3, 3, '2022-08-29 10:57:00', '2022-09-01 03:31:36', NULL),
(172, '193', 'Done', 3, 3, '2022-08-29 11:10:49', '2022-08-31 07:01:27', NULL),
(173, '172', 'DPS Done.', 3, 3, '2022-08-30 04:23:33', '2022-08-30 04:23:33', NULL),
(174, '202', 'Done', 3, 3, '2022-08-30 04:24:30', '2022-09-06 08:02:05', NULL),
(175, '118', 'FDR Done', 3, 3, '2022-08-30 04:48:03', '2022-08-30 04:48:03', NULL),
(176, '142', 'DONE.', 3, 3, '2022-08-30 05:34:39', '2022-08-30 05:34:39', NULL),
(177, '169', 'DONE.', 3, 3, '2022-08-30 06:00:10', '2022-08-30 06:00:10', NULL),
(178, '179', 'DONE.', 3, 3, '2022-08-30 06:28:41', '2022-08-30 11:12:42', NULL),
(179, '203', 'Done', 3, 3, '2022-08-30 06:37:29', '2022-09-04 09:02:52', NULL),
(180, '124', 'Done', 3, 3, '2022-08-30 06:41:10', '2022-08-31 03:42:32', NULL),
(181, '204', '*Signature Card- HOB/BOM seal and signature required. *AOF- a/c holder photo required and FATCA incomplete, admitted signature seal required . *CPV and Trade License Required.\r\n\r\nCheque Requi', 1, 2, '2022-08-30 07:12:15', '2022-09-05 10:15:47', NULL),
(182, '201', 'Done', 3, 3, '2022-08-30 08:16:01', '2022-08-30 08:16:01', NULL),
(183, '205', 'DPS DONE', 3, 3, '2022-08-30 08:35:28', '2022-08-30 08:35:28', NULL),
(184, '178', 'DONE.', 3, 3, '2022-08-30 09:27:02', '2022-09-13 10:05:11', NULL),
(185, '208', 'DONE', 3, 3, '2022-08-30 10:07:45', '2022-09-06 10:49:44', NULL),
(186, '181', 'Done', 3, 3, '2022-08-30 10:20:05', '2022-08-30 10:20:05', NULL),
(187, '209', 'Done', 3, 3, '2022-08-30 10:43:22', '2022-08-30 10:43:22', NULL),
(188, '188', 'Registration number, Date and issuing authority & country req in account opening form, Board Resolution require, Certificate of Incorporation require, Form XII require, Company KYC require, L', 1, 2, '2022-08-30 11:14:16', '2022-09-20 06:35:03', NULL),
(189, '200', 'DONE.', 3, 3, '2022-08-30 11:14:19', '2022-08-30 11:14:19', NULL),
(190, '219', 'FDR DONE.', 3, 3, '2022-08-31 03:31:00', '2022-08-31 03:31:00', NULL),
(191, '218', 'FDR DONE.', 3, 3, '2022-08-31 03:35:57', '2022-08-31 03:35:57', NULL),
(192, '215', 'DPS DONE.', 3, 3, '2022-08-31 03:38:30', '2022-08-31 03:38:30', NULL),
(193, '220', 'DPS DONE', 3, 3, '2022-08-31 03:42:06', '2022-08-31 03:42:06', NULL),
(194, '217', 'FDR-last page incomplete.', 1, 2, '2022-08-31 03:44:43', '2022-09-07 07:04:28', NULL),
(195, '211', 'DONE.', 3, 3, '2022-08-31 04:20:26', '2022-09-07 09:15:23', NULL),
(196, '216', 'Done', 3, 3, '2022-08-31 04:24:34', '2022-09-12 06:16:19', NULL),
(197, '213', 'Nominee photo seal  & nominee page in AOF signature admitted seal required. Last page in KYC HOB seal & sign missing. Beneficial owner need correction.', 1, 2, '2022-08-31 05:05:03', '2022-08-31 05:05:03', NULL),
(198, '226', 'Done', 3, 3, '2022-08-31 05:23:42', '2022-09-04 09:24:00', NULL),
(199, '212', 'DONE.', 3, 3, '2022-08-31 05:27:20', '2022-09-07 10:36:30', NULL),
(200, '225', 'DONE', 3, 3, '2022-08-31 05:41:35', '2022-09-08 09:19:39', NULL),
(201, '227', 'done', 3, 3, '2022-08-31 06:28:10', '2022-08-31 06:28:10', NULL),
(202, '230', 'DONE', 3, 3, '2022-08-31 06:36:40', '2022-09-06 10:50:41', NULL),
(203, '229', 'Done', 3, 3, '2022-08-31 06:43:39', '2022-08-31 06:43:39', NULL),
(204, '232', 'FDR done', 3, 3, '2022-08-31 06:52:59', '2022-08-31 06:52:59', NULL),
(205, '231', 'FDR DONE.', 3, 3, '2022-08-31 07:03:23', '2022-08-31 07:05:56', NULL),
(206, '228', 'DONE.', 3, 3, '2022-08-31 07:50:30', '2022-08-31 07:50:30', NULL),
(207, '224', 'KYC- Correction required 9 number(1st page).', 1, 2, '2022-08-31 07:56:42', '2022-09-19 11:17:57', NULL),
(208, '241', 'FDR DONE.', 3, 3, '2022-08-31 08:00:03', '2022-08-31 08:00:03', NULL),
(209, '240', 'FDR DONE.', 3, 3, '2022-08-31 08:01:00', '2022-08-31 08:01:00', NULL),
(210, '233', 'Done', 3, 3, '2022-08-31 08:18:42', '2022-09-01 07:11:54', NULL),
(211, '239', 'Done', 3, 3, '2022-08-31 08:27:00', '2022-09-01 10:20:57', NULL),
(212, '207', 'DONE', 3, 3, '2022-08-31 08:27:42', '2022-08-31 08:27:42', NULL),
(213, '206', 'DONE', 3, 3, '2022-08-31 08:29:19', '2022-08-31 08:29:19', NULL),
(214, '242', 'DONE', 3, 3, '2022-08-31 08:52:14', '2022-08-31 08:52:14', NULL),
(215, '243', 'DONE', 3, 3, '2022-08-31 08:52:52', '2022-08-31 08:52:52', NULL),
(216, '223', '*AOF-some sector are incomplete and cutting confirmation required(2nd page).FATCA ,Number(3rd page) and last page incomplete.*Income declaration-mention nature of business or trade license.', 1, 2, '2022-08-31 09:01:21', '2022-08-31 09:01:21', NULL),
(217, '244', 'DONE', 3, 3, '2022-08-31 09:07:34', '2022-08-31 09:07:34', NULL),
(218, '247', 'DONE', 3, 3, '2022-08-31 09:16:03', '2022-08-31 09:16:03', NULL),
(219, '245', 'DONE', 3, 3, '2022-08-31 09:17:05', '2022-08-31 09:17:05', NULL),
(220, '246', 'DONE', 3, 3, '2022-08-31 09:17:51', '2022-08-31 09:17:51', NULL),
(221, '238', 'FDR DONE.', 3, 3, '2022-08-31 09:28:03', '2022-08-31 09:28:03', NULL),
(222, '236', 'FDR DONE.', 3, 3, '2022-08-31 09:28:42', '2022-08-31 09:28:42', NULL),
(223, '235', 'DONE.', 3, 3, '2022-08-31 09:38:55', '2022-08-31 09:38:55', NULL),
(224, '248', 'DPS Done', 3, 3, '2022-08-31 09:39:51', '2022-08-31 09:39:51', NULL),
(225, '234', 'DONE.', 3, 3, '2022-08-31 09:41:10', '2022-09-05 07:20:48', NULL),
(226, '249', 'DONE', 3, 3, '2022-08-31 10:00:47', '2022-08-31 10:00:47', NULL),
(227, '256', 'DPS DONE', 3, 3, '2022-08-31 10:01:32', '2022-09-01 09:31:34', NULL),
(228, '261', 'FDR DONE.', 3, 3, '2022-08-31 10:12:31', '2022-08-31 10:12:31', NULL),
(229, '263', 'DPS DONE.', 3, 3, '2022-08-31 10:17:39', '2022-08-31 10:17:39', NULL),
(230, '265', 'DPS DONE.', 3, 3, '2022-08-31 10:19:41', '2022-09-13 09:50:39', NULL),
(231, '255', 'DONE', 3, 3, '2022-08-31 10:20:00', '2022-08-31 10:20:00', NULL),
(232, '260', 'DONE', 3, 3, '2022-08-31 10:20:33', '2022-08-31 10:20:33', NULL),
(233, '264', 'DPS DONE.', 3, 3, '2022-08-31 10:20:44', '2022-08-31 10:20:44', NULL),
(234, '259', 'FDR DONE', 3, 3, '2022-08-31 10:20:56', '2022-09-01 05:18:00', NULL),
(235, '237', 'DONE', 3, 3, '2022-08-31 10:21:03', '2022-08-31 10:21:03', NULL),
(236, '262', 'DPS DONE.', 3, 3, '2022-08-31 10:21:41', '2022-08-31 10:21:41', NULL),
(237, '253', 'DONE', 3, 3, '2022-08-31 10:21:47', '2022-08-31 10:21:47', NULL),
(238, '266', 'FDR DONE.', 3, 3, '2022-08-31 10:23:13', '2022-08-31 10:23:13', NULL),
(239, '257', 'DONE', 3, 3, '2022-08-31 10:23:49', '2022-08-31 10:23:49', NULL),
(240, '267', 'DONE', 3, 3, '2022-08-31 10:24:02', '2022-08-31 10:24:32', NULL),
(241, '268', 'FDR DONE', 3, 3, '2022-08-31 10:53:54', '2022-09-01 05:20:01', NULL),
(242, '270', 'FDR DONE', 3, 3, '2022-08-31 10:56:01', '2022-09-01 05:29:54', NULL),
(243, '222', 'Done', 3, 3, '2022-08-31 10:59:50', '2022-09-19 04:32:56', NULL),
(244, '272', 'DPS DONE.', 3, 3, '2022-08-31 11:14:09', '2022-08-31 11:14:09', NULL),
(245, '271', 'DONE', 3, 3, '2022-08-31 11:15:32', '2022-09-12 05:42:35', NULL),
(246, '214', 'DONE.', 3, 3, '2022-09-01 03:36:33', '2022-09-01 03:36:33', NULL),
(247, '258', 'CPV, Income declaration and Beneficial owner required .', 1, 2, '2022-09-01 04:58:40', '2022-09-01 04:58:40', NULL),
(248, '274', 'DONE.', 3, 3, '2022-09-01 06:11:59', '2022-09-07 10:33:41', NULL),
(249, '280', 'DONE', 3, 3, '2022-09-01 06:13:58', '2022-09-18 10:46:14', NULL),
(250, '275', 'DONE.', 3, 3, '2022-09-01 06:24:26', '2022-09-06 06:42:09', NULL),
(251, '281', 'DPS done', 3, 3, '2022-09-01 06:33:03', '2022-09-01 06:33:03', NULL),
(252, '279', 'done', 3, 3, '2022-09-01 06:45:21', '2022-09-06 05:17:49', NULL),
(253, '282', 'Signature card photo round seal missing. UN sanction & Last page of AOF HOB Seal & sign  required.', 1, 2, '2022-09-01 06:55:05', '2022-09-01 06:55:05', NULL),
(254, '278', 'DONE', 3, 3, '2022-09-01 07:52:10', '2022-09-01 07:52:10', NULL),
(255, '273', '*AOF-3rd page *FATCA incomplete .', 1, 2, '2022-09-01 08:53:45', '2022-09-01 08:53:45', NULL),
(256, '250', 'Done', 3, 3, '2022-09-01 08:54:40', '2022-09-01 08:54:40', NULL),
(257, '286', 'DPS DONE', 3, 3, '2022-09-01 08:59:49', '2022-09-01 08:59:49', NULL),
(258, '269', 'DONE', 3, 3, '2022-09-01 09:25:51', '2022-09-01 09:25:51', NULL),
(259, '284', 'DONE', 3, 3, '2022-09-01 09:37:27', '2022-09-08 09:19:16', NULL),
(260, '295', 'MIS DONE.', 3, 3, '2022-09-01 10:23:58', '2022-09-01 10:23:58', NULL),
(261, '297', 'MIS DONE.', 3, 3, '2022-09-01 10:25:10', '2022-09-01 10:25:10', NULL),
(262, '296', 'MIS DONE.', 3, 3, '2022-09-01 10:26:05', '2022-09-01 10:26:05', NULL),
(263, '294', 'DPS DONE.', 3, 3, '2022-09-01 10:27:54', '2022-09-01 10:27:54', NULL),
(264, '251', 'Done', 3, 3, '2022-09-01 10:28:59', '2022-09-01 10:28:59', NULL),
(265, '293', 'DPS DONE.', 3, 3, '2022-09-01 10:29:20', '2022-09-01 10:29:20', NULL),
(266, '292', 'FDR DONE.', 3, 3, '2022-09-01 10:31:01', '2022-09-01 10:31:01', NULL),
(267, '290', 'FDR DONE.', 3, 3, '2022-09-01 10:31:32', '2022-09-01 10:31:32', NULL),
(268, '289', 'FDR DONE.', 3, 3, '2022-09-01 10:31:59', '2022-09-01 10:31:59', NULL),
(269, '288', 'FDR DONE.', 3, 3, '2022-09-01 10:32:28', '2022-09-01 10:32:28', NULL),
(270, '298', 'Done', 3, 3, '2022-09-01 10:49:13', '2022-09-01 10:49:13', NULL),
(271, '291', 'Done', 3, 3, '2022-09-04 04:04:39', '2022-09-05 10:32:53', NULL),
(272, '299', 'DONE', 3, 3, '2022-09-04 04:06:11', '2022-09-12 08:16:54', NULL),
(273, '300', 'DONE', 3, 3, '2022-09-04 04:07:29', '2022-09-04 04:07:29', NULL),
(274, '210', '*Signature card-HOB/BOM seal and signature required. *AOF-FATCA Incomplete and Admitted signature required.*Income declaration and Employee id required. *Cheque requisition -authorize person ', 1, 2, '2022-09-04 05:09:59', '2022-09-04 05:09:59', NULL),
(275, '283', 'DONE.', 3, 3, '2022-09-04 05:47:39', '2022-09-04 05:47:39', NULL),
(276, '252', 'Done', 3, 3, '2022-09-04 06:34:58', '2022-09-04 06:34:58', NULL),
(277, '313', 'FDR DONE', 3, 3, '2022-09-04 08:45:39', '2022-09-04 08:45:39', NULL),
(278, '285', 'DONE.', 3, 3, '2022-09-04 09:00:52', '2022-09-05 10:53:35', NULL),
(279, '304', 'DONE', 3, 3, '2022-09-04 09:11:48', '2022-09-08 06:42:25', NULL),
(280, '310', 'DONE', 3, 3, '2022-09-04 09:19:34', '2022-09-08 06:42:55', NULL),
(281, '302', 'DONE', 3, 3, '2022-09-04 09:37:29', '2022-09-07 05:46:45', NULL),
(282, '301', 'Done', 3, 3, '2022-09-04 09:51:16', '2022-09-04 09:51:16', NULL),
(283, '276', 'DONE', 3, 3, '2022-09-04 10:03:27', '2022-09-04 10:03:27', NULL),
(284, '306', 'Done', 3, 3, '2022-09-04 10:33:46', '2022-09-05 06:20:35', NULL),
(285, '315', 'FATCA Incomplete required.', 1, 2, '2022-09-04 11:03:25', '2022-09-04 11:03:25', NULL),
(286, '318', 'Signature card mismatch, CPV, Employee ID/Appointment Letter required', 1, 2, '2022-09-05 03:44:32', '2022-09-05 03:44:32', NULL),
(287, '316', 'CPV, Employee ID/Appointment letter', 1, 2, '2022-09-05 03:46:38', '2022-09-05 03:46:38', NULL),
(288, '317', 'CPV, Employee ID/Appointment Letter', 1, 2, '2022-09-05 03:51:27', '2022-09-05 03:51:27', NULL),
(289, '319', 'CPV, Employee ID/Appointment Letter required', 1, 2, '2022-09-05 03:55:08', '2022-09-05 03:55:08', NULL),
(290, '321', 'FDR Done.', 3, 3, '2022-09-05 04:16:11', '2022-09-05 04:16:11', NULL),
(291, '322', 'DPS DONE.', 3, 3, '2022-09-05 06:00:02', '2022-09-05 06:00:02', NULL),
(292, '307', 'Trade license required.', 1, 2, '2022-09-05 06:12:21', '2022-09-05 06:12:21', NULL),
(293, '254', 'Done', 3, 3, '2022-09-05 06:32:40', '2022-09-07 07:21:47', NULL),
(294, '324', 'DPS DONE', 3, 3, '2022-09-05 07:18:23', '2022-09-05 07:18:23', NULL),
(295, '287', 'DONE.', 3, 3, '2022-09-05 07:39:53', '2022-09-05 07:39:53', NULL),
(296, '329', 'MIS DONE', 3, 3, '2022-09-05 08:11:16', '2022-09-05 08:11:16', NULL),
(297, '326', 'TDS DONE', 3, 3, '2022-09-05 08:37:58', '2022-09-05 08:37:58', NULL),
(298, '327', 'FDR DONE', 3, 3, '2022-09-05 09:14:14', '2022-09-05 09:14:14', NULL),
(299, '325', 'FDR DONE', 3, 3, '2022-09-05 09:14:51', '2022-09-05 09:14:51', NULL),
(300, '221', 'Done', 3, 3, '2022-09-05 09:42:46', '2022-09-08 09:57:42', NULL),
(301, '328', 'Done', 3, 3, '2022-09-05 09:49:09', '2022-09-05 09:49:09', NULL),
(302, '311', 'Done', 3, 3, '2022-09-05 10:48:24', '2022-09-05 10:48:24', NULL),
(303, '337', 'Done', 3, 3, '2022-09-06 03:32:37', '2022-09-18 03:44:14', NULL),
(304, '336', 'DONE', 3, 3, '2022-09-06 03:46:04', '2022-09-15 11:00:27', NULL),
(305, '335', 'Done', 3, 3, '2022-09-06 04:30:34', '2022-09-06 04:30:34', NULL),
(306, '339', 'DPS DONE', 3, 3, '2022-09-06 04:44:54', '2022-09-06 04:44:54', NULL),
(307, '338', 'Done', 3, 3, '2022-09-06 05:00:22', '2022-09-13 08:05:34', NULL),
(308, '340', 'DONE', 3, 3, '2022-09-06 05:31:24', '2022-09-06 05:31:24', NULL),
(309, '341', 'Done', 3, 3, '2022-09-06 05:42:31', '2022-09-06 05:42:31', NULL),
(310, '334', 'done', 3, 3, '2022-09-06 06:00:13', '2022-09-06 06:00:13', NULL),
(311, '323', 'DONE.', 3, 3, '2022-09-06 06:27:22', '2022-09-06 06:27:22', NULL),
(312, '344', 'Done', 3, 3, '2022-09-06 06:35:08', '2022-09-06 06:35:08', NULL),
(313, '333', 'Done', 3, 3, '2022-09-06 06:35:56', '2022-09-06 06:35:56', NULL),
(314, '342', '*Signature card-HOB/HOB seal and signature required.*AOF-FATCA incomplete, admitted seal and HOB/HOB seal and signature required(3rd page),BOM/HOB seal and signature required (last page)*Trad', 1, 2, '2022-09-06 06:40:28', '2022-09-06 06:40:28', NULL),
(315, '345', '*Signature card-HOB/HOB seal and signature required.*AOF-FATCA incomplete, admitted seal and HOB/HOB seal and signature required(3rd page), Terms and condition form required. *UN sanction- se', 1, 2, '2022-09-06 06:51:19', '2022-09-06 06:51:19', NULL),
(316, '312', 'DONE', 3, 3, '2022-09-06 07:11:08', '2022-09-12 04:24:12', NULL),
(317, '331', 'DONE.', 3, 3, '2022-09-06 07:28:12', '2022-09-06 07:28:12', NULL),
(318, '343', '*Signature card-HOB/HOB seal and signature required.*AOF-FATCA incomplete, 2nd page incomplete, admitted seal and HOB/HOB seal and signature required(3rd page),*employee id required.', 1, 2, '2022-09-06 07:44:42', '2022-09-19 03:11:17', NULL),
(319, '355', 'DPS DONE', 3, 3, '2022-09-06 09:29:26', '2022-09-06 09:29:26', NULL),
(320, '360', 'DPS DONE.', 3, 3, '2022-09-06 09:31:29', '2022-09-06 09:31:29', NULL),
(321, '359', 'DPS DONE.', 3, 3, '2022-09-06 09:32:43', '2022-09-06 09:32:43', NULL),
(322, '356', 'DPS DONE', 3, 3, '2022-09-06 09:33:19', '2022-09-06 09:33:19', NULL),
(323, '358', 'FDR DONE', 3, 3, '2022-09-06 09:34:36', '2022-09-06 09:34:36', NULL),
(324, '361', 'DPS DONE', 3, 3, '2022-09-06 09:35:36', '2022-09-06 09:35:36', NULL),
(325, '357', 'FDR DONE', 3, 3, '2022-09-06 09:36:30', '2022-09-06 09:36:30', NULL),
(326, '349', 'done', 3, 3, '2022-09-06 10:01:07', '2022-09-06 10:01:07', NULL),
(327, '351', 'done', 3, 3, '2022-09-06 10:02:54', '2022-09-06 10:02:54', NULL),
(328, '363', 'DBS DONE', 3, 3, '2022-09-06 10:10:52', '2022-09-06 10:10:52', NULL),
(329, '362', 'FDR DONE', 3, 3, '2022-09-06 10:12:06', '2022-09-06 10:12:06', NULL),
(330, '350', 'DONE.', 3, 3, '2022-09-06 10:12:25', '2022-09-06 10:12:25', NULL),
(331, '364', 'DBS DONE', 3, 3, '2022-09-06 10:13:05', '2022-09-06 10:13:05', NULL),
(332, '347', 'DONE', 3, 3, '2022-09-06 10:36:50', '2022-09-06 10:36:50', NULL),
(333, '346', 'DONE', 3, 3, '2022-09-06 10:37:18', '2022-09-06 10:37:18', NULL),
(334, '353', '*Nominee Photo and trade license required.', 1, 2, '2022-09-06 10:38:06', '2022-09-06 10:38:06', NULL),
(335, '352', 'Done', 3, 3, '2022-09-06 10:54:40', '2022-09-06 10:54:40', NULL),
(336, '366', 'DONE', 3, 3, '2022-09-07 03:36:34', '2022-09-22 09:29:06', NULL),
(337, '373', 'DPS Done', 3, 3, '2022-09-07 05:11:41', '2022-09-07 05:11:41', NULL),
(338, '372', 'FDR DONE', 3, 3, '2022-09-07 05:26:56', '2022-09-07 05:26:56', NULL),
(339, '368', 'Done', 3, 3, '2022-09-07 05:44:31', '2022-09-07 05:44:31', NULL),
(340, '369', 'UN Sanctions required.', 1, 2, '2022-09-07 06:23:01', '2022-09-19 08:43:54', NULL),
(341, '378', 'FDR DONE.', 3, 3, '2022-09-07 06:24:45', '2022-09-07 06:24:45', NULL),
(342, '377', 'DPS DONE.', 3, 3, '2022-09-07 06:25:39', '2022-09-07 06:25:39', NULL),
(343, '374', 'DONE', 3, 3, '2022-09-07 06:35:34', '2022-09-12 10:47:33', NULL),
(344, '303', 'Trade license required .', 1, 2, '2022-09-07 07:07:00', '2022-09-07 07:07:00', NULL),
(345, '384', 'MIS DONE.', 3, 3, '2022-09-07 07:54:51', '2022-09-07 07:54:51', NULL),
(346, '382', 'FDR DONE.', 3, 3, '2022-09-07 07:56:08', '2022-09-07 07:56:08', NULL),
(347, '383', 'FDR DONE.', 3, 3, '2022-09-07 07:57:13', '2022-09-07 07:57:13', NULL),
(348, '305', 'Done', 3, 3, '2022-09-07 08:04:41', '2022-09-07 08:04:41', NULL),
(349, '354', '*Signature Card- HOB or BOM signature and seal required.*AOF-incomplete.*FATCA incomplete.*Cutting confirmation required. **Trade license, Partnership deed,UN sanction,KYC ,Terms & Conditions', 1, 2, '2022-09-07 08:21:40', '2022-09-12 10:16:54', NULL),
(350, '381', 'Done', 3, 3, '2022-09-07 08:26:03', '2022-09-07 08:26:03', NULL),
(351, '330', 'DONE', 3, 3, '2022-09-07 08:58:31', '2022-09-12 10:25:36', NULL),
(352, '387', 'DONE', 3, 3, '2022-09-07 10:32:03', '2022-09-07 10:32:03', NULL),
(353, '314', 'DONE.', 3, 3, '2022-09-07 10:32:36', '2022-09-07 10:32:36', NULL),
(354, '309', 'DONE.', 3, 3, '2022-09-07 10:33:12', '2022-09-07 10:33:12', NULL),
(355, '394', 'Signature card (BM/BOM SEAL) required, account holder online birth certificate require where customer photo attested by ward commissioner or chairman with seal & sign & introducer information', 1, 2, '2022-09-08 03:04:30', '2022-09-08 03:58:18', NULL),
(356, '399', 'Nominee page AOF signature admitted seal & sign missing,income declaration and Terms & Conditions required.', 1, 2, '2022-09-08 03:47:18', '2022-09-20 09:37:20', NULL),
(357, '397', 'Signature card(BM/HOB SEAL), account holder & nominee round seal, FATCA INCOMPLETE, new KYC profile form req. UN sanctions authorize persons seal, CPV/ Utility bill, income declaration letter', 1, 2, '2022-09-08 04:59:24', '2022-09-08 04:59:24', NULL),
(358, '401', 'DONE', 3, 3, '2022-09-08 05:24:50', '2022-09-19 10:40:16', NULL),
(359, '392', 'signature card(BM/BOM seal), cutting confirmation req., FATCA incomplete, new KYC profile form req., CPV, income declaration letter(BM/ BOM SEAL & SIGN)req., UN sanction one authorize person ', 1, 2, '2022-09-08 05:29:25', '2022-09-08 05:29:25', NULL),
(360, '371', 'DONE', 3, 3, '2022-09-08 05:30:16', '2022-09-08 05:30:16', NULL),
(361, '400', 'UN Sanctions seal missing.', 1, 2, '2022-09-08 05:35:52', '2022-09-19 10:16:20', NULL),
(362, '398', 'Signature card rescan and  HOB seal & sign on A/c holder company pad.', 1, 2, '2022-09-08 06:00:10', '2022-09-19 09:56:30', NULL),
(363, '395', 'Signature card (BM/BOM SEAL) required, account holder online birth certificate require where customer photo attested by ward commissioner or chairman with seal & sign & introducer information', 1, 2, '2022-09-08 06:03:21', '2022-09-08 06:03:21', NULL),
(364, '386', 'DPS DONE', 3, 3, '2022-09-08 06:31:49', '2022-09-08 06:31:49', NULL),
(365, '403', 'DONE', 3, 3, '2022-09-08 07:05:16', '2022-09-11 05:55:38', NULL),
(366, '404', 'DPS DONE.', 3, 3, '2022-09-08 07:52:34', '2022-09-08 07:52:34', NULL),
(367, '380', '*S.S.C certificate or Notary required( Fathers name correction )', 1, 2, '2022-09-08 08:25:52', '2022-09-08 08:25:52', NULL),
(368, '408', 'Done', 3, 3, '2022-09-08 08:45:25', '2022-09-12 06:03:53', NULL),
(369, '406', 'Done', 3, 3, '2022-09-08 09:04:26', '2022-09-12 05:54:14', NULL),
(370, '410', 'FDR DONE', 3, 3, '2022-09-08 09:56:48', '2022-09-08 09:56:48', NULL),
(371, '388', 'Account holder online birth certificate require where customer photo attested by ward commissioner or chairman with seal & sign required.', 1, 2, '2022-09-08 10:17:08', '2022-09-08 10:17:08', NULL),
(372, '405', 'DONE', 3, 3, '2022-09-08 10:18:00', '2022-09-08 10:18:00', NULL),
(373, '389', 'DONE', 3, 3, '2022-09-08 10:21:59', '2022-09-18 11:16:12', NULL),
(374, '407', 'Done', 3, 3, '2022-09-08 10:22:56', '2022-09-08 10:22:56', NULL),
(375, '375', 'DONE', 3, 3, '2022-09-08 10:24:56', '2022-09-22 10:19:26', NULL),
(376, '435', 'FDR DONE.', 3, 3, '2022-09-08 10:26:10', '2022-09-08 10:26:10', NULL),
(377, '434', 'FDR DONE.', 3, 3, '2022-09-08 10:27:21', '2022-09-08 10:27:21', NULL),
(378, '432', 'DPS DONE.', 3, 3, '2022-09-08 10:28:20', '2022-09-08 10:28:20', NULL),
(379, '431', 'DPS DONE.', 3, 3, '2022-09-08 10:29:00', '2022-09-08 10:29:00', NULL),
(380, '430', 'FDR DONE.', 3, 3, '2022-09-08 10:34:24', '2022-09-08 10:34:24', NULL),
(381, '429', 'FDR DONE.', 3, 3, '2022-09-08 10:41:32', '2022-09-08 10:41:32', NULL),
(382, '428', 'FDR DONE.', 3, 3, '2022-09-08 10:43:53', '2022-09-08 10:43:53', NULL),
(383, '427', 'DPS DONE.', 3, 3, '2022-09-08 10:44:51', '2022-09-08 10:44:51', NULL),
(384, '426', 'DPS DONE.', 3, 3, '2022-09-08 10:45:34', '2022-09-08 10:45:34', NULL),
(385, '413', 'FDR DONE.', 3, 3, '2022-09-08 10:48:02', '2022-09-08 10:48:02', NULL),
(386, '425', 'FDR DONE.', 3, 3, '2022-09-08 10:48:59', '2022-09-08 10:48:59', NULL),
(387, '424', 'FDR DONE.', 3, 3, '2022-09-08 10:49:39', '2022-09-08 10:49:39', NULL),
(388, '423', 'FDR DONE.', 3, 3, '2022-09-08 10:51:25', '2022-09-08 10:51:25', NULL),
(389, '422', 'FDR DONE.', 3, 3, '2022-09-08 10:52:13', '2022-09-08 10:52:13', NULL),
(390, '421', 'FDR DONE.', 3, 3, '2022-09-08 10:52:51', '2022-09-08 10:52:51', NULL),
(391, '420', 'FDR DONE.', 3, 3, '2022-09-08 10:53:24', '2022-09-08 10:53:24', NULL),
(392, '417', 'FDR DONE.', 3, 3, '2022-09-08 10:54:24', '2022-09-08 10:54:24', NULL),
(393, '416', 'FDR DONE.', 3, 3, '2022-09-08 10:55:02', '2022-09-08 10:55:02', NULL),
(394, '411', 'FDR DONE.', 3, 3, '2022-09-08 10:55:53', '2022-09-08 10:55:53', NULL),
(395, '414', 'FDR DONE.', 3, 3, '2022-09-08 10:56:54', '2022-09-08 10:56:54', NULL),
(396, '440', 'signature card - round seal & HOB/BOM seal req., account holder & nominee round seal, CPV/Utility bill  HOB/BOM seal & sign required & cutting confirmation required', 1, 2, '2022-09-11 03:17:14', '2022-09-11 03:17:14', NULL),
(397, '415', 'DONE', 3, 3, '2022-09-11 04:49:05', '2022-09-12 04:55:48', NULL),
(398, '445', 'MBS DONE', 3, 3, '2022-09-11 05:54:43', '2022-09-11 05:54:43', NULL),
(399, '448', 'Done', 3, 3, '2022-09-11 06:37:25', '2022-09-19 03:10:24', NULL),
(400, '449', 'DONE', 3, 3, '2022-09-11 06:41:26', '2022-09-18 11:10:04', NULL),
(401, '452', 'Done', 3, 3, '2022-09-11 06:54:07', '2022-09-19 04:23:25', NULL),
(402, '409', 'NID- Name mismatch, KYC form - mention source of fund (serial no.9)', 1, 2, '2022-09-11 07:06:01', '2022-09-15 09:24:10', NULL),
(403, '442', 'FDR DONE', 3, 3, '2022-09-11 07:22:59', '2022-09-11 07:22:59', NULL),
(404, '451', 'DONE', 3, 3, '2022-09-11 08:39:29', '2022-09-14 04:13:05', NULL),
(405, '462', 'DPS DONE', 3, 3, '2022-09-11 09:18:42', '2022-09-11 09:18:42', NULL),
(406, '419', '*Beneficial Owner required', 1, 2, '2022-09-11 09:21:49', '2022-09-18 08:57:10', NULL),
(407, '458', 'FDR DONE', 3, 3, '2022-09-11 09:22:30', '2022-09-11 09:22:30', NULL),
(408, '308', 'DONE', 3, 3, '2022-09-11 10:05:30', '2022-09-11 10:05:30', NULL),
(409, '438', 'DONE.', 3, 3, '2022-09-11 10:09:00', '2022-09-19 06:12:34', NULL),
(410, '379', 'Source of fund mismatch', 1, 2, '2022-09-11 10:22:25', '2022-09-11 10:22:25', NULL),
(411, '433', 'Done', 3, 3, '2022-09-11 10:38:02', '2022-09-11 10:38:02', NULL),
(412, '470', 'signature card (HOB/BOM SEAL)req.,FATCA incomplete, beneficiary owner photo', 1, 2, '2022-09-11 10:41:08', '2022-09-11 10:41:08', NULL),
(413, '370', 'Done', 3, 3, '2022-09-11 10:41:23', '2022-09-11 10:41:23', NULL),
(414, '467', 'signature card(HOB/BOM seal) req., CPV/Utility bill, beneficial owner with photo req. cutting confirmation required', 1, 2, '2022-09-11 10:54:13', '2022-09-11 10:54:13', NULL),
(415, '476', 'DONE', 3, 3, '2022-09-12 03:27:16', '2022-09-12 03:27:16', NULL),
(416, '474', 'DONE', 3, 3, '2022-09-12 03:28:28', '2022-09-21 03:57:09', NULL),
(417, '441', 'List of directors with their address and details required.', 1, 2, '2022-09-12 03:34:10', '2022-09-12 03:34:10', NULL),
(418, '463', 'Employee id or Salary certificate required.', 1, 2, '2022-09-12 04:00:32', '2022-09-12 04:00:32', NULL),
(419, '412', 'DONE', 3, 3, '2022-09-12 04:58:43', '2022-09-12 04:58:43', NULL),
(420, '481', 'KYC incomplete.', 1, 2, '2022-09-12 05:16:30', '2022-09-12 05:16:30', NULL),
(421, '484', 'FDR DONE', 3, 3, '2022-09-12 05:31:02', '2022-09-12 05:31:02', NULL),
(422, '485', 'DONE', 3, 3, '2022-09-12 05:41:12', '2022-09-12 05:41:12', NULL),
(423, '466', 'DPS DONE.', 3, 3, '2022-09-12 05:41:42', '2022-09-12 06:05:42', NULL),
(424, '436', 'DONE', 3, 3, '2022-09-12 05:42:10', '2022-09-12 05:42:10', NULL),
(425, '365', 'DONE', 3, 3, '2022-09-12 06:06:41', '2022-09-12 06:06:41', NULL),
(426, '486', 'DPS DONE', 3, 3, '2022-09-12 06:21:45', '2022-09-12 06:21:45', NULL),
(427, '450', 'Done', 3, 3, '2022-09-12 06:39:24', '2022-09-12 06:39:24', NULL),
(428, '468', 'signature card-HOB/BOM SEAL,AOF 1st page(source of fund & monthly income fill up),CPV, beneficiary owner photo & income declaration letter, cutting confirmation required', 1, 2, '2022-09-12 07:27:26', '2022-09-12 07:27:26', NULL),
(429, '443', 'Done', 3, 3, '2022-09-12 07:32:49', '2022-09-12 07:32:49', NULL),
(430, '489', 'DONE', 3, 3, '2022-09-12 08:35:54', '2022-09-18 06:05:06', NULL),
(431, '475', 'Done', 3, 3, '2022-09-12 09:01:07', '2022-09-12 09:01:07', NULL),
(432, '460', '*Trade license required\r\n*Nominee legal guardian required.', 1, 2, '2022-09-12 09:39:19', '2022-09-12 09:39:19', NULL),
(433, '506', 'MIS DONE.', 3, 3, '2022-09-12 09:49:41', '2022-09-12 09:49:41', NULL),
(434, '501', 'MIS DONE.', 3, 3, '2022-09-12 09:50:33', '2022-09-12 09:50:33', NULL),
(435, '502', 'MIS DONE.', 3, 3, '2022-09-12 09:51:28', '2022-09-12 09:51:28', NULL),
(436, '503', 'MIS DONE.', 3, 3, '2022-09-12 09:52:30', '2022-09-12 09:52:30', NULL),
(437, '500', 'DPS DONE.', 3, 3, '2022-09-12 09:54:17', '2022-09-12 09:54:17', NULL),
(438, '469', 'signature card - HOB SIGN & date required, income declaration letter req.AOF last page authorize person sign req.', 1, 2, '2022-09-12 10:02:07', '2022-09-12 10:02:07', NULL),
(439, '505', 'Cutting confirmation required.', 1, 2, '2022-09-12 10:05:04', '2022-09-12 10:05:04', NULL),
(440, '504', 'DPS DONE', 3, 3, '2022-09-12 10:09:38', '2022-09-12 10:09:38', NULL),
(441, '437', 'Done', 3, 3, '2022-09-12 10:17:17', '2022-09-12 10:17:17', NULL),
(442, '439', '*Birth certificate- nominee photo attested by ward commissioner .', 1, 2, '2022-09-12 10:38:20', '2022-09-20 08:41:49', NULL),
(443, '418', 'DONE.', 3, 3, '2022-09-12 10:47:04', '2022-09-18 10:57:10', NULL),
(444, '446', 'DONE', 3, 3, '2022-09-12 10:48:53', '2022-09-12 10:48:53', NULL),
(445, '512', 'DONE', 3, 3, '2022-09-12 10:49:26', '2022-09-12 10:49:26', NULL),
(446, '496', 'DPS Done', 3, 3, '2022-09-13 03:34:55', '2022-09-13 03:34:55', NULL),
(447, '514', 'FDR Done', 3, 3, '2022-09-13 03:36:31', '2022-09-13 03:36:31', NULL),
(448, '515', 'DPS Done', 3, 3, '2022-09-13 03:37:03', '2022-09-13 03:37:03', NULL),
(449, '498', 'DPS Done', 3, 3, '2022-09-13 04:08:49', '2022-09-13 04:08:49', NULL),
(450, '471', 'DONE', 3, 3, '2022-09-13 04:36:22', '2022-09-13 04:36:22', NULL),
(451, '527', 'Employee ID & salary certificate required.Nominee page AOF signature admitted seal & sign missing.', 1, 2, '2022-09-13 05:59:08', '2022-09-13 05:59:08', NULL),
(452, '522', 'DONE', 3, 3, '2022-09-13 06:20:12', '2022-09-13 06:20:12', NULL),
(453, '518', 'DONE', 3, 3, '2022-09-13 06:20:48', '2022-09-13 06:20:48', NULL),
(454, '520', 'DONE', 3, 3, '2022-09-13 06:21:36', '2022-09-13 06:21:36', NULL),
(455, '519', 'DONE', 3, 3, '2022-09-13 06:22:02', '2022-09-13 06:22:02', NULL),
(456, '521', 'DONE', 3, 3, '2022-09-13 06:22:25', '2022-09-13 06:22:25', NULL),
(457, '513', 'DONE', 3, 3, '2022-09-13 06:22:56', '2022-09-13 06:22:56', NULL),
(458, '402', 'KYC Form,Terms and Condition,Trade License required.', 1, 2, '2022-09-13 06:34:56', '2022-09-13 06:34:56', NULL),
(459, '536', 'DONE', 3, 3, '2022-09-13 06:35:38', '2022-09-18 10:27:04', NULL),
(460, '528', 'Beneficial owner form with photo, cutting confirmation, KYC profile form correction(no.9)', 1, 2, '2022-09-13 07:18:36', '2022-09-13 07:18:36', NULL),
(461, '538', 'FDR DONE', 3, 3, '2022-09-13 09:21:03', '2022-09-13 09:21:03', NULL),
(462, '543', 'Done', 3, 3, '2022-09-13 09:23:40', '2022-09-18 09:46:13', NULL),
(463, '557', 'FDR DONE.', 3, 3, '2022-09-13 10:55:28', '2022-09-13 10:55:28', NULL),
(464, '556', 'FDR DONE.', 3, 3, '2022-09-13 10:56:31', '2022-09-13 10:56:31', NULL),
(465, '555', 'FDR DONE.', 3, 3, '2022-09-13 10:57:31', '2022-09-13 10:57:31', NULL),
(466, '554', 'FDR DONE.', 3, 3, '2022-09-13 10:58:11', '2022-09-13 10:58:11', NULL),
(467, '396', 'DONE.', 3, 3, '2022-09-13 10:59:54', '2022-09-13 10:59:54', NULL),
(468, '545', 'DONE', 3, 3, '2022-09-14 02:53:02', '2022-09-19 03:00:43', NULL),
(469, '320', 'DONE.', 3, 3, '2022-09-14 04:04:35', '2022-09-14 04:04:35', NULL),
(470, '559', 'DONE', 3, 3, '2022-09-14 04:07:23', '2022-09-18 09:59:00', NULL),
(471, '332', 'KYC 9 NO. Incomplete.', 1, 2, '2022-09-14 04:30:23', '2022-09-14 04:30:23', NULL),
(472, '552', '*CPV and trade license required. *KYC- Incomplete (1st page)', 1, 2, '2022-09-14 04:35:20', '2022-09-14 04:35:20', NULL),
(473, '544', 'Account title wrong in AOF (English), Certificate of Incorporation not attested by RJSC, Mode of operation not mentioned in Signature Card, \"Quram\" and \"Bank Account\" page require (Article of', 1, 2, '2022-09-14 05:15:49', '2022-09-20 10:56:41', NULL),
(474, '525', 'DONE', 3, 3, '2022-09-14 06:20:38', '2022-09-19 06:51:23', NULL),
(475, '447', 'DONE', 3, 3, '2022-09-14 06:20:50', '2022-09-18 11:11:25', NULL),
(476, '560', 'DONE', 3, 3, '2022-09-14 06:31:17', '2022-09-15 10:44:32', NULL),
(477, '455', 'Done', 3, 3, '2022-09-14 06:38:38', '2022-09-20 06:45:48', NULL),
(478, '566', 'Done', 3, 3, '2022-09-14 06:51:52', '2022-09-14 10:47:34', NULL),
(479, '572', 'DONE', 3, 3, '2022-09-14 06:58:25', '2022-09-14 06:58:25', NULL),
(480, '571', 'DONE', 3, 3, '2022-09-14 06:58:52', '2022-09-14 06:58:52', NULL),
(481, '549', 'Done 0112700522212', 3, 3, '2022-09-14 07:32:08', '2022-09-15 07:50:52', NULL),
(482, '551', 'KYC-9 number need correction(1st page).', 1, 2, '2022-09-14 07:36:12', '2022-09-25 05:40:28', NULL),
(483, '531', 'DONE.', 3, 3, '2022-09-14 08:03:14', '2022-09-19 09:09:00', NULL),
(484, '534', 'DONE', 3, 3, '2022-09-14 08:25:48', '2022-09-19 11:09:05', NULL),
(485, '578', 'DONE', 3, 3, '2022-09-14 08:47:27', '2022-09-19 07:45:04', NULL),
(486, '488', 'DONE', 3, 3, '2022-09-14 08:51:36', '2022-09-19 07:23:08', NULL),
(487, '585', 'FATCA Incomplete.', 1, 2, '2022-09-14 09:55:34', '2022-09-14 09:55:34', NULL),
(488, '487', 'DONE', 3, 3, '2022-09-14 10:03:45', '2022-09-19 08:38:04', NULL),
(489, '453', 'DONE', 3, 3, '2022-09-14 10:05:22', '2022-09-19 07:27:34', NULL),
(490, '600', 'DPS DONE.', 3, 3, '2022-09-14 10:25:36', '2022-09-14 10:25:36', NULL),
(491, '579', 'Third part Nominee page no-5 (Customer sign) Admitted seal.', 1, 2, '2022-09-14 10:34:33', '2022-09-14 10:34:33', NULL),
(492, '606', 'DPS DONE', 3, 3, '2022-09-15 03:42:03', '2022-09-15 03:42:03', NULL),
(493, '611', 'FDR  DONE', 3, 3, '2022-09-15 03:54:49', '2022-09-15 03:54:49', NULL),
(494, '604', 'DPS DONE.', 3, 3, '2022-09-15 04:04:37', '2022-09-15 04:04:37', NULL),
(495, '590', 'DONE', 3, 3, '2022-09-15 04:24:00', '2022-09-20 11:09:38', NULL),
(496, '591', '*Signature Card-HOB/BOM seal and signature required.*Cheque requisition verified signature required. *AOF-FATCA incomplete and admitted seal required(2nd page).', 1, 2, '2022-09-15 04:58:22', '2022-09-15 04:58:22', NULL),
(497, '605', 'DONE', 3, 3, '2022-09-15 05:00:31', '2022-09-19 11:11:30', NULL),
(498, '592', '*Signature Card-HOB/BOM seal and signature required.*Cheque requisition verified signature required. *AOF-FATCA incomplete and admitted seal required(2nd page) and 3rd page incomplete.*Income', 1, 2, '2022-09-15 05:02:41', '2022-09-15 05:02:41', NULL),
(499, '575', 'KYC form correctly fill up of income declaration (serial no.9)', 1, 2, '2022-09-15 05:08:52', '2022-09-15 05:08:52', NULL),
(500, '570', 'DONE', 3, 3, '2022-09-15 05:17:07', '2022-09-15 05:17:07', NULL),
(501, '483', 'Done', 3, 3, '2022-09-15 05:29:27', '2022-09-15 05:29:27', NULL),
(502, '594', 'DONE', 3, 3, '2022-09-15 06:04:47', '2022-09-18 11:19:52', NULL),
(503, '595', 'DONE', 3, 3, '2022-09-15 06:13:53', '2022-09-18 11:02:18', NULL),
(504, '618', 'TIN certificate Required.', 1, 2, '2022-09-15 06:20:14', '2022-09-22 06:54:14', NULL),
(505, '601', 'DONE', 3, 3, '2022-09-15 06:21:37', '2022-09-15 06:21:37', NULL),
(506, '619', 'Done', 3, 3, '2022-09-15 06:26:30', '2022-09-15 06:26:30', NULL),
(507, '621', 'Beneficial Owner required.', 1, 2, '2022-09-15 06:48:36', '2022-09-15 06:48:36', NULL),
(508, '574', 'KYC form correctly fill up of source of fund(serial no.09)', 1, 2, '2022-09-15 06:52:17', '2022-09-18 06:40:28', NULL),
(509, '624', 'UN Santions, Employee ID / salary certificate / Appoinment letter required.', 1, 2, '2022-09-15 07:08:18', '2022-09-15 07:08:18', NULL),
(510, '615', 'DONE', 3, 3, '2022-09-15 08:06:52', '2022-09-15 08:06:52', NULL),
(511, '547', 'DONE', 3, 3, '2022-09-15 10:28:06', '2022-09-18 11:09:21', NULL),
(512, '616', 'DONE', 3, 3, '2022-09-15 10:33:51', '2022-09-15 10:33:51', NULL),
(513, '609', 'Cutting confirmation required.', 1, 2, '2022-09-15 10:50:39', '2022-09-15 10:50:39', NULL),
(514, '478', 'Done', 3, 3, '2022-09-15 10:51:41', '2022-09-15 10:51:41', NULL),
(515, '539', 'Trade License required (for document of source of income), In KYC 11 point blank', 1, 2, '2022-09-15 10:58:52', '2022-09-15 10:58:52', NULL),
(516, '540', 'Trade license required.', 1, 2, '2022-09-15 11:02:21', '2022-09-15 11:02:21', NULL),
(517, '569', 'DONE', 3, 3, '2022-09-18 02:58:53', '2022-09-21 04:07:22', NULL),
(518, '509', 'O/S seal required (authorize person).*employee id required.', 1, 2, '2022-09-18 03:04:45', '2022-09-19 10:00:15', NULL),
(519, '376', 'Done', 3, 3, '2022-09-18 03:25:53', '2022-09-18 03:25:53', NULL),
(520, '625', 'Done', 3, 3, '2022-09-18 03:38:23', '2022-09-22 02:36:22', NULL),
(521, '620', 'Done', 3, 3, '2022-09-18 04:04:29', '2022-09-18 04:04:29', NULL),
(522, '576', 'Done', 3, 3, '2022-09-18 04:08:21', '2022-09-18 04:08:21', NULL),
(523, '573', 'DPS Done.', 3, 3, '2022-09-18 04:12:23', '2022-09-18 04:12:23', NULL),
(524, '562', '*Terms and condition required.*KYC,CPV and Employee id required.', 1, 2, '2022-09-18 04:15:57', '2022-09-18 04:15:57', NULL),
(525, '610', 'Done', 3, 3, '2022-09-18 04:31:18', '2022-09-18 04:31:18', NULL),
(526, '636', 'DPS DONE', 3, 3, '2022-09-18 04:58:24', '2022-09-18 04:58:24', NULL),
(527, '596', 'Employee ID required and KYC incomplete (1st page columns-9)', 1, 2, '2022-09-18 04:59:27', '2022-09-18 04:59:27', NULL),
(528, '603', 'DONE.', 3, 3, '2022-09-18 05:00:28', '2022-09-18 05:00:28', NULL),
(529, '626', 'Done', 3, 3, '2022-09-18 05:02:09', '2022-09-18 05:02:09', NULL),
(530, '623', '*Beneficial owner required with NID and Photo..* AOF- A/C holder photo missing.', 1, 2, '2022-09-18 05:10:35', '2022-09-18 05:10:35', NULL),
(531, '548', 'Done', 3, 3, '2022-09-18 05:16:10', '2022-09-18 05:16:10', NULL);
INSERT INTO `caos_bod_feedback` (`id`, `caos_file_id`, `remarks`, `debit_allow`, `document_checked`, `created_at`, `updated_at`, `deleted_at`) VALUES
(532, '644', 'FDR DONE', 3, 3, '2022-09-18 05:20:45', '2022-09-18 05:20:45', NULL),
(533, '568', 'Done', 3, 3, '2022-09-18 05:32:39', '2022-09-18 05:32:39', NULL),
(534, '646', 'DONE', 3, 3, '2022-09-18 05:32:59', '2022-09-18 05:32:59', NULL),
(535, '561', '*Signature Card- HOB and BOM seal and signature required.*Cheque requisition- authorized seal and signature missing.*AOF-incomplete.FATCA incomplete.*Cutting confirmation required, Admitted s', 1, 2, '2022-09-18 05:38:43', '2022-09-18 05:38:43', NULL),
(536, '638', 'DONE', 3, 3, '2022-09-18 05:46:47', '2022-09-19 08:49:41', NULL),
(537, '589', 'Done', 3, 3, '2022-09-18 05:52:51', '2022-09-18 05:52:51', NULL),
(538, '647', 'DONE', 3, 3, '2022-09-18 05:54:13', '2022-09-18 05:54:13', NULL),
(539, '558', 'DONE', 3, 3, '2022-09-18 06:03:46', '2022-09-18 06:03:46', NULL),
(540, '651', 'DONE', 3, 3, '2022-09-18 06:12:36', '2022-09-18 06:12:36', NULL),
(541, '652', 'DONE', 3, 3, '2022-09-18 06:13:17', '2022-09-18 06:13:17', NULL),
(542, '648', 'DONE', 3, 3, '2022-09-18 06:13:45', '2022-09-18 06:13:45', NULL),
(543, '650', 'DONE', 3, 3, '2022-09-18 06:14:07', '2022-09-18 06:14:07', NULL),
(544, '587', 'Done', 3, 3, '2022-09-18 06:26:24', '2022-09-18 06:26:24', NULL),
(545, '393', 'Full Forms and Documents required.', 1, 2, '2022-09-18 06:31:55', '2022-09-18 06:31:55', NULL),
(546, '653', 'DPS DONE.', 3, 3, '2022-09-18 06:34:56', '2022-09-18 06:34:56', NULL),
(547, '617', 'Done', 3, 3, '2022-09-18 06:49:38', '2022-09-18 06:49:38', NULL),
(548, '622', 'Done', 3, 3, '2022-09-18 07:03:29', '2022-09-18 07:03:29', NULL),
(549, '523', 'Beneficial owner missing', 1, 2, '2022-09-18 07:04:58', '2022-09-20 06:38:11', NULL),
(550, '645', 'DONE', 3, 3, '2022-09-18 07:13:44', '2022-09-21 09:25:57', NULL),
(551, '491', 'Done', 3, 3, '2022-09-18 07:30:47', '2022-09-18 07:30:47', NULL),
(552, '663', 'FDR DONE', 3, 3, '2022-09-18 07:39:43', '2022-09-18 07:39:43', NULL),
(553, '567', 'AOF(1st page) - Father mother & spouse name mismatch', 1, 2, '2022-09-18 07:41:24', '2022-09-25 05:34:23', NULL),
(554, '657', 'DONE', 3, 3, '2022-09-18 07:42:09', '2022-09-18 07:42:09', NULL),
(555, '656', 'DONE', 3, 3, '2022-09-18 07:42:34', '2022-09-18 07:42:34', NULL),
(556, '655', 'DONE', 3, 3, '2022-09-18 07:43:09', '2022-09-18 07:43:09', NULL),
(557, '632', 'First page of AOF A/C holder photo seal missing. Rescan NID card.', 1, 2, '2022-09-18 07:44:05', '2022-09-18 07:44:05', NULL),
(558, '602', '*Employee id card required. *Customer application to the manager for nominee purpose.', 1, 2, '2022-09-18 07:54:48', '2022-09-18 07:54:48', NULL),
(559, '464', 'Done', 3, 3, '2022-09-18 08:19:54', '2022-09-18 08:19:54', NULL),
(560, '348', 'Done', 3, 3, '2022-09-18 08:49:49', '2022-09-18 08:49:49', NULL),
(561, '565', 'DONE', 3, 3, '2022-09-18 08:54:15', '2022-09-18 08:54:15', NULL),
(562, '391', 'Done', 3, 3, '2022-09-18 09:03:35', '2022-09-18 09:03:35', NULL),
(563, '508', 'DONE', 3, 3, '2022-09-18 09:33:07', '2022-09-18 09:33:07', NULL),
(564, '537', 'Done', 3, 3, '2022-09-18 09:34:27', '2022-09-18 09:34:27', NULL),
(565, '541', 'KYC incomplete.', 1, 2, '2022-09-18 09:42:17', '2022-09-18 09:42:17', NULL),
(566, '607', 'Done', 3, 3, '2022-09-18 09:48:59', '2022-09-18 09:48:59', NULL),
(567, '367', 'CPV required.', 1, 2, '2022-09-18 10:10:11', '2022-09-18 10:10:11', NULL),
(568, '597', 'Done', 3, 3, '2022-09-18 10:13:17', '2022-09-18 10:13:17', NULL),
(569, '577', 'DONE', 3, 3, '2022-09-18 10:18:00', '2022-09-18 10:18:00', NULL),
(570, '588', 'Done', 3, 3, '2022-09-18 10:18:45', '2022-09-18 10:18:45', NULL),
(571, '535', 'DONE.', 3, 3, '2022-09-18 10:25:41', '2022-09-18 10:25:41', NULL),
(572, '493', 'Done', 3, 3, '2022-09-18 10:30:58', '2022-09-18 10:30:58', NULL),
(573, '461', 'DONE', 3, 3, '2022-09-18 10:34:17', '2022-09-21 10:50:29', NULL),
(574, '472', 'DONE', 3, 3, '2022-09-18 10:37:16', '2022-09-18 10:37:16', NULL),
(575, '473', 'DONE', 3, 3, '2022-09-18 10:39:16', '2022-09-18 10:39:16', NULL),
(576, '490', 'Done', 3, 3, '2022-09-18 10:40:47', '2022-09-18 10:40:47', NULL),
(577, '497', 'Income declaration required.', 1, 2, '2022-09-18 10:46:03', '2022-09-18 10:46:03', NULL),
(578, '580', 'DONE', 3, 3, '2022-09-18 10:47:23', '2022-09-18 10:47:23', NULL),
(579, '642', 'DONE', 3, 3, '2022-09-18 10:47:43', '2022-09-18 10:47:43', NULL),
(580, '641', 'DONE', 3, 3, '2022-09-18 10:48:02', '2022-09-18 10:48:02', NULL),
(581, '640', 'DONE', 3, 3, '2022-09-18 10:49:05', '2022-09-18 10:49:05', NULL),
(582, '639', 'DONE', 3, 3, '2022-09-18 10:50:11', '2022-09-18 10:50:11', NULL),
(583, '581', 'DONE', 3, 3, '2022-09-18 10:51:04', '2022-09-18 10:51:04', NULL),
(584, '564', 'DONE', 3, 3, '2022-09-18 10:52:04', '2022-09-18 10:52:04', NULL),
(585, '524', 'Done', 3, 3, '2022-09-18 10:54:54', '2022-09-20 06:41:35', NULL),
(586, '444', 'Please change customer application (income related) KYC point 9 wrong input. Marital status blank, FATCA incomplete', 1, 2, '2022-09-18 10:57:37', '2022-09-18 10:57:37', NULL),
(587, '608', 'DONE', 3, 3, '2022-09-18 10:59:40', '2022-09-18 10:59:40', NULL),
(588, '494', 'Done', 3, 3, '2022-09-18 11:05:56', '2022-09-18 11:05:56', NULL),
(589, '385', 'beneficial owner required.', 1, 2, '2022-09-18 11:08:54', '2022-09-18 11:08:54', NULL),
(590, '529', 'DONE', 3, 3, '2022-09-18 11:13:08', '2022-09-18 11:13:08', NULL),
(591, '542', 'KYC incomplete', 1, 2, '2022-09-18 11:15:29', '2022-09-18 11:15:29', NULL),
(592, '612', 'DONE', 3, 3, '2022-09-18 11:18:01', '2022-09-18 11:18:01', NULL),
(593, '477', 'DONE', 3, 3, '2022-09-19 02:58:22', '2022-09-19 02:58:22', NULL),
(594, '593', 'Signature card-HOB/BOM seal and signature required .*AOF-cutting confirmation required,FATCA incomplete, Admitted seal required (2nd page).*Employee id required .*KYC - need correction 9 numb', 1, 2, '2022-09-19 02:58:45', '2022-09-19 02:58:45', NULL),
(595, '586', 'Done', 3, 3, '2022-09-19 03:26:27', '2022-09-19 03:26:27', NULL),
(596, '675', 'FDR DONE', 3, 3, '2022-09-19 03:33:17', '2022-09-19 03:33:17', NULL),
(597, '649', 'Done', 3, 3, '2022-09-19 03:48:34', '2022-09-19 03:48:34', NULL),
(598, '658', 'DONE', 3, 3, '2022-09-19 03:49:12', '2022-09-22 09:19:57', NULL),
(599, '614', 'DONE', 3, 3, '2022-09-19 03:57:19', '2022-09-21 03:59:57', NULL),
(600, '613', 'Employee ID/Salary Certificate/Appointment Letter', 3, 3, '2022-09-19 04:02:19', '2022-09-22 09:31:05', NULL),
(601, '277', 'Done', 3, 3, '2022-09-19 04:09:36', '2022-09-19 04:09:36', NULL),
(602, '631', 'Cutting confirmation required in AOF.', 1, 2, '2022-09-19 04:17:40', '2022-09-19 04:17:40', NULL),
(603, '681', 'DONE', 3, 3, '2022-09-19 04:58:14', '2022-09-19 09:33:39', NULL),
(604, '465', 'Done', 3, 3, '2022-09-19 05:00:59', '2022-09-19 05:00:59', NULL),
(605, '510', 'DONE', 3, 3, '2022-09-19 05:11:46', '2022-09-20 09:20:50', NULL),
(606, '511', 'DONE', 3, 3, '2022-09-19 05:16:26', '2022-09-21 03:02:56', NULL),
(607, '459', 'Done', 3, 3, '2022-09-19 05:19:14', '2022-09-19 05:19:14', NULL),
(608, '457', 'Done', 3, 3, '2022-09-19 05:29:02', '2022-09-19 05:29:02', NULL),
(609, '516', 'FATCA Incomplete, Employee ID/Salary certificate /Appointment letter', 1, 2, '2022-09-19 05:34:23', '2022-09-19 05:34:23', NULL),
(610, '532', 'DONE', 3, 3, '2022-09-19 05:38:44', '2022-09-19 05:38:44', NULL),
(611, '456', 'Done', 3, 3, '2022-09-19 05:41:48', '2022-09-19 05:41:48', NULL),
(612, '662', 'DONE.', 3, 3, '2022-09-19 05:43:47', '2022-09-19 05:43:47', NULL),
(613, '507', 'Done', 3, 3, '2022-09-19 05:48:53', '2022-09-19 05:48:53', NULL),
(614, '517', 'DONE', 3, 3, '2022-09-19 06:00:52', '2022-09-21 06:26:45', NULL),
(615, '454', 'Done', 3, 3, '2022-09-19 06:12:30', '2022-09-19 06:12:30', NULL),
(616, '661', 'DONE', 3, 3, '2022-09-19 06:19:37', '2022-09-19 06:19:37', NULL),
(617, '666', '*KYC- serial 09 correction required.(1st page), 2nd page incomplete *Employee id and CPV required. A/C number mismatch in DAS.', 1, 2, '2022-09-19 06:21:14', '2022-09-22 11:24:18', NULL),
(618, '677', 'DONE', 3, 3, '2022-09-19 06:50:17', '2022-09-19 10:32:45', NULL),
(619, '682', 'DONE', 3, 3, '2022-09-19 07:00:21', '2022-09-20 09:15:57', NULL),
(620, '684', 'TP correction, AOF overwriting confirmation required', 1, 2, '2022-09-19 07:06:40', '2022-09-25 06:06:46', NULL),
(621, '669', 'DONE', 3, 3, '2022-09-19 07:16:00', '2022-09-25 06:48:50', NULL),
(622, '480', 'Done', 3, 3, '2022-09-19 07:36:59', '2022-09-19 07:36:59', NULL),
(623, '482', 'Done', 3, 3, '2022-09-19 08:07:50', '2022-09-19 08:07:50', NULL),
(624, '390', 'Done', 3, 3, '2022-09-19 08:08:05', '2022-09-19 08:08:05', NULL),
(625, '672', 'DONE', 3, 3, '2022-09-19 08:27:54', '2022-09-19 08:27:54', NULL),
(626, '654', 'Done', 3, 3, '2022-09-19 08:41:03', '2022-09-19 08:41:03', NULL),
(627, '680', 'DONE.', 3, 3, '2022-09-19 09:10:12', '2022-09-19 09:10:12', NULL),
(628, '686', '*Terms and Condition incomplete *KYC-incomplete.*UN sanction required.*CPV required', 1, 2, '2022-09-19 09:10:55', '2022-09-19 09:10:55', NULL),
(629, '679', 'DONE', 3, 3, '2022-09-19 09:14:51', '2022-09-19 09:14:51', NULL),
(630, '563', 'DONE', 3, 3, '2022-09-19 09:35:14', '2022-09-19 09:35:14', NULL),
(631, '683', 'Done', 3, 3, '2022-09-19 09:38:03', '2022-09-19 09:38:03', NULL),
(632, '690', 'DPS DONE', 3, 3, '2022-09-19 09:56:51', '2022-09-19 09:56:51', NULL),
(633, '479', 'Done', 3, 3, '2022-09-19 10:03:57', '2022-09-19 10:03:57', NULL),
(634, '693', 'AOF- FATCA incomplete .', 1, 2, '2022-09-19 10:05:33', '2022-09-20 10:04:36', NULL),
(635, '492', '*Birth certificate attested by ward commissioner with Photo.', 1, 2, '2022-09-19 10:07:38', '2022-09-19 10:07:38', NULL),
(636, '495', 'AOF-incomplete (2nd page),FATCA incomplete.', 1, 2, '2022-09-19 10:12:47', '2022-09-19 10:12:47', NULL),
(637, '689', 'FDR DONE', 3, 3, '2022-09-19 10:16:51', '2022-09-19 10:16:51', NULL),
(638, '687', 'FDR DONE', 3, 3, '2022-09-19 10:17:35', '2022-09-19 10:17:35', NULL),
(639, '499', '*Beneficial owner required *FATCA incomplete.AOF- incomplete (3rd page)', 1, 2, '2022-09-19 10:17:50', '2022-09-19 10:17:50', NULL),
(640, '688', 'FDR DONE', 3, 3, '2022-09-19 10:18:33', '2022-09-19 10:18:33', NULL),
(641, '550', '*CPV correction required. *KYC-Incomplete-09 number (1st page)', 1, 2, '2022-09-19 10:29:12', '2022-09-19 10:29:12', NULL),
(642, '546', 'AOF-Incomplete 2nd page and 3rd page. *KYC-Incomplete. * Beneficial owner correction required.', 1, 2, '2022-09-19 10:36:11', '2022-09-19 10:36:11', NULL),
(643, '533', 'DONE', 3, 3, '2022-09-19 10:36:57', '2022-09-19 10:36:57', NULL),
(644, '582', '*Beneficial owner required.', 1, 2, '2022-09-19 10:41:29', '2022-09-19 10:41:29', NULL),
(645, '635', 'KYC 9 NO fillup correctly &  Employee ID / salary certificate / Appoinment letter required.', 1, 2, '2022-09-19 10:49:42', '2022-09-19 10:49:42', NULL),
(646, '584', 'Done', 3, 3, '2022-09-19 10:54:59', '2022-09-19 10:54:59', NULL),
(647, '634', 'DONE', 3, 3, '2022-09-19 10:57:11', '2022-09-19 10:57:11', NULL),
(648, '633', 'DONE', 3, 3, '2022-09-19 11:00:11', '2022-09-19 11:00:11', NULL),
(649, '630', 'DONE', 3, 3, '2022-09-19 11:03:48', '2022-09-19 11:03:48', NULL),
(650, '583', '*Beneficial owner required', 1, 2, '2022-09-19 11:05:43', '2022-09-19 11:05:43', NULL),
(651, '553', 'DONE', 3, 3, '2022-09-19 11:06:46', '2022-09-19 11:06:46', NULL),
(652, '704', 'DONE', 3, 3, '2022-09-19 11:07:06', '2022-09-19 11:07:06', NULL),
(653, '659', '*Birth certificate attested by commissioner with Photo', 1, 2, '2022-09-19 11:09:35', '2022-09-19 11:09:35', NULL),
(654, '691', 'DONE', 3, 3, '2022-09-19 11:26:34', '2022-09-19 11:26:34', NULL),
(655, '700', 'DONE', 3, 3, '2022-09-19 11:27:03', '2022-09-19 11:27:03', NULL),
(656, '599', 'Done', 3, 3, '2022-09-19 11:27:10', '2022-09-19 11:27:10', NULL),
(657, '674', 'Done', 3, 3, '2022-09-20 02:38:39', '2022-09-20 02:38:39', NULL),
(658, '643', 'Nominee page AOF missing.', 1, 2, '2022-09-20 03:13:16', '2022-09-20 03:13:16', NULL),
(659, '526', 'KYC Form missing', 1, 2, '2022-09-20 03:15:35', '2022-09-22 07:50:55', NULL),
(660, '660', 'DONE.', 3, 3, '2022-09-20 03:22:40', '2022-09-21 06:07:28', NULL),
(661, '712', 'Done', 3, 3, '2022-09-20 03:53:57', '2022-09-21 07:18:25', NULL),
(662, '598', 'a/c. holder clear photo & NID photocopy req., KYC form fill up of source of declaration (serial no.09)', 1, 2, '2022-09-20 04:11:14', '2022-09-20 04:11:14', NULL),
(663, '710', 'Done', 3, 3, '2022-09-20 04:11:15', '2022-09-20 04:11:15', NULL),
(664, '627', 'DONE', 3, 3, '2022-09-20 04:17:27', '2022-09-22 03:29:35', NULL),
(665, '667', 'Done', 3, 3, '2022-09-20 04:31:12', '2022-09-21 03:19:01', NULL),
(666, '668', 'Done', 3, 3, '2022-09-20 04:32:16', '2022-09-20 04:32:16', NULL),
(667, '628', 'DONE', 3, 3, '2022-09-20 04:42:09', '2022-09-22 08:55:34', NULL),
(668, '673', 'Birth certificate-photo attested by ward commissioner.', 1, 2, '2022-09-20 04:45:25', '2022-09-20 04:45:25', NULL),
(669, '629', 'KYC form correctly fill up of source of income declaration(serial no 09)', 1, 2, '2022-09-20 04:56:30', '2022-09-20 04:56:30', NULL),
(670, '676', 'Done', 3, 3, '2022-09-20 05:00:29', '2022-09-20 05:00:29', NULL),
(671, '670', 'Birth Certificate-Nominee photo attested by ward commissioner.', 1, 2, '2022-09-20 05:03:03', '2022-09-22 06:34:45', NULL),
(672, '530', 'KYC form correctly fill up of source of income declaration(serial no 09)', 1, 2, '2022-09-20 05:06:36', '2022-09-20 05:06:36', NULL),
(673, '713', '*Account title mismatch in DAS.', 1, 2, '2022-09-20 05:07:18', '2022-09-20 05:07:18', NULL),
(674, '678', 'Done', 3, 3, '2022-09-20 05:43:21', '2022-09-20 05:43:21', NULL),
(675, '698', '*Signature Card- BOM/HOB seal required.', 1, 2, '2022-09-20 05:50:46', '2022-09-20 05:50:46', NULL),
(676, '685', 'Done', 3, 3, '2022-09-20 06:01:11', '2022-09-20 06:01:11', NULL),
(677, '637', 'Done', 3, 3, '2022-09-20 06:07:58', '2022-09-20 06:07:58', NULL),
(678, '714', 'Done', 3, 3, '2022-09-20 06:14:02', '2022-09-20 06:14:02', NULL),
(679, '702', 'DONE', 3, 3, '2022-09-20 06:17:59', '2022-09-20 09:29:44', NULL),
(680, '697', 'DONE', 3, 3, '2022-09-20 06:19:36', '2022-09-22 10:52:30', NULL),
(681, '696', 'Done', 3, 3, '2022-09-20 06:33:34', '2022-09-20 06:33:34', NULL),
(682, '699', 'DPS DONE.', 3, 3, '2022-09-20 07:13:42', '2022-09-20 08:53:43', NULL),
(683, '671', 'Mode of operation mention in SS card, List of Governing body with their address require, Mode of operation & operating instruction mismatch between By laws and Board Resolution.', 1, 2, '2022-09-20 07:28:43', '2022-09-20 07:28:43', NULL),
(684, '703', 'DONE', 3, 3, '2022-09-20 07:49:01', '2022-09-20 07:49:01', NULL),
(685, '707', 'DONE', 3, 3, '2022-09-20 08:45:57', '2022-09-20 08:45:57', NULL),
(686, '715', 'MBS DONE', 3, 3, '2022-09-20 08:53:57', '2022-09-20 08:54:30', NULL),
(687, '719', 'FDR DONE', 3, 3, '2022-09-20 08:56:20', '2022-09-20 08:56:20', NULL),
(688, '695', 'CPV required.', 1, 2, '2022-09-20 08:58:48', '2022-09-25 02:39:22', NULL),
(689, '692', 'KYC form fill up source of income declaration(serial no. 9)', 3, 3, '2022-09-20 09:15:55', '2022-09-20 09:15:55', NULL),
(690, '706', 'DONE', 3, 3, '2022-09-20 09:24:04', '2022-09-20 09:24:04', NULL),
(691, '705', 'DONE', 3, 3, '2022-09-20 09:26:14', '2022-09-20 09:26:14', NULL),
(692, '701', 'DONE', 3, 3, '2022-09-20 09:47:56', '2022-09-20 09:47:56', NULL),
(693, '723', 'Beneficial owner required.', 1, 2, '2022-09-20 10:10:50', '2022-09-20 10:10:50', NULL),
(694, '716', 'Done', 3, 3, '2022-09-20 10:25:34', '2022-09-20 10:25:34', NULL),
(695, '718', 'Signature card - date missing, KYC form correctly fill up source of income declaration (serial no. 9)', 1, 2, '2022-09-20 10:26:04', '2022-09-21 02:51:23', NULL),
(696, '722', 'KYC NO-11,12,15 & 17 Incomplete.', 1, 2, '2022-09-20 10:31:49', '2022-09-20 10:31:49', NULL),
(697, '709', '*AOF-initial deposit missing. KYC-2nd page incomplete.', 1, 2, '2022-09-20 10:45:12', '2022-09-20 10:45:12', NULL),
(698, '708', 'DONE', 3, 3, '2022-09-20 11:09:17', '2022-09-20 11:09:17', NULL),
(699, '717', 'FATCA incomplete, income declaration letter req., KYC form - fill up source of income declaration (serial no.09)', 1, 2, '2022-09-21 03:05:21', '2022-09-21 03:05:21', NULL),
(700, '738', 'FATCA Incomplete.', 1, 2, '2022-09-21 03:12:10', '2022-09-21 03:12:10', NULL),
(701, '725', 'CPV Required', 1, 2, '2022-09-21 03:24:07', '2022-09-21 03:24:07', NULL),
(702, '694', 'A/C title differ between AOF & Trade License & Partnership Deed, Spouse name differ between AOF and Partnership deed (Kutub uddin), In KYC point 51 not fill up properly fill up', 1, 2, '2022-09-21 03:44:03', '2022-09-22 08:37:57', NULL),
(703, '740', 'DONE', 3, 3, '2022-09-21 03:44:03', '2022-09-25 05:48:12', NULL),
(704, '736', 'A/C holder & nominee clear photo required. KYC NO -9 & 11 fillup correctly.', 1, 2, '2022-09-21 03:49:46', '2022-09-21 06:54:55', NULL),
(705, '665', 'Done', 3, 3, '2022-09-21 04:44:23', '2022-09-21 04:44:23', NULL),
(706, '664', 'Done', 3, 3, '2022-09-21 04:44:35', '2022-09-21 04:44:35', NULL),
(707, '711', 'Done', 3, 3, '2022-09-21 04:58:44', '2022-09-21 04:58:44', NULL),
(708, '724', 'Done', 3, 3, '2022-09-21 05:56:58', '2022-09-21 05:56:58', NULL),
(709, '726', 'Birth certificate-Nominee photo attested by ward commissioner.', 1, 2, '2022-09-21 06:01:11', '2022-09-21 06:01:11', NULL),
(710, '727', '*Birth certificate-Nominee photo attested by ward commissioner.', 1, 2, '2022-09-21 06:07:13', '2022-09-21 06:07:13', NULL),
(711, '728', 'Done', 3, 3, '2022-09-21 06:22:48', '2022-09-21 06:22:48', NULL),
(712, '729', 'Done', 3, 3, '2022-09-21 06:37:53', '2022-09-21 06:37:53', NULL),
(713, '744', 'clear signature card provide us', 1, 2, '2022-09-21 06:44:32', '2022-09-21 06:44:32', NULL),
(714, '721', 'DONE', 3, 3, '2022-09-21 06:49:09', '2022-09-22 08:36:32', NULL),
(715, '737', 'Done', 3, 3, '2022-09-21 06:56:21', '2022-09-25 06:31:50', NULL),
(716, '730', '*KYC- 2nd page incomplete.*CPV required.', 1, 2, '2022-09-21 07:41:22', '2022-09-21 07:41:22', NULL),
(717, '739', 'DONE', 3, 3, '2022-09-21 07:45:07', '2022-09-22 09:41:59', NULL),
(718, '746', 'DONE', 3, 3, '2022-09-21 08:21:46', '2022-09-25 05:45:44', NULL),
(719, '757', 'MIS DONE.', 3, 3, '2022-09-21 08:45:12', '2022-09-21 08:45:12', NULL),
(720, '756', 'MIS DONE.', 3, 3, '2022-09-21 08:46:45', '2022-09-21 08:46:45', NULL),
(721, '755', 'MIS DONE.', 3, 3, '2022-09-21 08:47:17', '2022-09-21 08:47:17', NULL),
(722, '754', 'MIS DONE.', 3, 3, '2022-09-21 08:48:38', '2022-09-21 08:48:38', NULL),
(723, '753', 'DPS DONE.', 3, 3, '2022-09-21 08:49:36', '2022-09-21 08:49:36', NULL),
(724, '752', 'A/C Number & AOF mismatch in DAS .Cutting confirmation & Nominee photo required', 1, 2, '2022-09-21 08:52:01', '2022-09-21 09:03:07', NULL),
(725, '751', 'FDR DONE.', 3, 3, '2022-09-21 08:53:07', '2022-09-21 08:53:07', NULL),
(726, '750', 'FDR DONE.', 3, 3, '2022-09-21 08:54:13', '2022-09-21 08:54:13', NULL),
(727, '749', 'FDR DONE.', 3, 3, '2022-09-21 08:56:07', '2022-09-21 08:56:07', NULL),
(728, '731', 'Done', 3, 3, '2022-09-21 09:12:07', '2022-09-21 09:12:07', NULL),
(729, '732', '*CPV required.*KYC-incomplete (2nd page)', 1, 2, '2022-09-21 09:20:54', '2022-09-21 09:20:54', NULL),
(730, '734', 'KYC-incomplete.', 1, 2, '2022-09-21 09:25:50', '2022-09-21 09:25:50', NULL),
(731, '762', 'FDR DONE.', 3, 3, '2022-09-21 09:41:12', '2022-09-21 09:41:12', NULL),
(732, '735', '*KYC-incomplete.', 1, 2, '2022-09-21 09:49:07', '2022-09-21 09:49:07', NULL),
(733, '733', 'Done', 3, 3, '2022-09-21 10:18:21', '2022-09-21 10:18:21', NULL),
(734, '761', 'DONE', 3, 3, '2022-09-21 10:25:56', '2022-09-21 10:25:56', NULL),
(735, '745', '*CPV required. *AOF-initial deposit in words missing.', 1, 2, '2022-09-21 10:30:11', '2022-09-21 10:30:11', NULL),
(736, '747', '*AOF-2nd page incomplete', 1, 2, '2022-09-21 10:38:10', '2022-09-21 10:38:10', NULL),
(737, '742', 'DONE', 3, 3, '2022-09-21 11:01:23', '2022-09-21 11:01:23', NULL),
(738, '743', 'Done', 3, 3, '2022-09-21 11:10:13', '2022-09-21 11:10:13', NULL),
(739, '768', 'MBS DONE', 3, 3, '2022-09-22 02:49:26', '2022-09-22 02:49:26', NULL),
(740, '764', 'Cutting confirmation required In AOF. FATCA incomplete . KYC fillup correctly.', 1, 2, '2022-09-22 02:52:56', '2022-09-22 02:52:56', NULL),
(741, '763', 'Cutting confirmation required In AOF. FATCA incomplete . KYC fillup correctly.', 1, 2, '2022-09-22 02:55:41', '2022-09-22 02:55:41', NULL),
(742, '765', 'DONE', 3, 3, '2022-09-22 03:03:13', '2022-09-22 03:03:13', NULL),
(743, '720', 'Trade license req. & KYC form fill up source of income declaration (serial no.09) & Trade license req.', 1, 2, '2022-09-22 03:10:07', '2022-09-22 03:10:07', NULL),
(744, '758', 'DONE', 3, 3, '2022-09-22 03:53:12', '2022-09-22 03:53:12', NULL),
(745, '767', 'Beneficial owner form required', 1, 2, '2022-09-22 04:05:23', '2022-09-22 04:05:23', NULL),
(746, '748', '*CPV required. KYC- 09 mention *self declaration. (1st page)', 1, 2, '2022-09-22 04:06:48', '2022-09-22 04:06:48', NULL),
(747, '770', 'DONE', 3, 3, '2022-09-22 04:44:07', '2022-09-22 07:27:09', NULL),
(748, '741', 'Cutting confirmation req. (Masuma Hosani), Residential status and Marital status blank in CIF form, Professional address require of all CIF, Trade license number wrong in AOF, In KYC \"Transac', 1, 2, '2022-09-22 05:09:18', '2022-09-22 05:09:18', NULL),
(749, '759', 'DONE', 3, 3, '2022-09-22 05:25:28', '2022-09-22 05:25:28', NULL),
(750, '776', 'AOF- Admitted seal required (2nd page) .Employee Id required.*CPV required.', 1, 2, '2022-09-22 05:53:08', '2022-09-22 05:53:08', NULL),
(751, '771', 'Signature card-A/C holder signature differ.', 1, 2, '2022-09-22 06:21:24', '2022-09-22 06:21:24', NULL),
(752, '779', 'AOF-FATCA incomplete.', 1, 2, '2022-09-22 06:45:16', '2022-09-22 06:45:16', NULL),
(753, '775', 'DONE', 3, 3, '2022-09-22 06:52:36', '2022-09-22 06:52:36', NULL),
(754, '781', 'DONE', 3, 3, '2022-09-22 07:13:46', '2022-09-22 11:19:56', NULL),
(755, '772', 'AOF (1st page) - Father\'s name wrong spelling', 1, 2, '2022-09-22 07:20:26', '2022-09-22 07:20:26', NULL),
(756, '782', 'FDR DONE', 3, 3, '2022-09-22 07:25:41', '2022-09-22 07:25:41', NULL),
(757, '769', 'DONE', 3, 3, '2022-09-22 07:34:01', '2022-09-22 07:34:01', NULL),
(758, '766', 'DONE', 3, 3, '2022-09-22 08:15:37', '2022-09-22 08:15:37', NULL),
(759, '789', 'TP- Correction required.', 1, 2, '2022-09-22 08:34:08', '2022-09-22 08:34:08', NULL),
(760, '788', 'TP- Correction required.', 1, 2, '2022-09-22 08:34:45', '2022-09-22 08:34:45', NULL),
(761, '785', 'DONE', 3, 3, '2022-09-22 08:39:35', '2022-09-22 08:39:35', NULL),
(762, '793', '*AOF-Admitted seal required.*CPV required.', 1, 2, '2022-09-22 09:23:00', '2022-09-22 09:23:00', NULL),
(763, '784', 'Done', 3, 3, '2022-09-22 09:29:31', '2022-09-22 09:29:31', NULL),
(764, '790', 'Board resolution , Documents O/S seal & sign.', 1, 2, '2022-09-22 10:02:25', '2022-09-22 10:02:25', NULL),
(765, '792', 'AOF Form mismatch & nominee required.', 1, 2, '2022-09-22 10:03:23', '2022-09-22 10:03:23', NULL),
(766, '774', 'In AOF point 7 wrongly fill up and point 9 & 10 blank, Cutting confirmation require, KYC point 4 & 13 (cha) blank, Nature of Business differ between AOF & KYC point 3 & 51, Form XII require, ', 1, 2, '2022-09-22 10:04:43', '2022-09-22 10:04:43', NULL),
(767, '773', 'DONE', 3, 3, '2022-09-22 10:27:57', '2022-09-22 10:27:57', NULL),
(768, '777', 'DONE', 3, 3, '2022-09-22 10:32:22', '2022-09-22 10:32:22', NULL),
(769, '760', 'Cutting confirmation, AOF 1st page incomplete required', 1, 2, '2022-09-22 10:41:23', '2022-09-22 10:41:23', NULL),
(770, '780', 'DONE', 3, 3, '2022-09-22 11:11:26', '2022-09-22 11:11:26', NULL),
(771, '786', 'Overwriting confirmation AOF, Beneficial owner photo, TP correction required', 1, 2, '2022-09-25 03:34:34', '2022-09-25 03:34:34', NULL),
(772, '791', 'Cutting confirmation required', 1, 2, '2022-09-25 04:19:43', '2022-09-25 04:19:43', NULL),
(773, '808', '*Signature Card-BOM/HOB seal required. *Cheque requisition- authorized person seal and signature required. AOF-FATCA incomplete, last page incomplete.*Authorized person seal required (documen', 1, 2, '2022-09-25 04:33:22', '2022-09-25 04:33:22', NULL),
(774, '816', 'FDR Done.', 3, 3, '2022-09-25 04:45:29', '2022-09-25 04:45:29', NULL),
(775, '820', 'FDR Done.', 3, 3, '2022-09-25 04:49:11', '2022-09-25 04:49:11', NULL),
(776, '795', 'AOF- monthly income correction, TP correction required. *KYC- serial 09 need to correction.(1st page)', 1, 2, '2022-09-25 04:53:33', '2022-09-25 04:53:33', NULL),
(777, '818', 'FDR Done.', 3, 3, '2022-09-25 04:56:16', '2022-09-25 04:56:16', NULL),
(778, '817', 'FDR Done', 3, 3, '2022-09-25 04:58:07', '2022-09-25 04:58:07', NULL),
(779, '814', 'FDR Done', 3, 3, '2022-09-25 05:00:58', '2022-09-25 05:00:58', NULL),
(780, '819', 'TP- Correction required.', 1, 2, '2022-09-25 05:02:30', '2022-09-25 05:02:30', NULL),
(781, '813', 'FDR Done', 3, 3, '2022-09-25 05:35:53', '2022-09-25 05:35:53', NULL),
(782, '810', 'KYC-9 number need correction(1st page).* Terms and condition,CPV,Income declaration ,Beneficial owner required .', 1, 2, '2022-09-25 05:39:38', '2022-09-25 05:39:38', NULL),
(783, '802', 'DONE', 3, 3, '2022-09-25 05:56:50', '2022-09-25 05:56:50', NULL),
(784, '812', 'Cheque requisition incomplete.AOF-*FATCA incomplete and Admitted seal required(3rd page).*KYC-number 9 need correction(1st page).*Income declaration and employee id required and some sector a', 1, 2, '2022-09-25 06:03:35', '2022-09-25 06:03:35', NULL),
(785, '809', '*Signature Card-BOM/HOB seal required. *Cheque requisition- authorized person seal and signature required. *AOF-FATCA incomplete and Admitted seal required (2nd  page).*KYC-incomplete and no ', 1, 2, '2022-09-25 06:20:51', '2022-09-25 06:20:51', NULL),
(786, '797', 'customer name capital letter submit & a/c no. mismatch DAS & T-24', 1, 2, '2022-09-25 06:24:23', '2022-09-25 06:24:23', NULL),
(787, '798', 'signature card -HOB/BOM seal, full KYC profile form required', 1, 2, '2022-09-25 06:31:12', '2022-09-25 06:31:12', NULL),
(788, '825', 'All documents are missing.', 1, 2, '2022-09-25 06:55:44', '2022-09-25 06:55:44', NULL),
(789, '821', '*Introducer required.*Personal Information form- A/C holder signature required.*AOF- Date required (1st page last row)', 1, 2, '2022-09-25 07:10:49', '2022-09-25 07:10:49', NULL),
(790, '828', 'Beneficial owner required.', 1, 2, '2022-09-25 07:21:44', '2022-09-25 07:21:44', NULL),
(791, '829', 'FDR Done', 3, 3, '2022-09-25 07:25:21', '2022-09-25 07:25:21', NULL),
(792, '824', 'FDR Done.', 3, 3, '2022-09-25 07:28:15', '2022-09-25 07:28:15', NULL),
(793, '804', 'Signature card Branch Name Missing.', 1, 2, '2022-09-25 07:35:34', '2022-09-25 07:35:34', NULL);

--
-- Triggers `caos_bod_feedback`
--
DELIMITER $$
CREATE TRIGGER `TR_BOD_FEEDBACK_REMARKS` AFTER UPDATE ON `caos_bod_feedback` FOR EACH ROW BEGIN
    INSERT INTO caos_bod_feedback_remarks (`caos_file_id`, `remarks`, `created_at`, `updated_at`)
    VALUES (OLD.caos_file_id, OLD.remarks, now(), null);
END
$$
DELIMITER ;

-- --------------------------------------------------------

--
-- Table structure for table `caos_bod_feedback_remarks`
--

CREATE TABLE `caos_bod_feedback_remarks` (
  `id` bigint(20) UNSIGNED NOT NULL,
  `caos_file_id` varchar(191) COLLATE utf8mb4_unicode_ci NOT NULL,
  `remarks` varchar(191) COLLATE utf8mb4_unicode_ci NOT NULL,
  `created_at` timestamp NULL DEFAULT NULL,
  `updated_at` timestamp NULL DEFAULT NULL,
  `deleted_at` timestamp NULL DEFAULT NULL
) ENGINE=InnoDB DEFAULT CHARSET=utf8mb4 COLLATE=utf8mb4_unicode_ci;

--
-- Dumping data for table `caos_bod_feedback_remarks`
--

INSERT INTO `caos_bod_feedback_remarks` (`id`, `caos_file_id`, `remarks`, `created_at`, `updated_at`, `deleted_at`) VALUES
(22, '31', 'please, send the all documents again.\r\nplease edit it and again upload.', '2022-08-10 10:21:43', NULL, NULL),
(23, '31', 'please upload again', '2022-08-10 11:14:05', NULL, NULL),
(24, '31', 'please,give us NID verification of A/C Holder and cheque requisition with (customer) signature verify  and Authorize person signature with seal.', '2022-08-11 07:14:29', NULL, NULL),
(25, '38', 'Please send us all  documents with AOF. As soon as possible.', '2022-08-11 07:40:44', NULL, NULL),
(26, '38', 'please send all of documents with AOF. \r\nmissing some document .', '2022-08-11 08:03:09', NULL, NULL),
(27, '38', 'please provide us all documents', '2022-08-11 08:04:52', NULL, NULL),
(28, '41', 'please give us KYC form', '2022-08-11 08:48:04', NULL, NULL),
(29, '41', 'cheque requisition  unauthorized .\r\nplease give us soon', '2022-08-11 09:38:42', NULL, NULL),
(30, '40', 'Please send us all documents with AOF .as soon as possible', '2022-08-14 04:37:32', NULL, NULL),
(31, '50', 'please provided us cheque requisition form with authorize persons seal & sign, AOF incomplete, FATCA incomplete, UN authorize person\'s seal, NID verified original papers seal & sign, KYC form', '2022-08-14 07:18:36', NULL, NULL),
(32, '50', 'please provided us cheque requisition form with authorize persons seal & sign, AOF incomplete, FATCA incomplete, UN authorize person\'s seal, NID verified original papers seal & sign, KYC form', '2022-08-14 08:50:13', NULL, NULL),
(33, '46', 'please provide us:\r\nCheque requisition number of leaf missing, authorize', '2022-08-14 09:36:52', NULL, NULL),
(34, '57', 'please provide us utility bill / CPV form, Employee ID / Salary certificate.', '2022-08-16 04:34:09', NULL, NULL),
(35, '54', 'Please, Provide us TIN or BIN Certificate.', '2022-08-16 04:34:46', NULL, NULL),
(36, '43', 'given cheque requisition was not authorized.', '2022-08-16 06:03:06', NULL, NULL),
(37, '66', 'Please provide us cheque requisition form with authorized person\'s sign & seal, AOF incomplete, A/C holder & nominee\'s round seal missing, FATCA incomplete, NID verified original papers autho', '2022-08-16 07:05:12', NULL, NULL),
(38, '39', 'please send us again with income declaration.', '2022-08-16 07:17:04', NULL, NULL),
(39, '65', 'Please provide us-\r\nBOM or HOB seal and signature missing last of AOF\r\nKYC last page need another person signature.\r\nCheque requisition authorize person signature missing.\r\n\r\nprovide us asap.', '2022-08-16 07:48:57', NULL, NULL),
(40, '30', 'Please provide us all documents', '2022-08-16 09:51:01', NULL, NULL),
(41, '45', 'signature card -missing opening date and manager or OM signature and seal missing\r\nincomplete AOF .please FATCA segment option fill up and all sector fill up of AOF.\r\nall documents O/S missin', '2022-08-16 11:57:46', NULL, NULL),
(42, '74', 'signature card-branch seal missing,BOM or HOB signature missing,date and mobile number missing.\r\nAOF some area not complete.\r\nIncome declaration and CPV or utility Bill missing .\r\n\r\nplease se', '2022-08-17 04:27:06', NULL, NULL),
(43, '40', 'there are some missing element.\r\ncheque requisition - authorize person seal and signature missing and missing quantity of cheque leaf.\r\nsignature card- date missing and manager or om signatur', '2022-08-17 04:45:19', NULL, NULL),
(44, '74', 'please also send us cheque requisition', '2022-08-17 05:48:33', NULL, NULL),
(45, '70', 'Incomplete KYC, cpv or clear utility bill, un, income declearation , terms & condition please provide us as soon as possible.', '2022-08-17 05:51:39', NULL, NULL),
(46, '64', 'Sector & Diposit  Code , Branch sill missing ,o/s. Please provide us as soon as possible.', '2022-08-17 06:11:35', NULL, NULL),
(47, '64', 'please mention the branch name in MIS form and return send to us.', '2022-08-17 06:16:51', NULL, NULL),
(48, '62', 'Sector & Diposit  Code , Branch sill missing', '2022-08-17 06:48:02', NULL, NULL),
(49, '78', 'Signature card missing head of branch seal, sbs,deposit code,Rm ,Risk grade missing,overwrite in nominee name & customer date of birth. Please provide us as soon as possible.', '2022-08-17 09:08:19', NULL, NULL),
(50, '76', 'please employee id or income declaration provide us.', '2022-08-21 07:18:38', NULL, NULL),
(51, '75', 'please provide us must be submitted nominee\'s details, without nominee not accepted. utility bill/CPV form.\r\nplease provide', '2022-08-21 09:16:41', NULL, NULL),
(52, '78', 'Devit card & check book requisition , Last page AOF incomplete.Please provide us as soon as possible.', '2022-08-22 05:53:49', NULL, NULL),
(53, '52', 'A/c ID cutting confirmation req, FATCA incomplete, A/c holder nominee round sign & seal missing, UN sanction authorized person\'s seal missing, A/C verified authorized person o/s & seal, nomin', '2022-08-22 08:16:21', NULL, NULL),
(54, '58', 'Please provide us DPS form account holder photo with seal', '2022-08-23 03:15:19', NULL, NULL),
(55, '98', 'DONE', '2022-08-23 05:58:50', NULL, NULL),
(56, '80', 'Permanent address required.', '2022-08-23 06:02:48', NULL, NULL),
(57, '80', 'DONE', '2022-08-23 06:03:04', NULL, NULL),
(58, '67', 'Please proved us AOF last page incomplete, account holder & nominees round seal missing, risk grad not writing, valid trade license\r\nplease provide soon', '2022-08-23 08:06:23', NULL, NULL),
(59, '40', 'Amount in word, Date of birth,kyc, sbs code, deposit code,nominee sill. Please provide us as soon as possible.', '2022-08-23 08:08:04', NULL, NULL),
(60, '31', 'Please,\r\nsend us -NID verification copy\r\n              -Unitality bill copy / Visit Copy\r\n              -UN verification Copy.', '2022-08-24 05:40:36', NULL, NULL),
(61, '125', 'A/C holder & nominee round missing, AOF last page incomplete, utility bill/ CPV', '2022-08-24 07:41:24', NULL, NULL),
(62, '95', 'Cheque requisition and UN Sanctions missing.', '2022-08-24 09:37:58', NULL, NULL),
(63, '131', 'Signature card-HOB/BOM seal and signature required,\r\nFATCA incomplete ,Employee ID(customer) and CPV required.', '2022-08-24 09:59:05', NULL, NULL),
(64, '131', 'Signature card-HOB/BOM seal and signature required, FATCA incomplete ,Employee ID(customer) and CPV required.\r\nAOF some sector are incomplete 2nd page.', '2022-08-24 10:05:25', NULL, NULL),
(65, '71', 'Please provide us account holder photo with round seal, nominees round seal, risk grad not writing, AOF last page incomplete, declaration of source of income.\r\nplease provide soon', '2022-08-24 11:11:18', NULL, NULL),
(66, '99', 'Cutting confirmation required.', '2022-08-25 02:00:11', NULL, NULL),
(67, '114', 'Mode of operation cutting confirmation required.\r\nKYC incomplete .', '2022-08-25 04:14:13', NULL, NULL),
(68, '148', 'FATCA incomplete, NID authorize person seal missing', '2022-08-25 10:58:13', NULL, NULL),
(69, '152', 'nominee form required.', '2022-08-25 11:47:58', NULL, NULL),
(70, '163', 'NID VERIFICATION REQUIRED. \r\nNOMINEE FORM REQUIRED .', '2022-08-28 04:47:47', NULL, NULL),
(71, '50', 'please provide us are cheque requisition form with O/S, AOF incomplete, FATCA incomplete, UN o/s, NID verified original papers o/s, KYC form missing, Utility bill / CPV, Income of source (pap', '2022-08-28 04:55:42', NULL, NULL),
(72, '160', 'Income of declaration letter', '2022-08-28 04:55:46', NULL, NULL),
(73, '122', 'All documents & AOF missing.', '2022-08-28 05:33:51', NULL, NULL),
(74, '64', 'please provide us branch name or seal', '2022-08-28 06:02:40', NULL, NULL),
(75, '64', 'FDR DONE', '2022-08-28 09:03:19', NULL, NULL),
(76, '160', 'Income of declaration letter, terms & condition required', '2022-08-28 11:20:01', NULL, NULL),
(77, '160', 'Income of declaration letter', '2022-08-28 11:20:53', NULL, NULL),
(78, '122', 'SBS, risk grade, RM code, deposit code, terms & condition, update Trade license', '2022-08-29 02:30:37', NULL, NULL),
(79, '183', 'Signature card-BOM/HOB seal & AOF signature admitted seal required.', '2022-08-29 04:25:40', NULL, NULL),
(80, '187', 'SBS code, deposit code, a/c holder &nominee photo round seal missing, terms & condition, KYC incomplete, AOF page incomplete, income declaration letter/employee Id.', '2022-08-29 07:39:49', NULL, NULL),
(81, '31', 'Cutting confirmation required in KYC .', '2022-08-29 08:59:31', NULL, NULL),
(82, '69', 'Sill on photo,attached photo on mentioned area,un, cpv, income declearation, terms & conditions .Please provide us as soon as possible.*****And also upload file with a/c holder name', '2022-08-29 09:34:46', NULL, NULL),
(83, '57', 'Please Provide us customer (employee Id) Photocopy or income declaration.', '2022-08-29 09:35:32', NULL, NULL),
(84, '94', 'Declaration of source of income, beneficiary owner form, CPV', '2022-08-29 09:38:05', NULL, NULL),
(85, '93', 'Signature card- seal & sign BOM/HOB, incomplete some sector of AOF.\r\nKYC incomplete,utility bill or CPV missing.', '2022-08-29 09:55:49', NULL, NULL),
(86, '160', 'income of declaration letter', '2022-08-29 10:06:46', NULL, NULL),
(87, '54', 'Please provide us BIN or TIN certificate', '2022-08-29 10:11:07', NULL, NULL),
(88, '48', 'please provide us- \r\n-UN copy\r\n-Utility Bills or CPV copy.\r\n-terns and condition form.\r\n-cheque requisition with authorized person signature.', '2022-08-29 10:47:25', NULL, NULL),
(89, '183', 'Signature card-BOM/HOB seal & AOF 3rd page signature admitted seal required.', '2022-08-29 10:57:04', NULL, NULL),
(90, '171', 'All document & AOF missing.', '2022-08-29 11:11:30', NULL, NULL),
(91, '155', 'TERMS & CONDITION REQUIRED', '2022-08-30 02:56:47', NULL, NULL),
(92, '193', 'CPV required.', '2022-08-30 03:50:38', NULL, NULL),
(93, '107', 'FDR DONE.', '2022-08-30 04:16:06', NULL, NULL),
(94, '140', 'All document & AOF missing.', '2022-08-30 04:41:09', NULL, NULL),
(95, '158', 'BENEFICIAL OWNER REQUIRED', '2022-08-30 04:41:24', NULL, NULL),
(96, '123', 'Mobile number in signature card missing.\r\nCutting confirmation required in TP.', '2022-08-30 04:47:39', NULL, NULL),
(97, '153', 'A/C holder photo required in (AOF).', '2022-08-30 05:09:11', NULL, NULL),
(98, '198', 'Signature card- HOB/BOM seal & signature admitted seal required', '2022-08-30 05:29:17', NULL, NULL),
(99, '163', 'NID VERIFICATION REQUIRED.\r\n NOMINEE FORM AND *UN SANCTION  REQUIRED .', '2022-08-30 05:37:08', NULL, NULL),
(100, '51', 'incomplete AOF-missing signature and seal of authorize person, wrong date and fill up all sector of AOF.\r\nFATCA section please fill up.\r\nKYC missing.\r\nUN copy miss by authorize person seal.\r\n', '2022-08-30 05:40:20', NULL, NULL),
(101, '101', 'Income Declaration Letter', '2022-08-30 06:15:14', NULL, NULL),
(102, '170', 'Some sector are incomplete in AOF and signature admitted seal required.\r\nSignature card- signature admitted seal required.', '2022-08-30 06:33:21', NULL, NULL),
(103, '46', 'Cheque requisition-quantity of leaf missing and authorized signature missing. \r\nAOF-incomplete some sector.\r\nSignature Card-date missing ,manager and om signature seal missing\r\nKYC-incomplete', '2022-08-30 06:33:58', NULL, NULL),
(104, '204', '*Signature Card- HOB/BOM seal and signature required.  *AOF- a/c holder required and FATCA incomplete, admitted signature seal required . *CPV and Trade License  Required.', '2022-08-30 07:14:30', NULL, NULL),
(105, '187', 'FATCA Incomplete, United Nations Security Incomplete.', '2022-08-30 07:25:47', NULL, NULL),
(106, '203', 'All Documents and AOF Required.', '2022-08-30 08:44:11', NULL, NULL),
(107, '203', 'Income Declaration Required, FATCA Incomplete', '2022-08-30 10:23:22', NULL, NULL),
(108, '70', '1.utility bill clean copy or CPV.\r\n2.NID verification.\r\n3.Rerms & condition.\r\n4.Income declaration.\r\nPlease provide us as soon as possible.', '2022-08-30 10:27:45', NULL, NULL),
(109, '123', 'Beneficial owner required.', '2022-08-30 11:11:53', NULL, NULL),
(110, '179', 'A/C number mismatch in DAS.', '2022-08-30 11:12:42', NULL, NULL),
(111, '191', 'Signature card -(BOM/HOB )seal & sign missing.Nominee AOF missing. Terms & conditions required.', '2022-08-30 11:13:46', NULL, NULL),
(112, '171', 'Signature card-(HOB/BOM) seal & sign missing. Last page of AOF & sector code required. KYC incomplete.Cutting confirmation required.', '2022-08-30 11:14:54', NULL, NULL),
(113, '135', 'AOF first page a/c no. wrong', '2022-08-31 03:23:08', NULL, NULL),
(114, '124', 'Beneficial owner required', '2022-08-31 03:42:32', NULL, NULL),
(115, '38', 'Please provide us all documents with AOF', '2022-08-31 03:53:38', NULL, NULL),
(116, '50', 'Terms & conditions required.', '2022-08-31 04:49:53', NULL, NULL),
(117, '131', 'Signature card-HOB/BOM seal and signature required, FATCA incomplete , Trade License  (customer) and CPV required. AOF some sector are incomplete (2nd page)', '2022-08-31 05:27:08', NULL, NULL),
(118, '203', 'KYC Incomplete, Terms & conditions, cheque requisition slip sing & seal.', '2022-08-31 05:30:28', NULL, NULL),
(119, '226', 'Terms & Conditions, Cheque Book requisition slip seal & sing.', '2022-08-31 05:37:42', NULL, NULL),
(120, '208', 'Income Declaration, Terms & conditions , cheque requisition  seal required.', '2022-08-31 06:23:30', NULL, NULL),
(121, '193', 'CPV required\r\nA/C number mismatch in DAS .', '2022-08-31 07:01:27', NULL, NULL),
(122, '199', 'Cutting confirmation required.', '2022-08-31 07:05:04', NULL, NULL),
(123, '231', 'FDR DONE.', '2022-08-31 07:05:56', NULL, NULL),
(124, '57', 'Terms & conditions required.', '2022-08-31 08:07:22', NULL, NULL),
(125, '55', 'Sector & Diposit  Code , Branch sill missing ,o/s Please provide us as soon as possible.', '2022-08-31 09:07:29', NULL, NULL),
(126, '132', 'CPV, Utility bill, employee id  and income declaration required.\r\nFATCA incomplete .', '2022-08-31 09:22:24', NULL, NULL),
(127, '267', 'FDR DONE.', '2022-08-31 10:24:32', NULL, NULL),
(128, '168', 'Beneficial Owner Required', '2022-09-01 03:31:36', NULL, NULL),
(129, '259', 'INCOMPLETE  FDR FORM', '2022-09-01 05:18:00', NULL, NULL),
(130, '268', 'Padma comfort form first page incomplete', '2022-09-01 05:20:01', NULL, NULL),
(131, '270', 'incomplete FDR form', '2022-09-01 05:29:54', NULL, NULL),
(132, '203', 'Terms & Conditions Required', '2022-09-01 05:35:58', NULL, NULL),
(133, '226', 'Terms & Conditions Required.', '2022-09-01 05:38:55', NULL, NULL),
(134, '233', 'Terms & Conditions required, Clear photo.', '2022-09-01 07:11:54', NULL, NULL),
(135, '280', 'All document & AOF missing.', '2022-09-01 07:11:55', NULL, NULL),
(136, '31', 'CPV ,Income declaration terms & condition required.', '2022-09-01 08:27:01', NULL, NULL),
(137, '194', 'Trade License required ,\r\nMention nature of Business in income declaration.', '2022-09-01 08:33:54', NULL, NULL),
(138, '256', 'Branch seal required in photo', '2022-09-01 09:31:34', NULL, NULL),
(139, '239', 'Account Opening Form Missing', '2022-09-01 10:20:57', NULL, NULL),
(140, '66', 'SB & RM, KYC INCOMPLETE,MANAGER SILL & SIGN, TERMS & CONDITION VARIFY SILL, INCOME DECLEARATION, CPV OR UTILITY BILL,UN, OS ,SIGN & SILL IN OVER WRITE AREA', '2022-09-04 04:03:00', NULL, NULL),
(141, '68', 'Signature card authorized person seal & sign missing, utility biil/ CPV, Declaration of income, SBS, Risk grad, RM code, deposit code', '2022-09-04 04:44:23', NULL, NULL),
(142, '275', 'First page of AOF initial deposit amount & product name missing. Last page in kyc HOB seal & sign missing.Income declaration & CPV required.', '2022-09-04 04:55:02', NULL, NULL),
(143, '78', 'AOF-Last page incomplete.\r\nSignature card- HOB/BOM seal missing .\r\nKYC incomplete .', '2022-09-04 04:57:08', NULL, NULL),
(144, '70', 'Last page AOF missing, TP & KYC  incomplete, Clear utility bill & beneficial owner required.', '2022-09-04 05:11:53', NULL, NULL),
(145, '129', 'Terms & conditions required.', '2022-09-04 05:33:36', NULL, NULL),
(146, '137', 'A/C holder & nominee round seal missing, trade license missing', '2022-09-04 06:06:37', NULL, NULL),
(147, '203', 'Beneficial owner required Photo Missing.', '2022-09-04 09:02:52', NULL, NULL),
(148, '226', 'Beneficial owner required Photo Missing.', '2022-09-04 09:24:00', NULL, NULL),
(149, '154', 'KYC some field incomplete', '2022-09-04 10:52:20', NULL, NULL),
(150, '154', 'New', '2022-09-04 10:54:24', NULL, NULL),
(151, '125', 'A/C holder & nominee round seal missing, AOF last page incomplete, cutting confirmation req. utility bill/ CPV,', '2022-09-04 11:05:03', NULL, NULL),
(152, '155', 'KYC some field incomplete', '2022-09-04 11:05:46', NULL, NULL),
(153, '122', 'SBS, risk grade, RM code, deposit code, terms & condition, update Trade license, A/c holder round seal missing, AOF 2nd page spouse name missing', '2022-09-05 04:58:39', NULL, NULL),
(154, '182', 'SBS Code, Deposit code, Rm code, Income Declaration letter, Signature card seal mobile Number missing Cutting confirmation required terms & condition.', '2022-09-05 05:54:33', NULL, NULL),
(155, '66', 'New KYC profile form required, terms & conditions, income declaration letter', '2022-09-05 05:58:29', NULL, NULL),
(156, '306', 'Signature card Clear photo Required.', '2022-09-05 06:20:35', NULL, NULL),
(157, '148', 'FATCA incomplete, NID authorize person seal missing, Terms & conditions required', '2022-09-05 06:37:38', NULL, NULL),
(158, '310', 'FATCA incomplete', '2022-09-05 06:40:31', NULL, NULL),
(159, '110', 'Cutting confirmation required.', '2022-09-05 07:10:00', NULL, NULL),
(160, '59', 'Manager sign & sill, CPV or Utility bill. Please provide us as soon as possible.', '2022-09-05 07:19:06', NULL, NULL),
(161, '234', 'Pinup signature card photo properly.', '2022-09-05 07:20:48', NULL, NULL),
(162, '204', '*Signature Card- HOB/BOM seal and signature required. *AOF- a/c holder photo required and FATCA incomplete, admitted signature seal required . *CPV and Trade License Required.', '2022-09-05 10:15:47', NULL, NULL),
(163, '59', 'Signature card-BOM and HOB signature & Seal required, CPV required.', '2022-09-05 10:30:11', NULL, NULL),
(164, '291', '*CPV-HOB/BOM Seal and Signature required. New KYC form required.*Income declaration-HOB/BOM Seal and Signature required.*Debit Card-HOB/BOM Seal and Signature required and 2nd page missing. A', '2022-09-05 10:32:53', NULL, NULL),
(165, '285', 'Last page AOF deposit code required.', '2022-09-05 10:53:35', NULL, NULL),
(166, '302', 'Income declaration letter', '2022-09-06 04:18:36', NULL, NULL),
(167, '279', 'Signature card - signature required (admitted seal).', '2022-09-06 05:17:49', NULL, NULL),
(168, '275', 'First page of AOF initial deposit amount & product name missing.Last page of AOF  SBS code & risk grade missing. Income declaration & CPV required.', '2022-09-06 06:42:09', NULL, NULL),
(169, '68', 'Bneficial owner required.', '2022-09-06 06:47:27', NULL, NULL),
(170, '202', 'CPV, Utility Bill, Income Declaration, KYC-TP required', '2022-09-06 08:02:05', NULL, NULL),
(171, '52', 'A/c ID cutting confirmation req, FATCA incomplete, A/c holder nominee round sign & seal missing, UN sanction authorized person\'s seal missing, A/C verified authorized person o/s & seal, nomin', '2022-09-06 10:47:37', NULL, NULL),
(172, '208', 'Income Declaration Required, Terms & Conditions.', '2022-09-06 10:49:44', NULL, NULL),
(173, '230', 'Terms & Conditions required, Income Declaration letter, Cutting Confirmation required.', '2022-09-06 10:50:41', NULL, NULL),
(174, '302', 'CPV, INCOME DECLARETION LETTER REQUIRED', '2022-09-07 05:46:45', NULL, NULL),
(175, '217', 'Missing all documents and AOF.', '2022-09-07 07:04:28', NULL, NULL),
(176, '254', 'CPV required.', '2022-09-07 07:21:47', NULL, NULL),
(177, '211', 'Cutting confirmation & CPV  required . Admitted seal & varified signature required in nomiee page AOF.', '2022-09-07 09:15:23', NULL, NULL),
(178, '274', 'Round seal & sign missing in signature card photo. A/C holder & nominee photo seal missing in AOF. Nominee page AOF signature admitted seal & sign missing.Income declaration required.', '2022-09-07 10:33:41', NULL, NULL),
(179, '212', 'Nominee page AOF signature admitted seal required. Risk grade missing.', '2022-09-07 10:36:30', NULL, NULL),
(180, '338', 'Signature card seal, FATCA Incomplete, Terms & Conditions Required, CPV required, Income Declaration letter & employee id card , National ID seal .', '2022-09-08 03:55:11', NULL, NULL),
(181, '394', 'Signature card (BM/BOM SEAL) required, account holder & nominee round seal, account holder NID o/s & seal & nominee birth certificate verified o/s, cheque book requisition slip authorize pers', '2022-09-08 03:58:18', NULL, NULL),
(182, '32', 'Ac Title( form), check book requisiton, income declearation, nominee nid, ac type ( form), utility bill. pLEASE SEND AS SOON AS POSSIBLE', '2022-09-08 04:17:01', NULL, NULL),
(183, '374', 'Signature Card Seal HOB/BOM ,Account Holder photo, Nominee photo required', '2022-09-08 05:11:06', NULL, NULL),
(184, '304', 'FATCA incomplete, a/c opening officer seal missing (2nd page), CPV required', '2022-09-08 06:42:25', NULL, NULL),
(185, '310', 'Employee ID required', '2022-09-08 06:42:55', NULL, NULL),
(186, '374', 'Account holder & nominee photo fixed place submit & round seal req. income declaration letter( BM/BOM seal & sign)', '2022-09-08 07:58:56', NULL, NULL),
(187, '338', 'NID O/S  seal.', '2022-09-08 07:59:06', NULL, NULL),
(188, '366', 'Signature card seal, FATCA Incomplete, Terms & Conditions Required, CPV required, Trade license & Income Declaration Letter, National ID seal.', '2022-09-08 08:02:03', NULL, NULL),
(189, '284', 'Income declaration letter required', '2022-09-08 09:19:16', NULL, NULL),
(190, '225', 'KYC some field incomplete, Trade license (update), clear NID original copy required', '2022-09-08 09:19:39', NULL, NULL),
(191, '221', 'CPV, Income declaration and beneficial owner Required.', '2022-09-08 09:57:42', NULL, NULL),
(192, '182', 'CPV & income declaration required.', '2022-09-08 10:01:46', NULL, NULL),
(193, '408', 'Beneficial owner required.', '2022-09-11 04:09:28', NULL, NULL),
(194, '403', 'AOF Cutting Confirmation, Trade License required', '2022-09-11 05:55:38', NULL, NULL),
(195, '406', 'Beneficial owner required.', '2022-09-11 06:02:33', NULL, NULL),
(196, '154', 'New KYC profile form required', '2022-09-11 06:17:39', NULL, NULL),
(197, '74', '1.Authorize signature , branch seal, date,number missing in signature card.\r\n2.Aof incomplete.\r\n3.income declaration.\r\n4.CPV or Utility bill.\r\n5.Cheque requisition .\r\nPlease provide us as soo', '2022-09-11 07:20:52', NULL, NULL),
(198, '312', 'Cutting confirmation & new KYC profile form required', '2022-09-12 04:24:12', NULL, NULL),
(199, '148', 'Income declaration letter (HOB & BOM seal & sing) required', '2022-09-12 04:25:27', NULL, NULL),
(200, '415', 'Beneficial owner Photo (Passport size) required', '2022-09-12 04:55:48', NULL, NULL),
(201, '271', 'A/C holder photo seal missing.', '2022-09-12 05:42:35', NULL, NULL),
(202, '406', 'Beneficial owner Name mismatch required.', '2022-09-12 05:54:14', NULL, NULL),
(203, '408', 'Beneficial owner Name mismatch required.', '2022-09-12 06:03:53', NULL, NULL),
(204, '466', 'DONE', '2022-09-12 06:05:42', NULL, NULL),
(205, '216', '*Valid trade license required. * KYC incomplete .*Nominee page-FATCA incomplete .*AOF-last page incomplete.', '2022-09-12 06:16:19', NULL, NULL),
(206, '160', 'CPV & KYC some field incomplete', '2022-09-12 06:20:37', NULL, NULL),
(207, '299', 'New KYC form ,Beneficiary owner required', '2022-09-12 08:16:54', NULL, NULL),
(208, '41', 'Please send us (check book requsition no signature varify, photo varify sill, kyc,terms & condition, income declearation, cpv, utility bill). As soon as possible.', '2022-09-12 08:49:11', NULL, NULL),
(209, '53', 'all documents are missing ,please send it asap.', '2022-09-12 08:50:29', NULL, NULL),
(210, '354', '*AOF-incomplete.*FATCA incomplete.*Cutting confirmation required. **Trade license, Partnership deed,UN sanction,KYC ,Terms & Conditions required. *Mode of operation correction required', '2022-09-12 10:16:54', NULL, NULL),
(211, '330', 'Signature Card- HOB/BOM sing & seal, KYC required, Trams and Conditions, FATCA  Incomplete, Cutting conformation required.', '2022-09-12 10:25:36', NULL, NULL),
(212, '489', 'Trade license required. FATCA Incomplete.', '2022-09-12 10:46:36', NULL, NULL),
(213, '374', 'AOF  FORM & DOCUMENTS MISSING', '2022-09-12 10:47:33', NULL, NULL),
(214, '69', 'Terms & conditions required.', '2022-09-13 04:20:11', NULL, NULL),
(215, '338', 'Nominee Original NID required.', '2022-09-13 08:05:34', NULL, NULL),
(216, '178', 'Correction required in AOF & TIN certificate missing.', '2022-09-13 09:49:33', NULL, NULL),
(217, '265', 'A/C holder photo seal missing', '2022-09-13 09:50:39', NULL, NULL),
(218, '178', 'DONE.', '2022-09-13 10:05:11', NULL, NULL),
(219, '451', 'CPV REQUIRED', '2022-09-14 04:13:05', NULL, NULL),
(220, '69', 'Terms & conditions and beneficial owner required.', '2022-09-14 06:18:26', NULL, NULL),
(221, '182', 'Employee ID Card required.', '2022-09-14 06:29:07', NULL, NULL),
(222, '534', 'Nominee NID verification & nominee page AOF sign missing in signature admitted seal. Beneficial owner & KYC (Beneficial owner) required.', '2022-09-14 09:49:24', NULL, NULL),
(223, '531', 'Beneficial Owner KYC required .', '2022-09-14 10:02:56', NULL, NULL),
(224, '566', 'Third part Nominee page no-4 (Customer sing) Admitted seal.', '2022-09-14 10:47:34', NULL, NULL),
(225, '85', 'Signature card name mismatch a/c holder & HOB/BOM seal sign \r\nFirst & last page of AOF incomplete.\r\nFatca & KYC incomplete.\r\nCPV  , utility bill & income declaration', '2022-09-15 06:45:15', NULL, NULL),
(226, '549', 'Beneficial owner photo and KYC required (Juwel ghosh)', '2022-09-15 07:50:52', NULL, NULL),
(227, '409', 'SIGNATURE CARD - HOB/BOM SEAL REQ.', '2022-09-15 09:24:10', NULL, NULL),
(228, '82', '*AOF-some sector are incomplete, cutting confirmation required.\r\n*Rescan signature card and BOM/HOB seal missing. *cheque requisition authorize seal and signature missing .*UN Sanctions one a', '2022-09-15 09:58:07', NULL, NULL),
(229, '560', 'KYC profile form correctly fill up of income declaration  (serial no.9)', '2022-09-15 10:44:32', NULL, NULL),
(230, '336', 'Signature card seal, FATCA Incomplete, Terms &  Conditions Required, CPV required, Trade license, National ID seal.', '2022-09-15 11:00:27', NULL, NULL),
(231, '337', 'Account Opening form & Documents missing.', '2022-09-18 03:44:14', NULL, NULL),
(232, '103', 'Tashmia Akter Khanam NID & Nominee NID.', '2022-09-18 03:50:46', NULL, NULL),
(233, '101', 'Beneficial owner required.', '2022-09-18 04:11:41', NULL, NULL),
(234, '489', 'RISK GRADE Incomplete, Business  Type.', '2022-09-18 06:05:06', NULL, NULL),
(235, '574', 'KYC form correctly fill up of income declaration (serial no.9)', '2022-09-18 06:40:28', NULL, NULL),
(236, '93', 'Risk grad. KYC some field incomplete, utility bill or CPV, cutting confirmation', '2022-09-18 07:36:11', NULL, NULL),
(237, '419', 'Beneficial Owner required and Rescan NID. (last page missing)', '2022-09-18 08:57:10', NULL, NULL),
(238, '543', '*Signature card-Admitted seal required. *AOF-admitted seal required (2nd page).Employee id required.', '2022-09-18 09:46:13', NULL, NULL),
(239, '559', 'CPV and Employee ID required.', '2022-09-18 09:59:00', NULL, NULL),
(240, '536', 'KYC required.', '2022-09-18 10:27:04', NULL, NULL),
(241, '280', 'On signature card sign missing in admitted seal .Nominee page AOF signature admitted seal & sign missing.', '2022-09-18 10:46:14', NULL, NULL),
(242, '418', 'Debit card form incomplete.', '2022-09-18 10:57:10', NULL, NULL),
(243, '595', 'signature card- signature admitted req.,trade license, KYC form fill up source  of fund (serial no. 09),income declaration letter required', '2022-09-18 11:02:18', NULL, NULL),
(244, '547', 'KYC profile form source of fund fill up(serial no.09) - a/c holder & legal guardian both person', '2022-09-18 11:09:21', NULL, NULL),
(245, '449', 'Employee ID card & branch name change( income declaration letter) required', '2022-09-18 11:10:04', NULL, NULL),
(246, '447', 'KYC profile form correctly fill up (serial no.9)', '2022-09-18 11:11:25', NULL, NULL),
(247, '389', 'BENEFICIARY OWNER REQUIRED', '2022-09-18 11:16:12', NULL, NULL),
(248, '594', 'signature card & AOF 2nd page -signature admitted req.,FATCA incomplete, SBS,deposit code, RM code, Risk grade,cheque book requisition sector,source of fund fill up (serial no. 09) req.', '2022-09-18 11:19:52', NULL, NULL),
(249, '545', 'KYC profile form fill up (serial no.9)', '2022-09-19 03:00:43', NULL, NULL),
(250, '448', '*Signature Card-admitted seal required. *AOF-FATCA Incomplete(3rd page)\r\n*Trade license required.', '2022-09-19 03:10:24', NULL, NULL),
(251, '343', '*Signature card-HOB/HOB seal and signature required.*AOF-FATCA incomplete, 2nd page incomplete, admitted seal and HOB/HOB seal and signature required(3rd page),*employee id and income declara', '2022-09-19 03:11:17', NULL, NULL),
(252, '531', 'KYC incomplete (serial no.9).', '2022-09-19 04:05:35', NULL, NULL),
(253, '165', 'Cutting Confirmation and Employee id required.', '2022-09-19 04:12:04', NULL, NULL),
(254, '452', 'All Documents and AOF missing.', '2022-09-19 04:23:25', NULL, NULL),
(255, '222', '*Signature card-HOB/BOM seal and signature required. *AOF- signature required(3rd page) admitted seal.*CPV required.*Correction A/C holder name in DAS.', '2022-09-19 04:32:56', NULL, NULL),
(256, '87', 'Signature Card: HOB/BOM seal and signature missing.\r\nCheque requisition: Authorize seal missing.\r\nRequired documents are: Form XII ,Board of Resolution, List of director with their address.', '2022-09-19 04:39:12', NULL, NULL),
(257, '438', 'beneficial owner required.', '2022-09-19 06:12:34', NULL, NULL),
(258, '666', 'AOF-incomplete 2nd page. *Income declaration-mention nature of business or service and name .*employee id (service) if Business (trade license) required. *KYC- incomplete.', '2022-09-19 06:27:10', NULL, NULL),
(259, '108', 'Terms & conditions required.', '2022-09-19 06:27:45', NULL, NULL),
(260, '525', 'Employee ID / salary certificate / Appoinment letter required.', '2022-09-19 06:51:23', NULL, NULL),
(261, '488', 'KYC incomplete (serial no.9).', '2022-09-19 07:23:08', NULL, NULL),
(262, '453', 'KYC incomplete (serial no.10).', '2022-09-19 07:27:34', NULL, NULL),
(263, '77', 'Signature card missing date ( bom or hob signature with seal), Fatca incomplete in AOF, CPV or Utility bill, Income declaration. Please provide us as soon as possible.', '2022-09-19 07:41:21', NULL, NULL),
(264, '578', 'Trade license required, KYC incomplete (serial no.9).', '2022-09-19 07:45:04', NULL, NULL),
(265, '487', 'KYC form correctly fill up of income declaration (serial no. 9)', '2022-09-19 08:38:04', NULL, NULL),
(266, '369', 'UN Sanctions & TIN required.', '2022-09-19 08:43:54', NULL, NULL),
(267, '638', 'A/C holder NID verification required.', '2022-09-19 08:49:41', NULL, NULL),
(268, '531', 'beneficial owner required.', '2022-09-19 09:09:00', NULL, NULL),
(269, '93', 'Risk grade required', '2022-09-19 09:12:22', NULL, NULL),
(270, '681', 'SBS CODE Incomplete.', '2022-09-19 09:33:39', NULL, NULL),
(271, '59', 'KYC Incomplete.', '2022-09-19 09:48:32', NULL, NULL),
(272, '455', '*KYC(1st page).- serial number 3,4,10,11 incomplete and number 5 need to correction.', '2022-09-19 09:48:45', NULL, NULL),
(273, '398', 'Signature card rescan, first page in AOF  initial deposit amount mismatch, valid trade license & UN Sanctions required.', '2022-09-19 09:56:30', NULL, NULL),
(274, '509', '*Signature card missing.*AOF-FATCA incomplete and nominee photo required.*CPV and employee id required.', '2022-09-19 10:00:15', NULL, NULL),
(275, '109', 'Account holder round seal, Income Declaration Letter', '2022-09-19 10:13:06', NULL, NULL),
(276, '400', 'UN Sanctions ,Terms & conditions seal & sign required ( authorized person).', '2022-09-19 10:16:20', NULL, NULL),
(277, '74', 'Signature card - HOB/BOM seal req., AOF 1st page (account holder designation fill up) req.', '2022-09-19 10:30:44', NULL, NULL),
(278, '677', 'A/C. NUMBER & MANE MISMATCH', '2022-09-19 10:32:45', NULL, NULL),
(279, '401', 'First page of AOF initial deposit required. Last page of AOF deposit code & SBS cobe missing. UN Sanctions ,nominee page AOF signature admitted seal & sign and fatca required.', '2022-09-19 10:40:16', NULL, NULL),
(280, '534', 'Nominee NID verification & nominee page AOF sign missing in signature admitted seal. Beneficial owner required.', '2022-09-19 11:09:05', NULL, NULL),
(281, '605', 'CPV required.', '2022-09-19 11:11:30', NULL, NULL),
(282, '224', 'AOF- FATCA incomplete and HOB seal required. Signature card -HOB signature required. *Employee id & income declaration required.', '2022-09-19 11:17:57', NULL, NULL),
(283, '188', '*Permission copy required from health ministry.*RM code.*BM signature and signature admitted seal required.*Two copy photo required( jannatul ferdous).*AOF fully incomplete (2nd page,3rd page', '2022-09-20 06:35:03', NULL, NULL),
(284, '523', '*KYC 1st page 9 number correction.*AOF-admitted seal required.(2nd page)', '2022-09-20 06:38:11', NULL, NULL),
(285, '524', 'AOF-last page incomplete.', '2022-09-20 06:41:35', NULL, NULL),
(286, '455', 'O/S seal required (authorize person)', '2022-09-20 06:45:48', NULL, NULL),
(287, '567', 'KYC incomplete (serial no.09).', '2022-09-20 07:07:14', NULL, NULL),
(288, '684', 'Signature card-HOB/BOM seal required. *UN Sanctions-Seal missing.', '2022-09-20 07:23:30', NULL, NULL),
(289, '439', '*House rent receipt required. *Birth certificate- nominee photo attested by ward commissioner .', '2022-09-20 08:41:49', NULL, NULL),
(290, '699', 'UN required.', '2022-09-20 08:53:43', NULL, NULL),
(291, '715', 'MBS DONE', '2022-09-20 08:54:30', NULL, NULL),
(292, '666', 'AOF-incomplete 2nd page. *Income declaration-mention nature of business or service and name .*employee id (service) if Business (trade license) required. *KYC- incomplete. **account number mi', '2022-09-20 09:14:48', NULL, NULL),
(293, '682', 'Signature card - Branch name missing.', '2022-09-20 09:15:57', NULL, NULL),
(294, '510', 'FATCA incomplete KYC -need to correction serial no-09 (1st page),Employee ID/salary certificate/Appointment letter', '2022-09-20 09:20:50', NULL, NULL),
(295, '702', 'Third part Nominee page (Customer sign) Admitted seal.', '2022-09-20 09:29:44', NULL, NULL),
(296, '399', 'Last page in AOF SBS & Deposit code missing. Last page in KYC HOB seal & sign missing. UN Sanctions , income declaration and Terms & Conditions required.', '2022-09-20 09:37:20', NULL, NULL),
(297, '693', 'Valid Trade license & KYC 9 NO fillup correctly.', '2022-09-20 10:04:36', NULL, NULL),
(298, '645', 'AOF - signature admitted seal(2nd page) & risk grade req. KYC - full form required', '2022-09-20 10:28:44', NULL, NULL),
(299, '544', '*Signature Card-seal and designation required.*AOF-Incomplete ,Cutting confirmation required,FATCA incomplete.*cheque requisition-signature verified required. *Board resolution-Mode of operat', '2022-09-20 10:41:57', NULL, NULL),
(300, '544', 'Certificate of Incorporation not attested by RJSC, Mode of operation not mentioned in Signature Card, \"Quram\" and \"Bank Account\" page require (Article of Association) List of Director with th', '2022-09-20 10:56:41', NULL, NULL),
(301, '590', 'Initial deposit blank, Cutting confirmation req. (3rd page), A/C and ID number blank (3rd page), FATCA incomplete, Net worth blank (KYC), In KYC point 16 wrongly fill up. In KYC point 17 blan', '2022-09-20 11:09:38', NULL, NULL),
(302, '718', 'KYC form correctly fill up source of income declaration (serial no. 9)', '2022-09-21 02:51:23', NULL, NULL),
(303, '511', 'FATCA Incomplete', '2022-09-21 03:02:56', NULL, NULL),
(304, '667', 'KYC profile form correctly fill up of income declaration(serial no.9) & some field incomplete', '2022-09-21 03:19:01', NULL, NULL),
(305, '102', 'Income Declaration Letter', '2022-09-21 03:31:26', NULL, NULL),
(306, '613', 'FATCA Incomplete', '2022-09-21 03:55:13', NULL, NULL),
(307, '474', 'FDR FORM & DOCUMENTS MISSING', '2022-09-21 03:57:09', NULL, NULL),
(308, '614', 'FATCA Incomplete', '2022-09-21 03:59:57', NULL, NULL),
(309, '569', 'FATCA REQUIRED', '2022-09-21 04:07:22', NULL, NULL),
(310, '660', 'Terms & conditions signature verify seal & sign missing.', '2022-09-21 06:07:28', NULL, NULL),
(311, '517', 'FATCA Incomplete', '2022-09-21 06:26:45', NULL, NULL),
(312, '736', '*AOF-initial deposit missing. AOF last page  incomplete.', '2022-09-21 06:54:55', NULL, NULL),
(313, '712', 'All documents and AOF missing.', '2022-09-21 07:18:25', NULL, NULL),
(314, '60', 'Please provide us full documents with AOF', '2022-09-21 07:56:38', NULL, NULL),
(315, '752', 'Cutting confirmation & Nominee photo required', '2022-09-21 09:03:07', NULL, NULL),
(316, '645', 'clear signature card provide us', '2022-09-21 09:25:57', NULL, NULL),
(317, '461', 'Trade license require as proof of income, KYC profile form point 9 wrong information, Nominee photo attested on Birth Certificate.', '2022-09-21 10:50:29', NULL, NULL),
(318, '551', '*Income Declaration-mention organization name and designation. AOF-2nd page incomplete.', '2022-09-21 11:00:31', NULL, NULL),
(319, '625', 'AOF last page and KYC incomplete.', '2022-09-22 02:36:22', NULL, NULL),
(320, '627', 'FATCA incomplete, KYC profile form some field incomplete', '2022-09-22 03:29:35', NULL, NULL),
(321, '83', 'AOF- (FATCA & last page incomplete), Utility bill, CPV, Beneficiary owner form missing, declaration income of source, KYC 2nd page incomplete (TP)', '2022-09-22 05:07:04', NULL, NULL),
(322, '670', 'KYC form correctly fill up of source of income declaration(serial no 09)', '2022-09-22 06:34:45', NULL, NULL),
(323, '618', 'TIN certificate', '2022-09-22 06:54:14', NULL, NULL),
(324, '770', 'Income declaration mismatch.', '2022-09-22 07:27:09', NULL, NULL),
(325, '526', 'Terms & conditions signature verify seal & sign missing.', '2022-09-22 07:50:55', NULL, NULL),
(326, '721', 'Account Opening all documents papers required.', '2022-09-22 08:36:32', NULL, NULL),
(327, '694', 'Board Resolution require, A/C title differ between AOF & Trade License & Partnership Deed, Spouse name differ between AOF and Partnership deed (Kutub uddin), In KYC point 51 not fill up prope', '2022-09-22 08:37:57', NULL, NULL),
(328, '628', 'KYC form correctly fill up of source of income(serial no. 09)', '2022-09-22 08:55:34', NULL, NULL),
(329, '658', 'FATCA Incomplete, Name mismatch NID with T24 - required supporting documents', '2022-09-22 09:19:57', NULL, NULL),
(330, '366', 'Nominee all documents Required.', '2022-09-22 09:29:06', NULL, NULL),
(331, '613', '*CPV- Correction required.(mailing address)', '2022-09-22 09:31:05', NULL, NULL),
(332, '739', 'clear signature card provide us & TP correction', '2022-09-22 09:41:59', NULL, NULL),
(333, '375', 'BENEFICIARY OWNER REQUIRED', '2022-09-22 10:19:26', NULL, NULL),
(334, '697', '*AOF-cutting confirmation required. *Employee id Required. *CPV required.', '2022-09-22 10:52:30', NULL, NULL),
(335, '781', '*Signature Card-admitted seal required.', '2022-09-22 11:19:56', NULL, NULL),
(336, '666', '*KYC- serial 09 correction required.(1st page), 2nd page incomplete *Employee id and CPV required.', '2022-09-22 11:24:18', NULL, NULL),
(337, '695', '*Cheque requisition- authorized person seal and signature required.*AOF- FATCA incomplete and 3rd page incomplete.*CPV required.', '2022-09-25 02:39:22', NULL, NULL),
(338, '737', '*AOF-2nd page cutting confirmation required. Documents-O/S(Authorized person seal required)', '2022-09-25 03:57:03', NULL, NULL),
(339, '567', 'AOF(1st page) - mother & spouse name missing', '2022-09-25 05:34:23', NULL, NULL),
(340, '551', 'KYC form fill up source of income declaration (serial no 9)', '2022-09-25 05:40:28', NULL, NULL),
(341, '746', 'Signature card- Name missing. AOF  in CIF -monthly income & source of fund required.', '2022-09-25 05:45:44', NULL, NULL),
(342, '740', 'Cutting confirmation required in AOF. KYC Incomplete.', '2022-09-25 05:48:12', NULL, NULL),
(343, '684', 'A/C. holder TIN required', '2022-09-25 06:06:46', NULL, NULL),
(344, '737', 'Done', '2022-09-25 06:31:50', NULL, NULL),
(345, '669', 'KYC 9 NO Incomplete.', '2022-09-25 06:48:50', NULL, NULL);

-- --------------------------------------------------------

--
-- Table structure for table `caos_file`
--

CREATE TABLE `caos_file` (
  `id` bigint(20) UNSIGNED NOT NULL,
  `acc_no` varchar(191) COLLATE utf8mb4_unicode_ci NOT NULL,
  `identificationType` varchar(191) COLLATE utf8mb4_unicode_ci NOT NULL,
  `identification_number` varchar(191) COLLATE utf8mb4_unicode_ci NOT NULL,
  `cust_id` varchar(191) COLLATE utf8mb4_unicode_ci NOT NULL,
  `cust_name` varchar(191) COLLATE utf8mb4_unicode_ci DEFAULT NULL,
  `phone_no` varchar(191) COLLATE utf8mb4_unicode_ci DEFAULT NULL,
  `email` varchar(191) COLLATE utf8mb4_unicode_ci DEFAULT NULL,
  `branch` varchar(191) COLLATE utf8mb4_unicode_ci NOT NULL,
  `created_by` varchar(191) COLLATE utf8mb4_unicode_ci NOT NULL,
  `status` tinyint(1) NOT NULL DEFAULT 1 COMMENT '1:created | 2:checked | 3:verified',
  `created_at` timestamp NULL DEFAULT NULL,
  `updated_at` timestamp NULL DEFAULT NULL,
  `deleted_at` timestamp NULL DEFAULT NULL,
  `ordinal` bigint(20) UNSIGNED DEFAULT NULL
) ENGINE=InnoDB DEFAULT CHARSET=utf8mb4 COLLATE=utf8mb4_unicode_ci;

--
-- Dumping data for table `caos_file`
--

INSERT INTO `caos_file` (`id`, `acc_no`, `identificationType`, `identification_number`, `cust_id`, `cust_name`, `phone_no`, `email`, `branch`, `created_by`, `status`, `created_at`, `updated_at`, `deleted_at`, `ordinal`) VALUES
(30, '0112700518192', 'NATIONAL.ID', '4606273581', '100278251', 'ROZINA AKTER', '01716432840', 'rozi.rahman84@gmail.com', '38', '18', 3, '2022-08-10 08:28:01', '2022-08-16 09:51:01', NULL, 68),
(31, '0112900518230', 'NATIONAL.ID', '1937216073', '100278282', NULL, NULL, NULL, '35', '5', 3, '2022-08-10 09:36:20', '2022-09-01 08:27:01', NULL, 443),
(32, '0112000518169', 'NATIONAL.ID', '8203515856', '300278207', 'MD. NASIR UDDIN KAZI', '01951104316', NULL, '44', '24', 3, '2022-08-10 06:42:57', '2022-09-08 04:17:01', NULL, 24),
(33, '0112000518244', 'NATIONAL.ID', '1507682761', '100178294', 'SANJIDA AKTER', '01630850539', 'NIL', '59', '29', 3, '2022-08-10 07:12:10', '2022-08-11 07:27:03', NULL, 18),
(34, '0112900518346', 'NATIONAL.ID', '8704809709', '100278365', 'MAHABUB HOSSAIN', '01679264661', 'NIL', '59', '29', 3, '2022-08-10 07:13:31', '2022-08-11 07:01:50', NULL, 17),
(36, '0112900518398', 'NATIONAL.ID', '9119833243', '100278363', 'MD. TAIMUR HUSSAIN KHAN', '01711328292', 'NIL', '59', '29', 3, '2022-08-10 13:16:07', '2022-08-11 06:10:07', NULL, 16),
(38, '0112900518214', 'NATIONAL.ID', '7364127097', '100278266', 'ANTOR PAUL', '01827065478', NULL, '49', '12', 2, '2022-08-11 04:34:34', '2022-08-31 03:53:38', NULL, 327),
(39, '0112700518366', 'NATIONAL.ID', '2915637102453', '100278356', 'REHANA BEGUM', '01711668035', NULL, '38', '18', 3, '2022-08-11 05:22:47', '2022-08-16 07:17:04', NULL, 67),
(40, '0112900518422', 'NATIONAL.ID', '6414254562', '100277591', NULL, NULL, NULL, '22', '31', 3, '2022-08-11 07:24:03', '2022-08-23 08:08:04', NULL, 122),
(41, '0112000518531', 'NATIONAL.ID', '8711585490', '100278450', 'PROSHANTA KUMAR DAS', '01736164825', NULL, '49', '12', 2, '2022-08-11 07:24:56', '2022-09-12 08:49:11', NULL, 28),
(42, '0112900518526', 'NATIONAL.ID', '4655667162', '100278441', 'MASUD RANA', '01857273650', NULL, '49', '12', 3, '2022-08-11 07:28:14', '2022-08-11 08:15:51', NULL, 30),
(43, '0112000518574', 'NATIONAL.ID', '6431357570', '100278487', 'MST MODINA KHATUN', '01925562694', NULL, '44', '23', 3, '2022-08-11 08:18:31', '2022-08-16 06:03:06', NULL, 54),
(45, '0112700518427', 'NATIONAL.ID', '3293104331', '100277959', 'SOFIA AKTER BHUIYAN', '01945685771', NULL, '22', '31', 3, '2022-08-11 09:42:16', '2022-08-16 11:57:46', NULL, 53),
(46, '0111100518429', 'NATIONAL.ID', '7331055322', '100278040', 'AMAR JIBON', '01963087297', NULL, '22', '31', 3, '2022-08-11 09:45:34', '2022-08-30 06:33:58', NULL, 141),
(48, '0112000518218', 'NATIONAL.ID', '4716427106459', '100278264', NULL, NULL, NULL, '35', '5', 3, '2022-08-11 11:03:31', '2022-08-29 10:47:25', NULL, 139),
(49, '0151200518689', 'NATIONAL.ID', '4711710486150', '100278550', NULL, NULL, NULL, '35', '5', 3, '2022-08-11 11:18:10', '2022-08-16 04:14:10', NULL, 39),
(50, '0112700518221', 'NATIONAL.ID', '4625467461', '100278272', 'BEUTY AKTER', '01839789494', NULL, '49', '12', 3, '2022-08-11 11:31:22', '2022-08-31 04:49:53', NULL, 334),
(51, '0112700518234', 'NATIONAL.ID', '1315831449583', '100278284', 'FARZANA BEGUM', '01684547180', NULL, '49', '12', 2, '2022-08-11 11:37:03', '2022-08-30 05:40:20', NULL, 41),
(52, '0112700518184', 'NATIONAL.ID', 'BR0888174', '100278252', 'FATAMA BEGUM', '01827312463', NULL, '49', '12', 3, '2022-08-11 11:40:56', '2022-09-06 10:47:37', NULL, 548),
(53, '0112900518394', 'NATIONAL.ID', '3293638395', '100278361', 'FEROZ AHMED', '01775666366', 'ferozbd66@gmail.com', '49', '12', 2, '2022-08-11 11:43:24', '2022-09-12 08:50:29', NULL, 43),
(54, '0112900518759', 'NATIONAL.ID', '19914715372000431', '200278600', 'ARSENAL MODEL SCHOOL', '01923856316', 'NIL', '59', '29', 3, '2022-08-11 13:18:42', '2022-08-29 10:11:07', NULL, 47),
(55, '0134000518478', 'NATIONAL.ID', '69163731116750', '100033991', 'MST. SOKINA KHATUN', NULL, NULL, '47', '34', 3, '2022-08-14 05:49:26', '2022-08-31 09:07:29', NULL, 348),
(56, '0112900518318', 'NATIONAL.ID', '6897827231', '100198769', 'MD. MANJURUL ISLAM', '01715414234', NULL, '44', '24', 3, '2022-08-14 07:45:46', '2022-08-16 06:01:41', NULL, 56),
(57, '0112900518800', 'NATIONAL.ID', '2808425678', '100278621', 'MD. AL AMIN', '01682344111', NULL, '35', '5', 3, '2022-08-14 11:18:43', '2022-08-31 08:07:22', NULL, 359),
(58, '0131000518803', 'NATIONAL.ID', '2808425678', '100278621', 'MD. AL AMIN', '01682344111', NULL, '35', '5', 3, '2022-08-14 11:21:31', '2022-08-23 03:15:19', NULL, 58),
(59, '0112000518912', 'NATIONAL.ID', '8657095231', '100278687', 'SAIMA HAQUE SORNO', '01682796873', NULL, '59', '30', 2, '2022-08-14 11:45:57', '2022-09-19 09:48:32', NULL, 1008),
(60, '0112700518885', 'NATIONAL.ID', '6419267692', '100278678', 'RABAKA SULTANA', '01712165213', NULL, '59', '30', 4, '2022-08-14 11:48:41', '2022-09-25 06:35:40', NULL, 1227),
(61, '0112700518871', 'NATIONAL.ID', '7804768146', '100278667', 'AKLIMA AKTER', '01517051279', NULL, '59', '30', 2, '2022-08-14 12:17:04', '2022-08-17 10:33:37', NULL, 100),
(62, '0131100518888', 'NATIONAL.ID', '19877813865000034', '100278673', 'SYED ABUL KALAM AZAD', NULL, NULL, '47', '34', 3, '2022-08-14 12:17:38', '2022-08-17 06:48:02', NULL, 84),
(63, '0124200518765', 'NATIONAL.ID', '6128108196838', '100241493', 'MST. SABINA YESMIN', NULL, NULL, '47', '34', 3, '2022-08-14 12:20:33', '2022-08-17 06:42:02', NULL, 82),
(64, '0132200518874', 'NATIONAL.ID', '1466328935', '100202715', 'SHAHIDA BEGUM', NULL, NULL, '47', '34', 3, '2022-08-14 12:22:05', '2022-08-28 09:03:19', NULL, 237),
(65, '0112000518763', 'NATIONAL.ID', '3737808711', '100278602', 'DR. M A NASIR', '01713310445', 'drmanasir52.ch@gmail.com', '59', '30', 2, '2022-08-14 12:59:43', '2022-08-17 09:52:58', NULL, 97),
(66, '0112000518913', 'NATIONAL.ID', '8206303623', '100277575', 'SYED TAREQ', NULL, NULL, '47', '34', 2, '2022-08-16 04:07:42', '2022-09-05 05:58:29', NULL, 496),
(67, '0112900518839', 'NATIONAL.ID', '2698878295170', '100016362', 'SANKAR PRASAD ROY', NULL, NULL, '22', '32', 3, '2022-08-16 09:48:13', '2022-08-23 08:06:23', NULL, 121),
(68, '0112700518978', 'NATIONAL.ID', '4795131544244', '100278752', NULL, NULL, NULL, '35', '6', 3, '2022-08-16 10:51:14', '2022-09-06 06:47:27', NULL, 522),
(69, '0112700518973', 'NATIONAL.ID', '2823741794', '100278741', NULL, NULL, NULL, '35', '6', 2, '2022-08-16 10:54:29', '2022-09-14 06:18:26', NULL, 834),
(70, '0112700518934', 'NATIONAL.ID', '3294371327', '100278701', NULL, NULL, NULL, '35', '6', 3, '2022-08-16 10:57:33', '2022-09-04 05:11:54', NULL, 464),
(71, '0112700518946', 'NATIONAL.ID', '2809305572', '100278707', NULL, NULL, NULL, '22', '31', 3, '2022-08-16 11:32:04', '2022-08-24 11:11:18', NULL, 124),
(73, '0112700519172', 'NATIONAL.ID', '3282797541', '100278854', 'SANJIDA FERDOUSI', '01729805022', 'sanjidaferdousi29@gmail.com', '59', '29', 1, '2022-08-16 12:30:12', '2022-08-16 12:30:12', NULL, 78),
(74, '0112000519082', 'NATIONAL.ID', '9123308562', '100278805', 'JOSHNA BEGUM', '01768344409', NULL, '57', '22', 3, '2022-08-16 13:10:54', '2022-09-19 10:30:44', NULL, 998),
(75, '0112700518699', 'NATIONAL.ID', '2806454787', '100278574', 'LUTFUN NESSA BEGUM', '01717222487', NULL, '38', '18', 3, '2022-08-17 04:40:28', '2022-08-21 09:16:41', NULL, 108),
(76, '0112700518961', 'NATIONAL.ID', '5522749950', '100273946', 'FARHANA ABEDIN', '01716180440', 'abedin_farhana@yahoo.com', '38', '18', 3, '2022-08-17 06:51:51', '2022-08-21 07:18:38', NULL, 88),
(77, '0112000519084', 'NATIONAL.ID', '9314736318371', '100278796', 'MST. MINA BEGUM', '01726740964', NULL, '57', '22', 2, '2022-08-17 07:11:51', '2022-09-19 07:41:21', NULL, 986),
(78, '0112900518663', 'NATIONAL.ID', '8650070397', '100278552', 'SYED REZAUL HAQUE', '01748487474', 'parag.reza@yahoo.com', '14', '9', 3, '2022-08-17 07:39:01', '2022-09-04 04:57:08', NULL, 356),
(79, '0111100519078', 'NATIONAL.ID', '1912787895654', '200278795, 100278794', 'NEPTUNE TRADE CORPORATION', '01721125835', 'ntradecorporation@gmail.com', '14', '9', 2, '2022-08-17 08:15:39', '2022-08-17 08:35:38', NULL, 93),
(80, '0112000518925', 'NATIONAL.ID', '3757231562', '100278682', 'MD LALON GAZI', '01816288797', NULL, '38', '18', 3, '2022-08-17 09:18:24', '2022-08-23 06:03:04', NULL, 134),
(81, '0112000519090', 'NATIONAL.ID', '3311120616', '100278793', 'MD. CHAN MIAH', '01849890849', NULL, '57', '22', 1, '2022-08-17 09:58:22', '2022-08-17 09:58:22', NULL, 98),
(82, '0112000519482', 'NATIONAL.ID', '5414088842152', '100279025', 'SHAHAB UDDIN', '01746176460', NULL, '14', '9', 3, '2022-08-17 10:10:04', '2022-09-15 09:58:07', NULL, 917),
(83, '0112700519182', 'NATIONAL.ID', '8211223634', '100278868', 'PARVIN AKTER', '01881086291', NULL, '49', '10', 2, '2022-08-17 10:37:45', '2022-09-22 05:07:04', NULL, 1142),
(84, '0112900519197', 'NATIONAL.ID', '19906112433000113', '100278878', 'ASHRAFUL', '01625147742', NULL, '59', '30', 2, '2022-08-17 10:49:50', '2022-08-23 10:18:03', NULL, 102),
(85, '0112000519298', 'NATIONAL.ID', '19762696406700688', '100278909', 'MD. ASHRAF SORDER', NULL, NULL, '47', '34', 2, '2022-08-17 11:13:43', '2022-09-15 06:45:15', NULL, 846),
(86, '0112000519295', 'NATIONAL.ID', '4191567199', '100278905', 'MST. MONI BEGUM', NULL, NULL, '47', '34', 2, '2022-08-17 11:43:26', '2022-08-22 06:49:52', NULL, 104),
(87, '0111100519737', 'NATIONAL.ID', '8210051200', '200279180, 100279175', 'AUTO MUSEUM LTD.', '01713007127', 'amlgulshan111@gmail.com', '14', '45', 3, '2022-08-21 09:28:50', '2022-09-19 04:39:12', NULL, 534),
(88, '0131100519418', 'NATIONAL.ID', '5568178494', '500245209', 'MD. IBRAHIM', '01796379721', NULL, '35', '5', 3, '2022-08-21 09:59:01', '2022-08-21 11:59:53', NULL, 111),
(89, '0131300518890', 'NATIONAL.ID', '19841317917000015', '100144218', 'MD. ABDUR RAHMAN', '01724643540', NULL, '35', '5', 3, '2022-08-21 10:32:17', '2022-08-21 11:38:55', NULL, 113),
(90, '0131300518894', 'NATIONAL.ID', '19841317917000015', '100144218', 'MD. ABDUR RAHMAN', '01724643540', NULL, '35', '5', 3, '2022-08-21 10:33:46', '2022-08-22 05:31:18', NULL, 114),
(91, '0131300518899', 'NATIONAL.ID', '19841317917000015', '100144218', 'MD. ABDUR RAHMAN', '01724643540', NULL, '35', '5', 3, '2022-08-21 10:34:53', '2022-08-21 11:31:37', NULL, 115),
(92, '0131300518967', 'NATIONAL.ID', '6002079751', '100278736', 'SHAK MD. RASHAD JAMMAN', '01918376367', NULL, '35', '5', 3, '2022-08-21 11:37:54', '2022-08-21 11:47:05', NULL, 117),
(93, '0112700519790', 'NATIONAL.ID', '3289054433', '100279196', 'ANY BEGUM', NULL, NULL, '47', '34', 3, '2022-08-21 11:50:28', '2022-09-19 09:12:22', NULL, 1000),
(94, '0112700519778', 'NATIONAL.ID', '4161590866', '100140683', 'ANITA RANI BHAKTA', '01727217014', NULL, '49', '13', 2, '2022-08-21 11:53:13', '2022-08-29 09:38:05', NULL, 132),
(95, '0112000519815', 'NATIONAL.ID', '4164663942', '100270300', 'SHAHANA AZAD', '01817030221', 'NIL', '59', '29', 3, '2022-08-21 12:18:30', '2022-08-24 09:37:58', NULL, 199),
(96, '0113900519978', 'NATIONAL.ID', '9314758439272', '100142089', 'MANIRA KHANAM', '01834253907', NULL, '57', '22', 3, '2022-08-22 06:02:54', '2022-08-23 12:07:40', NULL, 128),
(97, '0131000519939', 'NATIONAL.ID', '4171863006', '100279242', 'MD. ISLAM HOSSAIN', NULL, NULL, '47', '34', 3, '2022-08-22 06:11:28', '2022-08-24 07:54:27', NULL, 126),
(98, '0112000519987', 'NATIONAL.ID', '100279311', '100279311', 'MD.MUID HASAN ANIK', '01533082563', 'muid.hasan@gmail.com', '38', '18', 3, '2022-08-22 06:19:37', '2022-08-23 05:58:50', NULL, 138),
(99, '01242519799', 'NATIONAL.ID', '3289054433', '100279196', 'ANY BEGUM', NULL, NULL, '47', '34', 3, '2022-08-22 06:37:56', '2022-08-25 02:00:11', NULL, 129),
(100, '0112700519893', 'Passport Number', 'BH0502522', '100279264', 'SHAHNAJ AKTER', '01711084952', 'bhuiarica24@gmail.com', '14', '9', 3, '2022-08-22 08:24:43', '2022-08-23 10:25:05', NULL, 146),
(101, '0112000518714', 'NATIONAL.ID', '8711134521', '100278575', 'MAJEDA KHATUN', '01730290339', NULL, '44', '24', 3, '2022-08-22 09:06:32', '2022-09-18 04:11:41', NULL, 135),
(102, '0112900519886', 'NATIONAL.ID', '73278853653', '100279270', 'MANIK BISWAS', '0172900519886', NULL, '44', '24', 2, '2022-08-22 09:09:37', '2022-08-23 04:20:49', NULL, 136),
(103, '0112900518558', 'NATIONAL.ID', '6427837486', '200278458', 'RUJAL SHIKKHA POLLI AGRO FISHERIES', '01784433946', NULL, '44', '24', 3, '2022-08-22 09:19:12', '2022-09-18 03:50:46', NULL, 137),
(104, '0112900518733', 'NATIONAL.ID', '5101974938', '100278554', 'MD.AMIN HOSSAIN', '01835501866', NULL, '22', '31', 3, '2022-08-22 10:22:31', '2022-08-28 11:05:12', NULL, 179),
(105, '0112000518741', 'NATIONAL.ID', '5112829675', '100278556', 'PARVEZ KHAN', '01633764159', NULL, '22', '31', 3, '2022-08-22 10:33:42', '2022-08-29 10:41:41', NULL, 177),
(106, '0113900519931', 'NATIONAL.ID', '5529300898', '100056187', 'FIROZA  KHATUN', '01912882584', NULL, '35', '5', 3, '2022-08-22 11:16:03', '2022-08-23 03:38:18', NULL, 144),
(107, '0124100519927', 'NATIONAL.ID', '5529300898', '100056187', 'FIROZA  KHATUN', '01912882584', NULL, '35', '5', 3, '2022-08-22 11:17:15', '2022-08-30 04:16:06', NULL, 145),
(108, '0112700520087', 'NATIONAL.ID', '7814070418', '100279391', 'ROBE', '01823783444', NULL, '49', '10', 3, '2022-08-22 12:02:18', '2022-09-19 06:27:45', NULL, 785),
(109, '0112000519743', 'NATIONAL.ID', '3275628737', '100279184', 'SOMOLA AKTER', '01936343604', NULL, '44', '24', 2, '2022-08-22 12:30:44', '2022-08-23 05:13:29', NULL, 148),
(110, '0112900518860', 'NATIONAL.ID', '5972961691', '200278658', 'M/S MIJAN ENTERPRISE', '01777220268', NULL, '44', '24', 3, '2022-08-22 12:33:26', '2022-09-05 07:10:00', NULL, 506),
(111, '0112000518831', 'NATIONAL.ID', '8203515856', '100278639', 'MD. NASIR UDDIN KAZI', '01951104316', NULL, '44', '24', 3, '2022-08-22 12:36:14', '2022-08-25 10:52:57', NULL, 150),
(112, '0112900519698', 'NATIONAL.ID', '7227406130690', '100049405', 'MONORANJAN PANDIT', '01727027881', NULL, '44', '24', 2, '2022-08-22 12:39:00', '2022-08-23 05:00:32', NULL, 151),
(113, '0112900519480', 'NATIONAL.ID', '1315813644864', '100279036', 'MAHAMUD HOSSAIN', '01711110962', NULL, '49', '13', 2, '2022-08-22 12:56:54', '2022-08-29 09:37:30', NULL, 152),
(114, '0112900518530', 'NATIONAL.ID', '5955743983', '100278419,100278421', 'NOOR MUHAMMAD HABIB & MAKSUDA JAHAN SRITI', '01819294387', NULL, '38', '18', 3, '2022-08-23 05:50:53', '2022-08-25 04:14:13', NULL, 214),
(115, '0112000520189', 'NATIONAL.ID', '4193638683', '100279411', 'MOHAMED SHOWKAT ALI', '01712261126', 'www.showkat@ymail.com', '38', '18', 3, '2022-08-23 05:54:22', '2022-08-23 10:17:07', NULL, 155),
(116, '0112900519294', 'NATIONAL.ID', '2696655339710', '100278920', 'MD.SAMSUL HAQUE', '01722346706', NULL, '38', '18', 3, '2022-08-23 07:32:08', '2022-08-24 11:01:56', NULL, 208),
(117, '0112000520221', 'NATIONAL.ID', '1315823000019', '100279457', 'MD ALI HOSSAIN', '01860584650', NULL, '49', '13', 2, '2022-08-23 10:03:11', '2022-08-25 03:57:08', NULL, 167),
(118, '0113900519856', 'NATIONAL.ID', '6871545759', '100149852', 'SYED RAFIQUL ALAM', '01912984916', NULL, '35', '5', 3, '2022-08-23 10:17:36', '2022-08-30 04:48:03', NULL, 159),
(119, '0112000520280', 'NATIONAL.ID', '1315813646567', '100279510', 'MD HUMAYAN KABIR', '01737511010', NULL, '49', '13', 2, '2022-08-23 10:20:13', '2022-08-25 03:59:37', NULL, 160),
(120, '0112000520065', 'NATIONAL.ID', '4201128990', '100279374', 'SHAK SAIFUR RAHMAN', '01989019490', NULL, '44', '23', 3, '2022-08-23 10:27:34', '2022-08-25 10:48:52', NULL, 161),
(121, '0131000520181', 'Passport Number', 'BH0502592', '100279264', 'SHAHNAJ AKTER', '01711084952', NULL, '14', '9', 3, '2022-08-23 10:34:34', '2022-08-23 11:52:13', NULL, 163),
(122, '0111100519967', 'NATIONAL.ID', '9115067143', '200279294', 'M/S. JUBAYER ENTERPRISE', '01911997890', 'N/A', '61', '42', 3, '2022-08-23 11:23:20', '2022-09-05 04:58:39', NULL, 286),
(123, '0112700520028', 'NATIONAL.ID', '3739334922', '100279344', 'NASRIN NAHAR', NULL, NULL, '35', '6', 3, '2022-08-23 12:11:08', '2022-08-30 11:11:53', NULL, 290),
(124, '0112000520053', 'NATIONAL.ID', '9100206565', '100279358', 'RINA BEGUM', NULL, NULL, '35', '6', 3, '2022-08-23 12:13:01', '2022-08-31 03:42:32', NULL, 336),
(125, '0112900519704', 'NATIONAL.ID', '1322209136098', '100279173', 'MD. ABU TAHER KHAN', '01714501818', 'N/A', '61', '43', 3, '2022-08-23 12:15:13', '2022-09-04 11:05:03', NULL, 423),
(126, '0112000520129', 'NATIONAL.ID', '3267696346', '100279390', 'MD.MIZANUR RAHMAN', NULL, NULL, '35', '6', 3, '2022-08-23 12:17:05', '2022-08-29 10:46:52', NULL, 173),
(127, '0131000520133', 'NATIONAL.ID', '3267696346', '100279390', 'MD.MIZANUR RAHMAN', NULL, NULL, '35', '6', 3, '2022-08-23 12:20:04', '2022-08-24 02:31:58', NULL, 174),
(128, '0112700520311', 'NATIONAL.ID', '4628569024', '100279520', 'HASINA AKTER MILY', '01736110536', NULL, '44', '24', 3, '2022-08-23 12:32:43', '2022-08-25 10:10:26', NULL, 180),
(129, '0112700520021', 'NATIONAL.ID', '8251752583', '100279330', 'ROTNA AKTER', '01319712225', NULL, '49', '10', 3, '2022-08-23 12:42:16', '2022-09-04 05:33:36', NULL, 469),
(130, '0112700520353', 'NATIONAL.ID', '5528757452', '100279558', 'YASMIN KHANAM', '01747064870', NULL, '44', '23', 3, '2022-08-24 04:18:05', '2022-08-25 10:09:42', NULL, 182),
(131, '0112000520195', 'NATIONAL.ID', '19920619463000109', '100279443', 'MD. FERDAUS AZAD', '01734630227', 'fasajib.pearl@gmail.com', '59', '29', 2, '2022-08-24 04:20:21', '2022-08-24 07:09:03', NULL, 183),
(132, '0112000519944', 'NATIONAL.ID', '9139512553', '100279292', 'MD. ARIF HOSSAIN', '01682894404', 'arifhossain31101994@gmail.com', '14', '9', 3, '2022-08-24 04:29:31', '2022-08-31 09:22:24', NULL, 340),
(133, '0113900520310', 'NATIONAL.ID', '19905611038000068', '100264897', 'MD. FERDAUS HOSSAIN', NULL, NULL, '47', '34', 3, '2022-08-24 04:38:23', '2022-08-24 07:55:39', NULL, 185),
(134, '0131100520380', 'NATIONAL.ID', '7918034177481', '100279572', 'MD. JAMAL', NULL, NULL, '47', '34', 3, '2022-08-24 04:45:39', '2022-08-24 05:26:03', NULL, 186),
(135, '0112000520376', 'NATIONAL.ID', '7918034177481', '100279572', 'MD. JAMAL', NULL, NULL, '47', '34', 3, '2022-08-24 05:08:39', '2022-08-31 03:23:08', NULL, 302),
(136, '0112000520342', 'NATIONAL.ID', '5978204773', '100279542', 'MST AMBIYA', '01775668024', NULL, '44', '23', 3, '2022-08-24 05:54:39', '2022-08-25 10:11:20', NULL, 191),
(137, '0112900519975', 'NATIONAL.ID', '1902857422', '100279297', 'Md. Azizul Haq', '01707175640', NULL, '61', '43', 3, '2022-08-24 06:18:54', '2022-09-04 06:06:37', NULL, 413),
(138, '0112900520185', 'NATIONAL.ID', '4606364125', '200279407', 'CBN DIGITAL', '01711585438', 'cbndigital@yahoo.com', '38', '18', 2, '2022-08-24 06:28:37', '2022-08-25 10:37:06', NULL, 194),
(139, '0132000518991', 'NATIONAL.ID', '7330796629', '100185945', 'ARNAB SARKER', '01611458809', NULL, '35', '5', 3, '2022-08-24 06:49:54', '2022-08-29 06:38:36', NULL, 195),
(140, '0113900519380', 'NATIONAL.ID', '6900894228', '100143352', 'RAJIB SARKAR', '01939419789', NULL, '35', '5', 3, '2022-08-24 07:08:38', '2022-08-30 04:41:09', NULL, 242),
(141, '0112700520452', 'NATIONAL.ID', '19825918481840137', '100279469', 'MRS.LUTFON NESA', '01918424224', NULL, '22', '31', 3, '2022-08-24 09:34:49', '2022-08-28 08:57:10', NULL, 218),
(142, '0112900519525', 'NATIONAL.ID', '2809305572', '100010491', 'MIRZA ADEL UDDIN', '01711126438', NULL, '22', '31', 3, '2022-08-24 09:48:25', '2022-08-30 05:34:39', NULL, 250),
(143, '0112700520392', 'NATIONAL.ID', '3291471237', '100279541', 'MST.SHIRIN', '01963099197', NULL, '38', '18', 3, '2022-08-24 10:09:27', '2022-08-25 08:34:28', NULL, 203),
(144, '0112000520556', 'NATIONAL.ID', '7330948865', '100279658', 'MST SULEMA AKTER', '01310501548', NULL, '44', '23', 2, '2022-08-24 10:25:37', '2022-08-29 08:13:37', NULL, 204),
(145, '0112000520478', 'NATIONAL.ID', '3705773996', '100279615', 'E.M.K FAIAJUR RAHMAN', '01770138990', 'faiajur@gmail.com', '38', '18', 3, '2022-08-24 10:28:42', '2022-08-25 10:07:33', NULL, 206),
(146, '0112000518779', 'NATIONAL.ID', '1480524675', '100278615', 'ABDUR ROSHID', '01745418302', NULL, '44', '23', 3, '2022-08-24 10:43:45', '2022-08-25 10:19:18', NULL, 207),
(147, '0112900519809', 'NATIONAL.ID', '7362773488', '100279223', 'MD.ABU SUFIYAN TAMIM', '01909648793', NULL, '22', '31', 3, '2022-08-24 10:48:16', '2022-08-29 10:41:14', NULL, 209),
(148, '0112000519079', 'NATIONAL.ID', '1001358744', '100278799', 'FALGONI AKTER', '01641022848', NULL, '57', '22', 3, '2022-08-24 10:51:53', '2022-09-12 04:25:27', NULL, 662),
(149, '0124100519000', 'NATIONAL.ID', '19873513256000001', '100037361', 'MD. RIAZUL ISLAM KHAN', '01954378571', NULL, '35', '5', 3, '2022-08-24 10:57:07', '2022-08-29 09:42:01', NULL, 211),
(150, '0124100519009', 'NATIONAL.ID', '19873513256000001', '100037361', 'MD. RIAZUL ISLAM KHAN', '01954378571', NULL, '35', '5', 3, '2022-08-24 10:58:57', '2022-08-29 09:48:01', NULL, 212),
(151, '0124100519006', 'NATIONAL.ID', '19873513256000001', '100037361', 'MD. RIAZUL ISLAM KHAN', '01954378571', NULL, '35', '5', 3, '2022-08-24 11:00:09', '2022-08-29 06:33:54', NULL, 213),
(152, '0112900520143', 'NATIONAL.ID', '7335801556', '100279416', 'NAWAB SHOE STORE', '01729365059', NULL, '22', '31', 3, '2022-08-25 05:20:39', '2022-08-25 11:47:58', NULL, 216),
(153, '0112900520228', 'NATIONAL.ID', '6905157399', '100279455', 'HASSAN AHMED', '01855772176', NULL, '22', '31', 3, '2022-08-25 06:38:50', '2022-08-30 05:09:11', NULL, 261),
(154, '0111100519781', 'NATIONAL.ID', '19872611465000002', '200279170', 'M/S. MODINA ENTERPRISE', NULL, NULL, '47', '34', 3, '2022-08-25 07:46:48', '2022-09-11 06:17:39', NULL, 615),
(155, '0112000519934', 'NATIONAL.ID', '6416041793', '100279284', 'Md. Saidul Hasan', '01852839531', NULL, '61', '43', 3, '2022-08-25 07:49:54', '2022-09-04 11:05:46', NULL, 399),
(156, '0112900520300', 'NATIONAL.ID', '4795129500258', '100279508', 'SK. SHIBLY SADIK', '01716741380', 'sk.shibly1975@gmail.com', '14', '9', 3, '2022-08-25 08:59:08', '2022-08-25 10:29:51', NULL, 223),
(157, '0112900520397', 'NATIONAL.ID', '3742437274', '100040737', 'MD.MASUDUR RAHAMAN', '01763355999', 'masud71provat@gmail.com', '38', '18', 3, '2022-08-25 09:27:50', '2022-08-25 11:01:40', NULL, 224),
(158, '0112700520798', 'NATIONAL.ID', '5528755043', '100279786', 'NAJNIN AKTER', '01746024851', NULL, '44', '23', 3, '2022-08-25 09:54:43', '2022-08-30 04:41:24', NULL, 232),
(159, '0112900520681', 'NATIONAL.ID', '9164177579', '200279695', 'RAHIMANAGAR ON LINE', '01815201538', NULL, '49', '13', 2, '2022-08-25 10:16:42', '2022-08-28 05:08:11', NULL, 226),
(160, '0112000520807', 'NATIONAL.ID', '9153736707', '100279778', 'REJAUL ISAM', NULL, NULL, '47', '34', 2, '2022-08-25 10:24:50', '2022-09-12 06:20:37', NULL, 740),
(161, '0124400520881', 'NATIONAL.ID', '19934114789000353', '500205602', 'MD. MAHAHDE HASAN', NULL, NULL, '47', '34', 3, '2022-08-25 10:37:41', '2022-08-28 09:31:21', NULL, 228),
(162, '0131300520885', 'NATIONAL.ID', '19934114789000353', '500205602', 'MD. MAHAHDE HASAN', NULL, NULL, '47', '34', 3, '2022-08-25 10:48:23', '2022-08-28 03:38:42', NULL, 229),
(163, '0112000520716', 'NATIONAL.ID', '19908719031000312', '500255890', 'TAMANNA JARMIN', '01317594322', NULL, '35', '5', 3, '2022-08-25 11:32:35', '2022-08-30 05:37:08', NULL, 252),
(164, '0124100519562', 'NATIONAL.ID', '2405635349', '100130113', 'TAZUL ISLAM', '01914758940', NULL, '35', '5', 3, '2022-08-25 11:47:30', '2022-08-29 06:29:51', NULL, 231),
(165, '0112000520266', 'NATIONAL.ID', '3311252468', '100279491', 'TAIJUL ISLAM SUMON', '01777552402', NULL, '38', '15', 3, '2022-08-28 04:40:58', '2022-09-19 04:12:04', NULL, 439),
(166, '0112000520244', 'NATIONAL.ID', '6882475822', '100279475', 'MOHAMMAD GULAM KIBRIEA', '01730311694', 'gulamkibriea@gmail.com', '38', '15', 3, '2022-08-28 04:43:57', '2022-08-28 06:38:57', NULL, 234),
(167, '0112000520388', 'NATIONAL.ID', '5215529219024', '100263098', 'MOST KAKOLI YESMIN', '01773232361', NULL, '38', '18', 2, '2022-08-28 06:11:30', '2022-08-28 07:13:32', NULL, 238),
(168, '0112000520848', 'NATIONAL.ID', '6011163661', '100279797', 'ABU RAYHAN UMON', '01743569518', 'aburayhanimonme@gmail.com', '44', '23', 3, '2022-08-28 07:15:57', '2022-09-01 03:31:36', NULL, 412),
(169, '0112700520612', 'NATIONAL.ID', '7808148162', '100279672', 'CHABINA', '01848314509', NULL, '22', '31', 3, '2022-08-28 08:12:10', '2022-08-30 06:00:10', NULL, 240),
(170, '0112000520654', 'NATIONAL.ID', '1484275241', '100279651', 'MD. MOHIN UDDIN', '01713068035', 'mohin-20@yahoo.com', '14', '9', 3, '2022-08-28 08:14:18', '2022-08-30 06:33:21', NULL, 301),
(171, '0112700521067', 'NATIONAL.ID', '100279937', '1925510552', 'FARZANA KHAN', '01776440044', 'mynimoo@gmail.com', '19', '54', 3, '2022-08-28 08:29:02', '2022-08-30 11:14:54', NULL, 309),
(172, '0131300520639', 'NATIONAL.ID', '1473013215', '500232769', 'DOLY RANI SAHA', '01718655890', NULL, '35', '5', 3, '2022-08-28 08:31:46', '2022-08-30 04:23:33', NULL, 244),
(173, '0131300520645', 'NATIONAL.ID', '1473013215', '500232769', 'DOLY RANI SAHA', '01718655890', NULL, '35', '5', 3, '2022-08-28 08:33:42', '2022-08-29 05:35:47', NULL, 245),
(174, '0131300520635', 'NATIONAL.ID', '8222036827', '100138071', 'NAZNIN NAHAR', '01914750019', NULL, '35', '5', 3, '2022-08-28 08:36:09', '2022-08-29 05:28:56', NULL, 246),
(175, '0112900520907', 'NATIONAL.ID', '7337129857', '100279842', 'MD. SHAHADAT HOSSAIN', '01718598124', 'NIL', '59', '29', 2, '2022-08-28 08:41:46', '2022-08-28 09:46:41', NULL, 247),
(176, '0112900520495', 'NATIONAL.ID', '9154773841', '100279626', 'MD. JAKIR HOSSAIN BAPARI', '01925974316', NULL, '38', '18', 3, '2022-08-28 09:39:13', '2022-08-29 06:14:56', NULL, 251),
(177, '0113900520607', 'NATIONAL.ID', '269301496525', '100253752', 'MD. MIZANUR RAHMAN SHAIKH', '01700872038', NULL, '57', '22', 3, '2022-08-28 10:11:45', '2022-08-28 10:35:35', NULL, 253),
(178, '0111100520614', 'NATIONAL.ID', '19662696402515331', '200279674', 'KOLPONAR SHOHOR', '01625335442', NULL, '22', '31', 3, '2022-08-28 10:26:14', '2022-09-13 10:05:11', NULL, 254),
(179, '0111100518730', 'NATIONAL.ID', '7331055322', '200278557', 'MUKTO CAMPUS', '01963087297', NULL, '22', '31', 3, '2022-08-28 10:34:09', '2022-08-30 11:12:42', NULL, 255),
(180, '0112900520886', 'Birth Certificate', '20022212471114179', '100279827', 'MD ANAYAT ULLAH', '01717859570', NULL, '38', '18', 3, '2022-08-28 10:39:33', '2022-08-29 07:47:17', NULL, 257),
(181, '0112000521158', 'NATIONAL.ID', '3722367434', '100279980', 'MOHAMMED MANSIB HOSSAIN', '01730008555', NULL, '34', '49', 3, '2022-08-28 10:44:12', '2022-08-30 10:20:05', NULL, 307),
(182, '0112900521045', 'NATIONAL.ID', '1910911271489', '100261649', 'MOHAMMAD SHAHAJALAL HOSSAIN', '01813589341', NULL, '34', '49', 2, '2022-08-28 10:51:45', '2022-09-14 06:29:07', NULL, 816),
(183, '0112000521056', 'NATIONAL.ID', '4642386894', '100279936', 'MD. ALAMGIR HOSSAIN', '01824269440', NULL, '57', '22', 3, '2022-08-28 10:51:46', '2022-08-29 10:57:04', NULL, 281),
(184, '0112900521038', 'NATIONAL.ID', '3323013339951', '100279921', 'BIPLOB KUMAR SAHA', '01316990133', NULL, '59', '29', 3, '2022-08-28 12:38:41', '2022-08-29 06:09:30', NULL, 262),
(185, '0112900520646', 'NATIONAL.ID', '2616227579325', '100279654', 'MD. AMZAD HOSSAIN', '01742000826', NULL, '59', '29', 3, '2022-08-28 12:40:25', '2022-08-29 05:04:02', NULL, 263),
(186, '0112000520908', 'NATIONAL.ID', '19938210795000215', '100279844', 'MONIRUL ISLAM', '01911263654', NULL, '59', '29', 3, '2022-08-28 12:42:05', '2022-08-29 04:06:18', NULL, 264),
(187, '0112700521065', 'NATIONAL.ID', '8674315950', '100009344', 'SHARMIN FATEMA', '01703805302', 'sharminfatema@gmail.com', '28', '60', 3, '2022-08-29 03:19:40', '2022-08-30 07:25:47', NULL, 282),
(188, '0112900519287', 'NATIONAL.ID', '5506153211,2691651185856', '100278914,100278916,200278918', 'CS CARE LIMITED', '01911802727,01716494883', 'jhumaslt@gmail.com , parthodey10@yahoo.com', '38', '18', 2, '2022-08-29 04:04:03', '2022-09-20 06:35:03', NULL, 696),
(189, '0112700519952', 'NATIONAL.ID', '5959835397', '100279285', 'MAMTAZ BEGUM', '01916181987', NULL, '22', '31', 2, '2022-08-29 05:33:25', '2022-08-29 08:27:05', NULL, 267),
(190, '0112000521202', 'NATIONAL.ID', '9100827642', '100280033', 'SHIRIN AKHTER', '01758670322', NULL, '38', '18', 3, '2022-08-29 05:51:43', '2022-08-29 08:42:05', NULL, 268),
(191, '0112700521100', 'NATIONAL.ID', '8240658446', '100279957', 'NAZMA BEGUM', '01945950730', NULL, '53', '63', 3, '2022-08-29 06:07:23', '2022-08-30 11:13:46', NULL, 298),
(192, '0112000521206', 'NATIONAL.ID', '5111696794', '100280032', 'MD.ZIHAD', '01715778693', NULL, '38', '18', 3, '2022-08-29 06:37:49', '2022-08-29 09:47:09', NULL, 272),
(193, '0112900521333', 'NATIONAL.ID', '9133133349', '100280120', 'MOSHIUR RAHMAN', '01727706028', 'mrmannabw@gmail.com', '14', '45', 3, '2022-08-29 07:20:29', '2022-08-31 07:01:27', NULL, 358),
(194, '0112000521066', 'NATIONAL.ID', '4610019129', '100279907', 'MD BALAL UDDIN', '01912945372', NULL, '38', '18', 2, '2022-08-29 07:30:37', '2022-09-01 08:33:54', NULL, 434),
(195, '0132000520815', 'NATIONAL.ID', '4795129502017', '100177196', 'SHABABROTO SINGHA', '01747789409', NULL, '35', '5', 3, '2022-08-29 07:40:50', '2022-08-29 08:11:38', NULL, 278),
(196, '0132000520818', 'NATIONAL.ID', '4795129502017', '100177196', 'SHABABROTO SINGHA', '01747789409', NULL, '35', '5', 3, '2022-08-29 07:42:29', '2022-08-29 08:09:36', NULL, 279),
(197, '0113900520852', 'NATIONAL.ID', '8222036827', '100138071', 'NAZNIN NAHAR', '01914750019', NULL, '35', '5', 3, '2022-08-29 07:44:30', '2022-08-29 08:03:18', NULL, 280),
(198, '0112900521147', 'NATIONAL.ID', '1497782043', '100279985', 'MD. NURUZZAMAN', '01862374014', 'ncseru@gmail.com', '24', '65', 3, '2022-08-29 08:14:28', '2022-08-30 05:29:17', NULL, 296),
(199, '0113900520946', 'NATIONAL.ID', '4614644138', '100237942', 'PRIYANKA GAIN', '01923325339', NULL, '35', '5', 3, '2022-08-29 09:37:13', '2022-08-31 07:05:04', NULL, 357),
(200, '0112000519512', 'NATIONAL.ID', '3274330970', '100279046', 'SHAHIDUL ISLAM SHAHID', '01993996028', NULL, '35', '5', 3, '2022-08-29 10:44:50', '2022-08-30 11:14:19', NULL, 288),
(201, '0112000521064', 'NATIONAL.ID', '2807835554', '100279934', 'FARIDA AKTER', '01980380348', NULL, '44', '24', 3, '2022-08-29 10:54:53', '2022-08-30 08:16:01', NULL, 304),
(202, '0112000521243', 'NATIONAL.ID', '2808222497', '100280043', 'MD. ROMJAN ALI', '01609687051', NULL, '3', '53', 3, '2022-08-30 03:03:43', '2022-09-06 08:02:05', NULL, 539),
(203, '0112700521295', 'NATIONAL.ID', '4638685638', '100280092', 'NASIMA BEGUM', '01903602125', NULL, '4', '57', 3, '2022-08-30 04:12:49', '2022-09-04 09:02:52', NULL, 479),
(204, '0112900521585', 'NATIONAL.ID', '7804690357', '100280272', 'SABBIR AHMED', '01841511738', 'sabbirjovan@gmail.com', '1', '50', 2, '2022-08-30 06:41:05', '2022-09-05 10:14:33', NULL, 516),
(205, '0132300521177', 'NATIONAL.ID', '1466240007', '100010518', 'ANANNA NARGIS', NULL, NULL, '47', '34', 3, '2022-08-30 07:24:58', '2022-08-30 08:35:28', NULL, 308),
(206, '0111100521485', 'NATIONAL.ID', '4168580845', '200280128', 'MRIDUL CHANDRA TALUKDAR', '01757848493', NULL, '57', '22', 3, '2022-08-30 08:02:08', '2022-08-31 08:29:19', NULL, 310),
(207, '0112900521475', 'NATIONAL.ID', '0120802107422', '200219805', 'PROGRESSIVE INTERNATIONAL', NULL, NULL, '47', '34', 3, '2022-08-30 08:52:02', '2022-08-31 08:27:42', NULL, 315),
(208, '0112700521691', 'NATIONAL.ID', '5095204672', '100280338', 'SHAMIM ARA MONI', '01742778810', NULL, '28', '59', 3, '2022-08-30 09:47:16', '2022-09-06 10:49:44', NULL, 354),
(209, '0112900521673', 'NATIONAL.ID', '4643446539', '100280326', 'MD.TOUFIQUE HASSAN', '01911872104', 'sazin79@gmail.com', '38', '18', 3, '2022-08-30 10:00:09', '2022-08-30 10:43:22', NULL, 317),
(210, '0112000521477', 'NATIONAL.ID', '1959333632', '100280185', 'MD.SHAHARAT HOSEN BIDDYUT', '01757684945', NULL, '6', '67', 2, '2022-08-30 10:18:45', '2022-09-04 05:09:59', NULL, 320),
(211, '0112700521396', 'NATIONAL.ID', '6914179202', '100280164', 'JANNAT AKTER', '01861557189', NULL, '49', '10', 3, '2022-08-30 10:25:23', '2022-09-07 09:15:23', NULL, 499),
(212, '0112000521404', 'NATIONAL.ID', '8714143628', '100280176', 'BILLAL HOSSAIN', '01836478634', NULL, '49', '10', 3, '2022-08-30 10:46:53', '2022-09-07 10:36:30', NULL, 503),
(213, '0112700520981', 'NATIONAL.ID', '1315863466838', '100279885', 'PARVIN AKTER', '01892544175', NULL, '49', '12', 2, '2022-08-30 10:52:28', '2022-08-31 05:05:03', NULL, 323),
(214, '0131300521717', 'NATIONAL.ID', '2841063718', '100088643', 'MST. RESHMA KHATUN', '01711433180', NULL, '35', '5', 3, '2022-08-30 11:21:24', '2022-09-01 03:36:33', NULL, 328),
(215, '0131100518665', 'NATIONAL.ID', '4711710486150', '100278550', 'MADHURI ROY', '01789109705', NULL, '35', '5', 3, '2022-08-30 11:27:00', '2022-08-31 03:38:30', NULL, 329),
(216, '0112900521641', 'NATIONAL.ID', '5508109948', '200280293', 'RUHI FABRICS', '01718636363', NULL, '1', '50', 3, '2022-08-30 11:28:39', '2022-09-12 06:16:19', NULL, 704),
(217, '0113500521602', 'NATIONAL.ID', '19902613860000060', '100192440', 'MD. ABUL HOSSEN ( KABIR)', '01721007805', NULL, '1', '50', 2, '2022-08-30 11:29:53', '2022-09-07 07:04:28', NULL, 468),
(218, '0124100521044', 'NATIONAL.ID', '1472770468', '100177196', 'SHABABROTO SINGHA', '01932638404', NULL, '35', '5', 3, '2022-08-30 11:30:43', '2022-08-31 03:36:02', NULL, 332),
(219, '0113500520819', 'NATIONAL.ID', '4795129502017', '100177196', 'SHABABROTO SINGHA', '01747789409', NULL, '35', '5', 3, '2022-08-30 11:32:20', '2022-08-31 03:31:00', NULL, 333),
(220, '0131000521361', 'NATIONAL.ID', '2364547012', '100267213', 'MD. MIZANUR RAHMAN', NULL, NULL, '47', '34', 3, '2022-08-31 03:13:28', '2022-08-31 03:42:06', NULL, 335),
(221, '0112000521472', 'NATIONAL.ID', '19901517060000156', '100280205', 'NIHARIKA CHOWDHURY', '01855724457', NULL, '34', '49', 3, '2022-08-31 03:36:34', '2022-09-08 09:57:42', NULL, 562),
(222, '0112900521167', 'NATIONAL.ID', '6400479249', '100280005', 'MD. SALIM MONDOL', '01716500447', 'NIL', '59', '29', 3, '2022-08-31 04:14:51', '2022-09-19 04:32:56', NULL, 482),
(223, '0112000521610', 'NATIONAL.ID', '7347048428', '100280285', 'SABERA KHATUN', '01714404482', 'NIL', '59', '29', 2, '2022-08-31 04:16:30', '2022-08-31 09:01:21', NULL, 341),
(224, '0112900520909', 'NATIONAL.ID', '2389202223', '100279840', 'MD. JAHIDUL ISLAM', '01714906952', 'NIL', '59', '29', 2, '2022-08-31 04:18:59', '2022-09-19 11:17:57', NULL, 1024),
(225, '0111100521144', 'NATIONAL.ID', '6441729230', '200279975', 'NAMER ENTERPRISE', '01927869907', 'N/A', '61', '43', 3, '2022-08-31 04:46:57', '2022-09-08 09:19:39', NULL, 344),
(226, '0112700521587', 'NATIONAL.ID', '19936710279000121', '100280277', 'MAHABUBA', '01883405960', 'N/A', '4', '57', 3, '2022-08-31 04:51:49', '2022-09-04 09:24:00', NULL, 480),
(227, '0112000521489', 'Birth Certificate', '20002692518389555', '100280215', 'MD RABBI', '01950766954', 'rabbykhan2543@gmail.com', '14', '9', 3, '2022-08-31 04:57:32', '2022-08-31 06:28:10', NULL, 347),
(228, '0112900521561', 'NATIONAL.ID', '6907301706', '100280252', 'NURUL ALAM', '01789993366', 'nainternational09@gmail.com', '19', '54', 3, '2022-08-31 05:36:56', '2022-08-31 07:50:30', NULL, 352),
(229, '0112000521623', 'NATIONAL.ID', '5999769606', '100280290', 'MAMUNUR RAHMAN', '01730226624', NULL, '44', '24', 3, '2022-08-31 05:41:45', '2022-08-31 06:43:39', NULL, 353),
(230, '0112000521402', 'NATIONAL.ID', '9162803333', '100280114', 'MD. HOMAUN KABIR', '01725819736', 'humayun115566@gmail.com', '28', '60', 3, '2022-08-31 06:20:23', '2022-09-06 10:50:41', NULL, 515),
(231, '0113900518163', 'NATIONAL.ID', '2823937046', '100194936', 'ROKEYA BEGUM', '01747713643', NULL, '35', '5', 3, '2022-08-31 06:42:37', '2022-08-31 07:05:56', NULL, 360),
(232, '0113900521174', 'NATIONAL.ID', '9121823646', '100234415', 'KOHINOOR KHATUN', '01911511401', NULL, '35', '5', 3, '2022-08-31 06:45:48', '2022-08-31 06:52:59', NULL, 361),
(233, '0112900521215', 'NATIONAL.ID', '7349796206', '100280053', 'MONOARUL ISLAM MOSTAFA', '01911633854', NULL, '4', '57', 3, '2022-08-31 07:07:39', '2022-09-01 07:11:54', NULL, 422),
(234, '0112900521114', 'NATIONAL.ID', '1029047469', '100268351', 'SAYD BIN SAID', '01787174301', NULL, '22', '32', 3, '2022-08-31 07:30:27', '2022-09-05 07:20:48', NULL, 435),
(235, '0112700520935', 'NATIONAL.ID', '6912972954', '100279851', 'RINKEY AKTER', '01301781151', NULL, '22', '32', 3, '2022-08-31 07:34:16', '2022-08-31 09:38:55', NULL, 368),
(236, '0124100521605', 'NATIONAL.ID', '2364721288', '100273449', 'MD.AL MASUD', NULL, NULL, '19', '54', 3, '2022-08-31 07:41:20', '2022-08-31 09:28:42', NULL, 380),
(237, '0124100521608', 'NATIONAL.ID', '2364721288', '100273449', 'MD. AL MASUD', '01711167007', NULL, '19', '54', 3, '2022-08-31 07:43:49', '2022-08-31 10:21:03', NULL, 370),
(238, '0124100521601', 'NATIONAL.ID', '2364721288', '100279871', 'MD. HABIBUR RAHMAN SARKER', '01711167007', NULL, '19', '54', 3, '2022-08-31 07:45:58', '2022-08-31 09:28:03', NULL, 381),
(239, '0112000521624', 'NATIONAL.ID', '7349819602', '100280305', 'CHANDON CHANDRO DAS', '01758864191', NULL, '44', '24', 3, '2022-08-31 07:48:59', '2022-09-01 10:20:57', NULL, 420),
(240, '0113500521508', 'NATIONAL.ID', '5994758158', '100273052', 'S M HABIBUR RAHMAN', '01959720075', NULL, '19', '54', 3, '2022-08-31 07:50:07', '2022-08-31 08:01:00', NULL, 373),
(241, '0113500521514', 'NATIONAL.ID', '5994758158', '100273052', 'S M HABIBUR RAHMAN', '01959720075', NULL, '19', '54', 3, '2022-08-31 07:51:50', '2022-08-31 08:00:03', NULL, 374),
(242, '0131300521701', 'NATIONAL.ID', '19938129418000012', '100268159', 'MD.SAIFUL ISLAM', '01759922080', NULL, '3', '53', 3, '2022-08-31 08:49:14', '2022-08-31 08:52:14', NULL, 375),
(243, '0131300521830', 'NATIONAL.ID', '19938129418000012', '100268159', 'MD.SAIFUL ISLAM', '01759922080', NULL, '3', '53', 3, '2022-08-31 08:52:13', '2022-08-31 08:52:52', NULL, 376),
(244, '0131300521696', 'NATIONAL.ID', '19938129418000012', '100268159', 'MD.SAIFUL ISLAM', '01759922080', NULL, '3', '53', 3, '2022-08-31 09:04:47', '2022-08-31 09:07:34', NULL, 377),
(245, '0130700521756', 'NATIONAL.ID', '3281601736', '100131084', 'SAIFUL ISLAM', '01726261180', NULL, '3', '53', 3, '2022-08-31 09:08:26', '2022-08-31 09:17:05', NULL, 378),
(246, '0130700521754', 'NATIONAL.ID', '3281601736', '100131084', 'SAIFUL ISLAM', '01726261180', NULL, '3', '53', 3, '2022-08-31 09:09:48', '2022-08-31 09:17:51', NULL, 379),
(247, '0113500521581', 'NATIONAL.ID', '7343376138', '100276695', 'MD. ABDUR ROUF', '01862338783', NULL, '3', '53', 3, '2022-08-31 09:13:00', '2022-08-31 09:16:03', NULL, 382),
(248, '0131100521823', 'NATIONAL.ID', '2808174060', '100047391', 'BINA RANI', '01715489188', NULL, '1', '51', 3, '2022-08-31 09:34:10', '2022-08-31 09:39:51', NULL, 383),
(249, '0132000521881', 'NATIONAL.ID', '5095204672', '100280338', 'SHAMIM ARA MONI', '01742778810', NULL, '28', '59', 3, '2022-08-31 09:36:00', '2022-08-31 10:00:47', NULL, 384),
(250, '0112000521907', 'Passport Number', 'EH 0606854', '100280429', 'MOHAMMAD TASLIM JAHAN TUSHER', '01709077402', 'taslimjahantusher@outlook.com', '14', '9', 3, '2022-08-31 09:39:04', '2022-09-01 08:54:40', NULL, 385),
(251, '0112700521776', 'NATIONAL.ID', '4227307276926', '100280380', 'SALMA AKTER', '01748498044', NULL, '35', '5', 3, '2022-08-31 09:42:17', '2022-09-01 10:28:59', NULL, 386),
(252, '0112000521504', 'NATIONAL.ID', '5518585665', '100280222', 'ISMOT ARA AKTER', '01676431581', NULL, '34', '49', 3, '2022-08-31 09:43:02', '2022-09-04 06:34:58', NULL, 387),
(253, '0113500518445', 'NATIONAL.ID', '2694263703224', '100088626', 'MD.AFZAL HOSSAIN', '01715149983', NULL, '22', '31', 3, '2022-08-31 09:44:17', '2022-08-31 10:21:47', NULL, 388),
(254, '0112000521727', 'NATIONAL.ID', '1517431084666', '100280349', 'BIKASH KANTI SEN', '01815825845', NULL, '34', '49', 3, '2022-08-31 09:46:29', '2022-09-07 07:21:47', NULL, 565),
(255, '0113900521240', 'NATIONAL.ID', '5918481840137', '100279469', 'MRS LUTFON NESA', '01918424224', NULL, '22', '31', 3, '2022-08-31 09:47:11', '2022-08-31 10:20:00', NULL, 390),
(256, '013110052081', 'NATIONAL.ID', '1991525802000021', '100254017', 'SAYADA SHAMSUN NAHAR', '01533725355', NULL, '28', '59', 3, '2022-08-31 09:48:59', '2022-09-01 09:31:34', NULL, 449),
(257, '0113500520219', 'NATIONAL.ID', '1593525450010', '100071403', 'SHARMIN JAHAN', '01939777901', NULL, '22', '31', 3, '2022-08-31 09:49:41', '2022-08-31 10:23:49', NULL, 392),
(258, '0112200521389', 'NATIONAL.ID', '20151591632105414', '100280146', 'TANUSHREE MALICK', '01864794053', NULL, '34', '49', 2, '2022-08-31 09:50:32', '2022-09-01 04:58:40', NULL, 393),
(259, '0113900520951', 'NATIONAL.ID', '19681315847455746', '100001037', 'MD SHAMSUL ALAM', '01552330078', NULL, '28', '59', 3, '2022-08-31 09:50:51', '2022-09-01 05:18:00', NULL, 416),
(260, '0113500520212', 'NATIONAL.ID', '2809305572', '100010491', 'MIRZA ADEL UDDIN', '01711126438', NULL, '22', '31', 3, '2022-08-31 09:52:22', '2022-08-31 10:20:33', NULL, 395),
(261, '0113500518716', 'NATIONAL.ID', '3293104331', '100277959', 'SOFIA AKTER BHUIYAN', '01945685771', NULL, '22', '31', 3, '2022-08-31 10:06:36', '2022-08-31 10:12:31', NULL, 397),
(262, '0131300520381', 'NATIONAL.ID', '19792613869000201', '100055181', 'NASIR UDDIN CHOWDHURY', '01996807773', NULL, '22', '31', 3, '2022-08-31 10:08:33', '2022-08-31 10:21:41', NULL, 400),
(263, '0131300518291', 'NATIONAL.ID', '19882694068136378', '100268502', 'MAHMUDUR RAHMAN', '01715767345', NULL, '22', '31', 3, '2022-08-31 10:11:38', '2022-08-31 10:17:39', NULL, 401),
(264, '0131000518721', 'NATIONAL.ID', '7319991589', '100170758', 'SAYEM', '01823034290', NULL, '22', '31', 3, '2022-08-31 10:16:48', '2022-08-31 10:20:44', NULL, 402),
(265, '0131000518718', 'NATIONAL.ID', '7319991589', '100170758', 'SAYEM', '01823034290', NULL, '22', '31', 3, '2022-08-31 10:18:18', '2022-09-13 09:50:39', NULL, 642),
(266, '0113500520217', 'NATIONAL.ID', '2830673568', '100278707', 'SAFALI MIRZA', '01911497799', NULL, '22', '31', 3, '2022-08-31 10:20:06', '2022-08-31 10:23:13', NULL, 404),
(267, '0113500520933', 'NATIONAL.ID', '2809305572', '100010491', 'MIRZA ADEL UDDIN', '01711126438', NULL, '22', '31', 3, '2022-08-31 10:22:23', '2022-08-31 10:24:02', NULL, 405),
(268, '0113700521980', 'NATIONAL.ID', '8702631329', '100190053', 'MST. BITHI KHATUN', '01788655713', NULL, '28', '60', 3, '2022-08-31 10:28:16', '2022-09-01 05:20:01', NULL, 415),
(269, '0112700521890', 'NATIONAL.ID', '9580774868', '100280427', 'MAHVISH RAHMAN TUBA', '01979011277', 'mahvishtuba764@gmail.com', '28', '59', 3, '2022-08-31 10:35:07', '2022-09-01 09:25:51', NULL, 407),
(270, '0113700521976', 'NATIONAL.ID', '8702631329', '100190053', 'MST. BITHI KHATUN', '01788655713', NULL, '28', '60', 3, '2022-08-31 10:35:23', '2022-09-01 05:29:54', NULL, 414),
(271, '0131000519259', 'NATIONAL.ID', '2815130527', '100231031', 'MD.MOTIAR RAHMAN KHAN', '01712021214', NULL, '22', '31', 3, '2022-08-31 10:37:12', '2022-09-12 05:42:35', NULL, 643),
(272, '0131100520926', 'NATIONAL.ID', '5055505662', '100273117', 'ZAKIA SULTANA', '01726360913', NULL, '22', '31', 3, '2022-08-31 10:38:57', '2022-08-31 11:14:09', NULL, 410),
(273, '0112900521694', 'NATIONAL.ID', '19805918467808217', '200016433', 'MAYER DOYA GARMENTS', '01673621236', NULL, '1', '51', 2, '2022-09-01 04:21:21', '2022-09-01 08:53:45', NULL, 417),
(274, '0112700521606', 'NATIONAL.ID', '3284631367', '100280284', 'MST JARNA BEGUM', '01788683850', NULL, '53', '64', 3, '2022-09-01 04:27:21', '2022-09-07 10:33:41', NULL, 491),
(275, '0112000518903', 'NATIONAL.ID', '19841317917000015', '100144218', 'MD. ABDUR RAHMAN', '01724643540', NULL, '35', '5', 3, '2022-09-01 04:45:45', '2022-09-06 06:42:09', NULL, 519),
(276, '0112000521927', 'NATIONAL.ID', '7341410715', '100280464', 'MD. SIRAGUL ISLAM', '01866572856', NULL, '3', '53', 3, '2022-09-01 05:06:55', '2022-09-04 10:03:27', NULL, 424),
(277, '0112000521774', 'NATIONAL.ID', '4183471467', '100280368', 'MD. MAHFUZ IMTIAZ TANJAM', '01680287074', 'NIL', '59', '29', 3, '2022-09-01 05:15:03', '2022-09-19 04:09:36', NULL, 432),
(278, '0132100522076', 'NATIONAL.ID', '19902696804000050', '100095457', 'MD. ABDUR ROUF DARIA', '01799089943', NULL, '3', '53', 3, '2022-09-01 05:16:16', '2022-09-01 07:52:10', NULL, 426),
(279, '0112700521677', 'NATIONAL.ID', '1944271004', '100280328', 'LUTFUN NAHAR', '01717463664', NULL, '38', '18', 3, '2022-09-01 05:48:35', '2022-09-06 05:17:49', NULL, 428),
(280, '0111100519956', 'NATIONAL.ID', '7331055322', '200279291', 'SHAPNODHARA', '01963087297', NULL, '22', '31', 3, '2022-09-01 06:07:22', '2022-09-18 10:46:14', NULL, 720),
(281, '0131000522020', 'Passport Number', 'EH 0606854', '100280429', 'MOHAMMAD TASLIM JAHAN TUSHER', '01709077402', 'taslimjahantusher@outlook.com', '14', '9', 3, '2022-09-01 06:27:02', '2022-09-01 06:33:03', NULL, 436),
(282, '0112900521576', 'NATIONAL.ID', '6897021272', '100259674', 'MD. HARUN-OR RASHID', '01921454604', NULL, '19', '54', 2, '2022-09-01 06:27:35', '2022-09-01 06:55:05', NULL, 440),
(283, '0112700521978', 'NATIONAL.ID', '7814096694', '100280508', 'TANJINA AKTER MONNE', '01795240055', NULL, '49', '13', 3, '2022-09-01 07:25:46', '2022-09-04 05:47:39', NULL, 442),
(284, '0112000522117', 'NATIONAL.ID', '7787977466', '100280583', 'MD MASUM', NULL, NULL, '47', '34', 3, '2022-09-01 08:48:09', '2022-09-08 09:19:16', NULL, 619),
(285, '0112000521573', 'NATIONAL.ID', '5084380491', '100280263', 'SHEELA  AKTER', '01993299658', 'N/A', '53', '64', 3, '2022-09-01 08:50:41', '2022-09-05 10:53:35', NULL, 490),
(286, '0131000522122', 'NATIONAL.ID', '7787977466', '100280583', 'MD MASUM', NULL, NULL, '47', '34', 3, '2022-09-01 08:56:39', '2022-09-01 08:59:49', NULL, 446),
(287, '0112000521505', 'NATIONAL.ID', '3762319535', '100280217', 'MD.ABDUR RAHMAN', '01642582172', NULL, '22', '31', 3, '2022-09-01 09:48:25', '2022-09-05 07:39:53', NULL, 451),
(288, '0124100519192', 'NATIONAL.ID', '19812613235000072', '100114501', 'RINA AKTHER', '01939577309', NULL, '22', '31', 3, '2022-09-01 09:49:54', '2022-09-01 10:32:28', NULL, 452),
(289, '0124100519191', 'NATIONAL.ID', '19812613235000072', '100114501', 'RINA AKTHER', '01939577309', NULL, '22', '31', 3, '2022-09-01 09:54:31', '2022-09-01 10:31:59', NULL, 453),
(290, '0124100519181', 'NATIONAL.ID', '4652511330', '100262282', 'SAMIYA RAHMAN TAZI', '01626930969', NULL, '22', '31', 3, '2022-09-01 09:57:57', '2022-09-01 10:31:32', NULL, 454),
(291, '0112900521397', 'NATIONAL.ID', '1952493631', '100280165', 'MD. MOZIBOR RAHMAN SENTU', '01763659079', NULL, '59', '30', 3, '2022-09-01 10:00:15', '2022-09-05 10:32:53', NULL, 487),
(292, '0124100519188', 'NATIONAL.ID', '4652511330', '100262282', 'SAMIYA RAHMAN TAZI', '01626930969', NULL, '22', '31', 3, '2022-09-01 10:00:55', '2022-09-01 10:31:01', NULL, 456),
(293, '0124100519184', 'NATIONAL.ID', '4652511330', '100262282', 'SAMIYA RAHMAN TAZI', '01626930969', NULL, '22', '31', 3, '2022-09-01 10:04:26', '2022-09-01 10:29:20', NULL, 457),
(294, '0131100519947', 'NATIONAL.ID', '8660130298', '100224402', 'A. AWAL', '01818014552', NULL, '22', '31', 3, '2022-09-01 10:07:34', '2022-09-01 10:27:54', NULL, 458),
(295, '0132000519820', 'NATIONAL.ID', '2694261638474', '100015240', 'NURUNNAHAR MOMTAZ AND Z U FARZANA', '01714224138', NULL, '22', '31', 3, '2022-09-01 10:11:39', '2022-09-01 10:23:58', NULL, 459),
(296, '0132000519827', 'NATIONAL.ID', '2694261638475', '100015226', 'S N RAHMAN (GEOGE) AND N N MOMTAZ', '01614224138', NULL, '22', '31', 3, '2022-09-01 10:18:08', '2022-09-01 10:26:05', NULL, 460),
(297, '0132000519824', 'NATIONAL.ID', '2694261638476', '100015243', 'J U FARZANA AND S N RAHMAN(GEOGE)', '01714224138', NULL, '22', '31', 3, '2022-09-01 10:21:51', '2022-09-01 10:25:10', NULL, 461),
(298, '0131300521959', 'NATIONAL.ID', '2821724008', '100074650', 'SREEKANTO GHOSH', '01719265526', NULL, '35', '5', 3, '2022-09-01 10:46:09', '2022-09-01 10:49:13', NULL, 462),
(299, '0112700522155', 'NATIONAL.ID', '5095570296', '100280625', 'SAZZATUN NAHAR', '01798080407', NULL, '24', '65', 3, '2022-09-01 10:59:03', '2022-09-12 08:16:54', NULL, 721),
(300, '0132000522170', 'NATIONAL.ID', '5095570296', '100280625', 'SAZZATUN NAHAR', '01798080407', NULL, '24', '65', 3, '2022-09-01 12:06:13', '2022-09-04 04:07:29', NULL, 466),
(301, '0112000522024', 'NATIONAL.ID', '7808156678', '100280516', 'JABED JAFRIN POROVE', '01768477851', 'jpurb@gmail.com', '44', '23', 3, '2022-09-04 04:22:21', '2022-09-04 09:51:16', NULL, 467),
(302, '0112000521842', 'NATIONAL.ID', '19797518373000013', '100280399', 'MD. MASUM BILLAH', NULL, NULL, '61', '43', 3, '2022-09-04 05:32:56', '2022-09-07 05:46:45', NULL, 568),
(303, '100280619', 'NATIONAL.ID', '19842696352237916', '100280619', 'H.M.R. RAHMAN', '01716735915', 'rahmanhmr405@gmail.com', '38', '18', 2, '2022-09-04 05:48:23', '2022-09-07 07:07:00', NULL, 472),
(304, '0112900521678', 'NATIONAL.ID', '9559763058', '100280332', 'SAYED RIAZUL ISLAM KARIM', NULL, NULL, '61', '43', 3, '2022-09-04 05:54:17', '2022-09-08 06:42:25', NULL, 580),
(305, '0112900522088', 'NATIONAL.ID', '4607772466', '100272744,200280569', 'SWISS SOFT', '01936751904', 'siddiquebusbd@gmail.com', '38', '18', 3, '2022-09-04 06:46:21', '2022-09-07 08:04:41', NULL, 474),
(306, '012700522082', 'NATIONAL.ID', '1019616430', '100280561', 'MST. MONI AKTER', '01936802889', NULL, '4', '57', 3, '2022-09-04 07:04:36', '2022-09-05 06:20:35', NULL, 475),
(307, '0112900522179', 'NATIONAL.ID', '19842696352237916', '100280619', 'H.M.R. RAHMAN', '01716735915', 'rahmanhmr405@gmail.com', '38', '18', 2, '2022-09-04 07:05:00', '2022-09-05 06:12:21', NULL, 476),
(308, '0112900521570', 'TIN', '879404773207', '200280258', 'MOHINUR BANGLADESH', '01715069799', 'N/A', '61', '43', 3, '2022-09-04 07:20:07', '2022-09-11 10:05:30', NULL, 600),
(309, '0112700521087', 'NATIONAL.ID', '1915447157245', '100279952', 'PARVIN BEGUM', '01964776869', NULL, '53', '64', 3, '2022-09-04 07:24:41', '2022-09-07 10:33:12', NULL, 478),
(310, '0112900521550', 'NATIONAL.ID', '9124720815', '100007506', 'SAYADUL ANWAR', '01614299209', 'N/A', '61', '43', 3, '2022-09-04 07:36:16', '2022-09-08 06:42:55', NULL, 612),
(311, '0112000520609', 'NATIONAL.ID', '7335442286', '100279685', 'AL MOON EMU MAHI', '01711084901', 'almoonemumahi@gmail.com', '59', '29', 3, '2022-09-04 07:49:31', '2022-09-05 10:48:24', NULL, 483);
INSERT INTO `caos_file` (`id`, `acc_no`, `identificationType`, `identification_number`, `cust_id`, `cust_name`, `phone_no`, `email`, `branch`, `created_by`, `status`, `created_at`, `updated_at`, `deleted_at`, `ordinal`) VALUES
(312, '0111100520866', 'NATIONAL.ID', '19905013967000194', '200279810', 'GAS SOLUTION', NULL, NULL, '61', '43', 3, '2022-09-04 07:58:05', '2022-09-12 04:24:12', NULL, 687),
(313, '0124100522359', 'NATIONAL.ID', '4150938498', '100180630', 'TALUKDER MD ZAKARIA HOSSAIN', '01713010015', NULL, '28', '59', 3, '2022-09-04 08:28:02', '2022-09-04 08:45:39', NULL, 485),
(314, '0112000520979', 'NATIONAL.ID', '1499984795', '100265323', 'SHA ALAM', '01732996627', NULL, '53', '64', 3, '2022-09-04 08:36:42', '2022-09-07 10:32:36', NULL, 486),
(315, '0112000522028', 'NATIONAL.ID', '8253923448', '100280520', 'MD. MOSHIUR RAHMAN', '01720188750', 'mdpollab341@gmail.com', '44', '23', 2, '2022-09-04 10:13:20', '2022-09-04 11:03:25', NULL, 488),
(316, '0112000522127', 'NATIONAL.ID', '2807825443', '100280591', 'MIZANOOR RAHMAN', '01713111102', 'md.mizanoorrahman@gmaol.com', '3', '53', 2, '2022-09-04 10:57:03', '2022-09-05 03:46:38', NULL, 493),
(317, '0112000522126', 'NATIONAL.ID', '3739155715', '100280593', 'MIR SAYEED HOSSEN', '01820200460', 'mirsayeed00@gmail.com', '3', '53', 2, '2022-09-04 11:00:02', '2022-09-05 03:51:27', NULL, 494),
(318, '0112000522133', 'NATIONAL.ID', '19940915470000271', '100280595', 'SANOWAR HOSSAIN', '01714244214', 'sanowarshohab@gmail.com', '3', '53', 2, '2022-09-04 11:03:02', '2022-09-05 03:44:32', NULL, 495),
(319, '0112000522135', 'NATIONAL.ID', '8209468068', '100280584', 'MD. MESHKAT IBNE ZARIR', '01315646999', 'meshkatsifat@gmail.com', '3', '53', 2, '2022-09-04 11:05:56', '2022-09-05 03:55:08', NULL, 497),
(320, '0112700522427', 'NATIONAL.ID', '1000551877', '100270090', 'SYEDA NAHID SULTANA', NULL, NULL, '35', '5', 3, '2022-09-05 03:41:59', '2022-09-14 04:04:35', NULL, 501),
(321, '0113500522388', 'NATIONAL.ID', '9133905712', '100019771', 'MD NAZRUL ISLAM', '01930490221', NULL, '1', '51', 3, '2022-09-05 04:11:05', '2022-09-05 04:16:11', NULL, 502),
(322, '0131300522299', 'NATIONAL.ID', '1028365672', '100168067', 'MST. REKHA  AKTER', '01996327167', NULL, '35', '5', 3, '2022-09-05 04:58:11', '2022-09-05 06:00:02', NULL, 504),
(323, '0112000521766', 'NATIONAL.ID', '7350635020', '700280360', 'MILON KUMAR SARDAR', '01717951952', NULL, '35', '5', 3, '2022-09-05 05:01:03', '2022-09-06 06:27:22', NULL, 505),
(324, '0131100519319', 'NATIONAL.ID', '4168123331', '100242111', 'MIRZA SHAHADAT HOSSAIN', '01711567393', NULL, '57', '22', 3, '2022-09-05 07:17:07', '2022-09-05 07:18:23', NULL, 507),
(325, '0113900518256', 'NATIONAL.ID', '1504645316', '100278276', 'JOY BASAK', '01796333854', NULL, '57', '22', 3, '2022-09-05 07:20:10', '2022-09-05 09:14:51', NULL, 508),
(326, '0130700521525', 'NATIONAL.ID', '19939312843000207', '100270288', 'HOSNEARA', '01908641231', NULL, '57', '22', 3, '2022-09-05 07:23:49', '2022-09-05 08:37:58', NULL, 509),
(327, '0124200522002', 'NATIONAL.ID', '100280498', '100280498', 'SHNDHA RANI SAHA', '01743234548', NULL, '57', '22', 3, '2022-09-05 07:26:20', '2022-09-05 09:14:14', NULL, 510),
(328, '0112000522382', 'NATIONAL.ID', '7781320531', '100280752', 'MST RUPA BEGUM', '01923601565', NULL, '44', '23', 3, '2022-09-05 07:34:23', '2022-09-05 09:49:09', NULL, 511),
(329, '0132000522649', 'NATIONAL.ID', '1921001374', '100057133', 'MD.IFTEKHAR UDDIN & HASNIN NAHAR', '0175790093', NULL, '28', '60', 3, '2022-09-05 08:03:17', '2022-09-05 08:11:16', NULL, 512),
(330, '0112900522196', 'NATIONAL.ID', '1516194178837', '200280597', 'M/S. USA INTERNATIONAL AGRO', '01819355719', NULL, '34', '49', 3, '2022-09-05 08:08:32', '2022-09-12 10:25:36', NULL, 689),
(331, '0112900522444', 'NATIONAL.ID', '1506200128', '200280794', 'MASUD AGRO FARM', '01840806602', NULL, '35', '5', 3, '2022-09-05 09:11:17', '2022-09-06 07:28:12', NULL, 518),
(332, '0112000522578', 'NATIONAL.ID', '3276227307', '100280874', 'MD TAIZUDIN KHUNDAKAR SHOWN', '01969874999', 'N/A', '53', '64', 2, '2022-09-05 10:14:04', '2022-09-14 04:30:23', NULL, 520),
(333, '0112700522532', 'NATIONAL.ID', '1504404185', '100280842', 'NASRIN', '01968199307', NULL, '4', '57', 3, '2022-09-05 10:41:09', '2022-09-06 06:35:56', NULL, 521),
(334, '0112900522228', 'NATIONAL.ID', '6458109698', '200280662', 'HOTEL CHAIN', '01789169653', NULL, '59', '29', 3, '2022-09-05 11:21:52', '2022-09-06 06:00:13', NULL, 523),
(335, '0131000520102', 'NATIONAL.ID', '19965818031000177', '100279308', 'JUVER AHMED', '01785765633', NULL, '8', '55', 3, '2022-09-05 13:00:53', '2022-09-06 04:30:34', NULL, 529),
(336, '0112900519272', 'NATIONAL.ID', '19955818031000050', '100278892', 'MONJUR AHMAD', '01742765508', NULL, '8', '55', 3, '2022-09-05 13:26:37', '2022-09-15 11:00:27', NULL, 913),
(337, '0112900519013', 'NATIONAL.ID', '19855817421221389', '100278734', 'JASIM AHAMED MANA', '01879223397', NULL, '8', '55', 3, '2022-09-05 13:33:01', '2022-09-18 03:44:14', NULL, 900),
(338, '0112000520094', 'NATIONAL.ID', '19965818031000177', '100279308', 'JUVER AHMED', '01785765633', NULL, '8', '55', 3, '2022-09-05 13:41:48', '2022-09-13 08:05:34', NULL, 807),
(339, '0131100521926', 'NATIONAL.ID', '9162803333', '100280114', 'MD.HOMAUN KABIR', '01725819736', 'humayun115566@gmail.com', '28', '60', 3, '2022-09-06 04:33:32', '2022-09-06 04:44:54', NULL, 530),
(340, '0113900522724', 'NATIONAL.ID', '2696653257982', '100190920', 'MD. ANAYET KABIR', '01712655895', NULL, '3', '53', 3, '2022-09-06 05:20:40', '2022-09-06 05:31:24', NULL, 531),
(341, '0131300520136', 'NATIONAL.ID', '19985817413000298', '100279408', 'NAJMIN AKTHER NADIA', '01753117931', NULL, '8', '55', 3, '2022-09-06 05:21:22', '2022-09-06 05:42:31', NULL, 533),
(342, '0112000522233', 'NATIONAL.ID', '4625855681', '100280667', 'MD ZABED', '01721596856', NULL, '6', '67', 2, '2022-09-06 05:32:27', '2022-09-06 06:40:28', NULL, 535),
(343, '0112000521902', 'NATIONAL.ID', '730 800 2695', '100280430', 'MD. ABDUL MOZID', '01773975464', NULL, '6', '67', 2, '2022-09-06 05:43:31', '2022-09-19 03:11:17', NULL, 869),
(344, '0112000522100', 'NATIONAL.ID', '5501583560', '100280578', 'NISHAT TASNIM', '01911078875', NULL, '44', '23', 3, '2022-09-06 05:45:17', '2022-09-06 06:35:08', NULL, 537),
(345, '0112000522430', 'NATIONAL.ID', '734 280 7646', '100280783', 'PROBIL KUMAR DAS', '01717720720', NULL, '6', '67', 2, '2022-09-06 05:49:24', '2022-09-06 06:51:19', NULL, 538),
(346, '0112000522154', 'NATIONAL.ID', '1513462174', '100280620', 'IMTEAZ AHMED TALUKDER', '01776773579', 'imteaztalukder@gmail.com', '44', '23', 3, '2022-09-06 06:29:57', '2022-09-06 10:37:18', NULL, 540),
(347, '0112000521779', 'Birth Certificate', '20037225650106733', '100280385', 'MD TANIM KHAN', '01785973314', 'mdtanimkhan2003@gmail.com', '44', '23', 3, '2022-09-06 06:41:19', '2022-09-06 10:36:50', NULL, 541),
(348, '0112900522220', 'NATIONAL.ID', '8690723179', '200280654', 'ROSE VALLEY INTERNATIONAL', '01713462451', 'litonmiahrosevalley@yahoo.com', '59', '29', 3, '2022-09-06 06:44:59', '2022-09-18 08:49:49', NULL, 542),
(349, '0112900522216', 'NATIONAL.ID', '4202780484', '100280651', 'SANJIDA AKTER', '01719086864', NULL, '59', '29', 3, '2022-09-06 06:46:44', '2022-09-06 10:01:07', NULL, 543),
(350, '0112900522221', 'NATIONAL.ID', '2851736260', '100280657', 'ALEYA AKTER', '01865429391', NULL, '49', '13', 3, '2022-09-06 07:07:15', '2022-09-06 10:12:25', NULL, 544),
(351, '0112700522634', 'NATIONAL.ID', '9120604021', '100280900', 'HASI BEGUM', '01675557671', NULL, '38', '18', 3, '2022-09-06 07:36:36', '2022-09-06 10:02:54', NULL, 545),
(352, '0112000522630', 'NATIONAL.ID', '19852696403576600', '100280898', 'SUMON HOSSAIN', '01717375968', 'sumon19nov@gmail.com', '38', '18', 3, '2022-09-06 07:55:16', '2022-09-06 10:54:40', NULL, 546),
(353, '0112900521201', 'NATIONAL.ID', '1926712081537', '100280034', 'MD. MONIR', '01819188911', NULL, '59', '29', 2, '2022-09-06 08:09:11', '2022-09-06 10:38:06', NULL, 547),
(354, '0112900522743', 'TIN', '826841242108', '200280975', 'm/s. hospitality partners', '01841514499', 'hasan.haider@vfmadvisory.com', '14', '9', 2, '2022-09-06 08:45:11', '2022-09-07 08:21:40', NULL, 549),
(355, '0132000519096', 'NATIONAL.ID', '4637961243', '100041827', 'MST. RASMA AKTER', NULL, NULL, '47', '34', 3, '2022-09-06 08:48:31', '2022-09-06 09:29:26', NULL, 550),
(356, '0131000519103', 'NATIONAL.ID', '6437961243', '100041827', 'MST. RASMA AKTER', NULL, NULL, '47', '34', 3, '2022-09-06 08:51:24', '2022-09-06 09:33:19', NULL, 551),
(357, '0124200519484', 'NATIONAL.ID', '6888404990', '100005445', 'Amina Aktar', NULL, NULL, '47', '34', 3, '2022-09-06 09:19:10', '2022-09-06 09:36:30', NULL, 552),
(358, '0124200519602', 'NATIONAL.ID', '6438420058', '100005582', 'MOHAMMAD MOTIUR RAHMAN', NULL, NULL, '47', '34', 3, '2022-09-06 09:24:59', '2022-09-06 09:34:36', NULL, 553),
(359, '0131300522461', 'NATIONAL.ID', '1506200128', '100280797', 'KAZI MASUD ALI', '01840806602', NULL, '35', '5', 3, '2022-09-06 09:27:38', '2022-09-06 09:32:43', NULL, 554),
(360, '0131300522455', 'NATIONAL.ID', '1506200128', '100280797', 'KAZI MASUD ALI', '01840806602', NULL, '35', '5', 3, '2022-09-06 09:28:35', '2022-09-06 09:31:29', NULL, 555),
(361, '0131300521359', 'NATIONAL.ID', '2815861857', '100027702', 'SATYA KUMAR GHOSH', NULL, NULL, '47', '34', 3, '2022-09-06 09:33:49', '2022-09-06 09:35:36', NULL, 556),
(362, '0124200517071', 'NATIONAL.ID', '5611017628087', '100276785', 'MOHAMMAD ALOGIR HOSSAN', NULL, NULL, '47', '34', 3, '2022-09-06 09:49:09', '2022-09-06 10:12:06', NULL, 557),
(363, '0134000522652', 'NATIONAL.ID', '7805098683', '100199639', 'FARZANA', NULL, NULL, '47', '34', 3, '2022-09-06 10:02:26', '2022-09-06 10:10:52', NULL, 558),
(364, '0134000522650', 'NATIONAL.ID', '7805098683', '100199639', 'FARZANA', NULL, NULL, '47', '34', 3, '2022-09-06 10:08:01', '2022-09-06 10:13:05', NULL, 559),
(365, '0112700521444', 'NATIONAL.ID', '6460307538', '100280154', 'PRIYANKA DEY', '01872283004', NULL, '34', '49', 3, '2022-09-06 10:11:57', '2022-09-12 06:06:41', NULL, 560),
(366, '0112900520586', 'NATIONAL.ID', '19885817421221204', '100279678', 'MD MOBARAK HOSSAN', '01735656514', NULL, '8', '55', 3, '2022-09-06 11:08:44', '2022-09-22 09:29:06', NULL, 1186),
(367, '0112900522063', 'NATIONAL.ID', '3703834378', '100280461', 'FAHMIDUR RAHMAN RIZVI', '01717401144', 'esotericfahmid1996@gmail.com', '38', '18', 2, '2022-09-07 03:05:16', '2022-09-18 10:10:11', NULL, 563),
(368, '0112700522204', 'NATIONAL.ID', '3318224791', '100280647', 'TUMAMA TARANNUM', '01711547125', NULL, '38', '18', 3, '2022-09-07 04:08:33', '2022-09-07 05:44:31', NULL, 566),
(369, '0112700522551', 'NATIONAL.ID', '8653796113', '100277672', 'MUNNI YESMIN', '01816703078', NULL, '19', '54', 2, '2022-09-07 04:33:57', '2022-09-19 08:43:54', NULL, 963),
(370, '0112900522748', 'NATIONAL.ID', '1914120223', '100280981', 'MD KAMAL HOSSAIN', '01708528290', 'ktsourcing@gmail.com', '38', '18', 3, '2022-09-07 04:49:00', '2022-09-11 10:41:23', NULL, 569),
(371, '0112900522718', 'NATIONAL.ID', '3720449960', '100280946', 'MITHUN', '01725248271', NULL, '57', '22', 3, '2022-09-07 04:51:49', '2022-09-08 05:30:16', NULL, 570),
(372, '0113900521095', 'NATIONAL.ID', '6409229009', '100169854', 'ANNAYSHA NARGIS', NULL, NULL, '47', '34', 3, '2022-09-07 04:52:25', '2022-09-07 05:26:56', NULL, 571),
(373, '0131300522737', 'NATIONAL.ID', '2862697212', '100199921', 'MD RAKIB HOSSAIN', '01316114067', NULL, '1', '50', 3, '2022-09-07 04:52:57', '2022-09-07 05:11:41', NULL, 572),
(374, '0112700521939', 'NATIONAL.ID', '5070072102', '100280476', 'KHALEDA BEGUM', '01830468920', NULL, '3', '52', 3, '2022-09-07 05:04:20', '2022-09-12 10:47:33', NULL, 674),
(375, '0112700522384', 'NATIONAL.ID', '3284699059', '100280762', 'HAZI WOJALA BEGUM', '01400204012', NULL, '61', '43', 3, '2022-09-07 05:06:26', '2022-09-22 10:19:26', NULL, 1176),
(376, '0112000522655', 'NATIONAL.ID', '2862697212', '100199921', 'MD RAKIB HOSSAIN', '01316114067', NULL, '1', '50', 3, '2022-09-07 05:07:18', '2022-09-18 03:25:53', NULL, 585),
(377, '0131300522811', 'NATIONAL.ID', '3701304028', '100206612', 'MOUSUMI NASREEN', '01787464703', NULL, '35', '5', 3, '2022-09-07 05:08:02', '2022-09-07 06:25:39', NULL, 576),
(378, '0124100522872', 'NATIONAL.ID', '9146907739', '100234600', 'SHUVRA HALDER', '01739137301', NULL, '35', '5', 3, '2022-09-07 05:10:50', '2022-09-07 06:24:45', NULL, 577),
(379, '0112000522819', 'NATIONAL.ID', '4814243683310', '100281017', 'MD. DILOWER', NULL, NULL, '47', '34', 2, '2022-09-07 05:13:27', '2022-09-11 10:22:25', NULL, 578),
(380, '0112900522061', 'NATIONAL.ID', '6449545802', '100280364,200280365', 'OS CORPORATION', '01919600801', 'ahovi0001@gmail.com', '38', '18', 2, '2022-09-07 05:13:35', '2022-09-08 08:25:52', NULL, 579),
(381, '0112000522653', 'NATIONAL.ID', '5530277713', '100280912', 'MST. MINARA AKTER', '01610276009', NULL, '44', '24', 3, '2022-09-07 07:04:34', '2022-09-07 08:26:03', NULL, 581),
(382, '0113500522795', 'NATIONAL.ID', '4721708406748', '100110546', 'LEONI BAPARY', '01742456656', NULL, '35', '5', 3, '2022-09-07 07:06:14', '2022-09-07 07:56:08', NULL, 582),
(383, '0113500522792', 'NATIONAL.ID', '4721708406748', '100110546', 'LEONI BAPARY', '01742456656', NULL, '35', '5', 3, '2022-09-07 07:07:51', '2022-09-07 07:57:13', NULL, 583),
(384, '0132000522929', 'NATIONAL.ID', '7350635020', '700280360', 'MILON KUMAR SARDAR', '01717951952', NULL, '35', '6', 3, '2022-09-07 07:35:51', '2022-09-07 07:54:51', NULL, 584),
(385, '0112700522610', 'NATIONAL.ID', '19802699501000156', '100069960', 'ISHITA NASREEN KHAN', '01727759844', NULL, '59', '30', 2, '2022-09-07 08:42:27', '2022-09-18 11:08:54', NULL, 586),
(386, '0132100521370', 'NATIONAL.ID', '9146401253', '100015798', 'MOHMMDE ALAMGIR HOSSAIN (BABUL)', NULL, NULL, '47', '34', 3, '2022-09-07 08:54:05', '2022-09-08 06:31:49', NULL, 587),
(387, '0112700522739', 'NATIONAL.ID', '3913641355879', '100280951', 'SHIRINA AKTHER', '01945159928', NULL, '24', '66', 3, '2022-09-07 09:15:03', '2022-09-07 10:32:03', NULL, 588),
(388, '0112700522826', 'NATIONAL.ID', '2617218964749', '100281022', 'NAZMA AKTER', NULL, NULL, '47', '34', 2, '2022-09-07 09:35:02', '2022-09-08 10:17:08', NULL, 589),
(389, '0112900521726', 'NATIONAL.ID', '3277458323', '100202649', 'ROMANA AKTER', '01909017193', 'N/A', '61', '43', 3, '2022-09-07 09:42:01', '2022-09-18 11:16:12', NULL, 844),
(390, '0112700522417', 'NATIONAL.ID', '2808668855', '100280770', 'MOSA.KHOHALY AKTER', '01670861508', NULL, '38', '18', 3, '2022-09-07 09:46:25', '2022-09-19 08:08:05', NULL, 591),
(391, '0112900522923', 'NATIONAL.ID', '2363624848', '200281079', 'MEHRAJ ENTERPRISE', '01621533450', NULL, '1', '50', 3, '2022-09-07 09:48:04', '2022-09-18 09:03:35', NULL, 592),
(392, '0112000522143', 'NATIONAL.ID', '3751415633', '100280611', 'MST. MAHINUR AKTER', '01890639388', NULL, '5', '62', 2, '2022-09-07 10:00:05', '2022-09-08 05:29:25', NULL, 593),
(393, '0112900522176', 'NATIONAL.ID', '2694813865133,1466846092,5959010850,6416013324022', '100280622,100280624,100280626,100280627', 'MD.ABDUR ROUF,MD RABIUL,RAKHI,ANJU', '01716628910,01722596600', NULL, '38', '18', 2, '2022-09-07 10:14:00', '2022-09-18 06:31:55', NULL, 594),
(394, '0112700522584', 'Birth Certificate', '20011946765053696', '100280876', 'FARZANA AKTER', '01826987779', NULL, '5', '62', 2, '2022-09-07 10:24:14', '2022-09-08 03:04:30', NULL, 601),
(395, '0112000522534', 'Birth Certificate', '20021946765016920', '100280848', 'PROBAT KUMAR SHIL', '01963357986', NULL, '5', '62', 2, '2022-09-07 10:40:37', '2022-09-08 06:03:21', NULL, 602),
(396, '0112000522995', 'NATIONAL.ID', '7785015731', '500274599', 'MD.JEWEL SHEIKH', '01977846060', NULL, '35', '5', 3, '2022-09-07 10:45:37', '2022-09-13 10:59:54', NULL, 603),
(397, '0112000522387', 'NATIONAL.ID', '5561997726', '100280766', 'MST. FAHIMA AKTER', '01964851414', NULL, '5', '62', 2, '2022-09-07 11:02:13', '2022-09-08 04:59:24', NULL, 604),
(398, '0112900521239', 'NATIONAL.ID', '6869002060', '100280058', 'MD. BABU SHEIKH', '01742699634', 'babusheikhbd639@gmail.com', '19', '54', 2, '2022-09-07 11:09:53', '2022-09-19 09:56:30', NULL, 967),
(399, '0112900522471', 'NATIONAL.ID', '4183668450', '100280812', 'MD. ABDUR RAUF', '01713006996', 'rouf020355@gmail.com', '19', '54', 2, '2022-09-07 11:12:11', '2022-09-20 09:37:20', NULL, 968),
(400, '0112900522647', 'NATIONAL.ID', '2696829640065', '100280908', 'MD. TASLIM ALAM', '01711985955', 'aceautos.bd@gmail.com', '19', '54', 4, '2022-09-07 11:14:43', '2022-09-25 06:51:11', NULL, 1231),
(401, '0112700522186', 'NATIONAL.ID', '4197961370', '100280636', 'NIGAR PARVIN KHAN', '01687667410', 'knigar94@gmail.com', '19', '54', 3, '2022-09-07 11:17:15', '2022-09-19 10:40:16', NULL, 962),
(402, '0113900521096', 'NATIONAL.ID', '8693360342', '100025643', 'MD. SANOWAR HOSSIN', '01712566185', NULL, '6', '67', 2, '2022-09-08 04:40:09', '2022-09-13 06:34:56', NULL, 613),
(403, '0112900522832', 'Birth Certificate', '19992692521455692', '100281024', 'AWLADE AHMED', '01300666522', 'AWLADEAHMEDHRIDOY@GMAIL.COM', '3', '53', 3, '2022-09-08 04:55:55', '2022-09-11 05:55:38', NULL, 641),
(404, '0131300518743', 'NATIONAL.ID', '5112829675', '100278556', 'PARVEZ KHAN', '01633764159', NULL, '22', '31', 3, '2022-09-08 06:43:00', '2022-09-08 07:52:34', NULL, 621),
(405, '0112700523121', 'NATIONAL.ID', '8671411125', '100281211', 'TANJILA AKTER', '01929510462', NULL, '4', '57', 3, '2022-09-08 06:56:50', '2022-09-08 10:18:00', NULL, 622),
(406, '0112700522870', 'NATIONAL.ID', '19916710231000210', '100281052', 'AMENA BEGUM', '01811892542', NULL, '4', '57', 3, '2022-09-08 06:58:55', '2022-09-12 05:54:14', NULL, 741),
(407, '0112700522938', 'NATIONAL.ID', '3617160013936', '100281087', 'FATEMA BEGUM', '01732767551', NULL, '4', '57', 3, '2022-09-08 07:01:04', '2022-09-08 10:22:56', NULL, 625),
(408, '0112700522857', 'NATIONAL.ID', '3738966922', '100281047', 'MST.PARVIN', '01983169259', NULL, '4', '57', 3, '2022-09-08 07:04:23', '2022-09-12 06:03:53', NULL, 727),
(409, '0112000519095', 'NATIONAL.ID', '7754339302', '100278798', 'NARUM AHMMED EMU', '01790656726', NULL, '57', '22', 2, '2022-09-08 09:09:38', '2022-09-15 09:24:10', NULL, 729),
(410, '0124100523249', 'NATIONAL.ID', '4179349412', '100181561', 'MD.JOUL RANA', '01921191783', NULL, '28', '59', 3, '2022-09-08 09:31:42', '2022-09-08 09:56:48', NULL, 633),
(411, '0113500522441', 'NATIONAL.ID', '1314960594824', '100035106', 'MAMUN MIAZI', '01716201577', NULL, '22', '31', 3, '2022-09-08 09:36:26', '2022-09-08 10:55:53', NULL, 635),
(412, '0112900522951', 'NATIONAL.ID', '1493393928', '100281100', 'MUKTARUL ALAM', '01790884065', NULL, '3', '52', 3, '2022-09-08 09:37:38', '2022-09-12 04:58:43', NULL, 716),
(413, '0124100521974', 'NATIONAL.ID', '1593525450010', '100071403', 'SHARMIN JAHAN', '01939777901', NULL, '22', '31', 3, '2022-09-08 09:44:18', '2022-09-08 10:48:02', NULL, 639),
(414, '0113900521026', 'NATIONAL.ID', '4169011220', '100188814', 'MORJINA AKTER', '01717046635', NULL, '22', '31', 3, '2022-09-08 09:46:18', '2022-09-08 10:56:54', NULL, 640),
(415, '0112700522972', 'NATIONAL.ID', '4168037366', '100281104', 'NASHID ALI', '01716940696', NULL, '3', '53', 3, '2022-09-08 09:50:28', '2022-09-12 04:55:48', NULL, 718),
(416, '0113900521028', 'NATIONAL.ID', '4169011220', '100188814', 'MORJINA AKTER', '01717046635', NULL, '22', '31', 3, '2022-09-08 09:50:40', '2022-09-08 10:55:02', NULL, 645),
(417, '0124100521971', 'NATIONAL.ID', '1593525450010', '100071403', 'SHARMIN JAHAN', '01939777901', NULL, '22', '31', 3, '2022-09-08 09:52:24', '2022-09-08 10:54:24', NULL, 646),
(418, '0112900522459', 'NATIONAL.ID', '5056192254', '100280792', 'monjur morshed', '01849853319', 'mshojol100@gmail.com', '19', '54', 3, '2022-09-08 09:52:30', '2022-09-18 10:57:10', NULL, 965),
(419, '0112700522845', 'NATIONAL.ID', '1822309169778', '100281031', 'ARIN BISWAS', '01754917978', NULL, '14', '9', 2, '2022-09-08 09:57:27', '2022-09-18 08:57:10', NULL, 855),
(420, '0124100521644', 'NATIONAL.ID', '19795918447000009', '100062910', 'ABDUR ROB', '01915246545', NULL, '22', '31', 3, '2022-09-08 09:59:00', '2022-09-08 10:53:24', NULL, 649),
(421, '0124100521633', 'NATIONAL.ID', '19795918447000009', '100062910', 'ABDUR ROB', '01915246545', NULL, '22', '31', 3, '2022-09-08 10:00:35', '2022-09-08 10:52:51', NULL, 650),
(422, '0124100521631', 'NATIONAL.ID', '19795918447000009', '100062910', 'ABDUR ROB', '01915246545', NULL, '22', '31', 3, '2022-09-08 10:01:39', '2022-09-08 10:52:13', NULL, 651),
(423, '0124100521642', 'NATIONAL.ID', '19795918447000009', '100062910', 'ABDUR ROB', '01915246545', NULL, '22', '31', 3, '2022-09-08 10:02:39', '2022-09-08 10:51:25', NULL, 652),
(424, '0124100521640', 'NATIONAL.ID', '19795918447000009', '100062910', 'ABDUR ROB', '01915246545', NULL, '22', '31', 3, '2022-09-08 10:04:22', '2022-09-08 10:49:39', NULL, 654),
(425, '0124100521638', 'NATIONAL.ID', '19795918447000009', '100062910', 'ABDUR ROB', '01915246545', NULL, '22', '31', 3, '2022-09-08 10:05:12', '2022-09-08 10:48:59', NULL, 655),
(426, '0131300521695', 'NATIONAL.ID', '2694266798425', '100245818', 'MD. HASAN', '01865688802', NULL, '22', '31', 3, '2022-09-08 10:07:03', '2022-09-08 10:45:34', NULL, 656),
(427, '0131300521699', 'NATIONAL.ID', '2694266798425', '100245818', 'MD. HASAN', '01865688802', NULL, '22', '31', 3, '2022-09-08 10:08:00', '2022-09-08 10:44:51', NULL, 657),
(428, '0124100521648', 'NATIONAL.ID', '19795918447000009', '100062910', 'ABDUR ROB', '01915246545', NULL, '22', '31', 3, '2022-09-08 10:08:50', '2022-09-08 10:43:53', NULL, 659),
(429, '0124100521646', 'NATIONAL.ID', '19795918447000009', '100062910', 'ABDUR ROB', '01915246545', NULL, '22', '31', 3, '2022-09-08 10:10:18', '2022-09-08 10:41:32', NULL, 660),
(430, '0124100521635', 'NATIONAL.ID', '19795918447000009', '100062910', 'ABDUR ROB', '01915246545', NULL, '22', '31', 3, '2022-09-08 10:12:21', '2022-09-08 10:34:24', NULL, 661),
(431, '0131000521244', 'NATIONAL.ID', '6865458266', '100198317', 'MD. RIAD SIKDER', '01925507840', NULL, '22', '31', 3, '2022-09-08 10:13:50', '2022-09-08 10:29:00', NULL, 663),
(432, '0131000521245', 'NATIONAL.ID', '6865458266', '100198317', 'MD. RIAD SIKDER', '01925507840', NULL, '22', '31', 3, '2022-09-08 10:14:50', '2022-09-08 10:28:20', NULL, 664),
(433, '0112000523081', 'NATIONAL.ID', '5110349767', '100281181', 'MD. AULAD HOSSIN', '01995176152', NULL, '44', '24', 3, '2022-09-08 10:15:28', '2022-09-11 10:38:02', NULL, 673),
(434, '0124100521629', 'NATIONAL.ID', '19795918447000009', '100062910', 'ABDUR ROB', '01915246545', NULL, '22', '31', 3, '2022-09-08 10:16:24', '2022-09-08 10:27:21', NULL, 667),
(435, '0124100521649', 'NATIONAL.ID', '19862694266797763', '100257084', 'MD.SYFUL ISLAM', '01733641824', NULL, '22', '31', 3, '2022-09-08 10:18:48', '2022-09-08 10:26:10', NULL, 668),
(436, '0131000522970', 'NATIONAL.ID', '1822309169778', '100281031', 'ARIN BISWAS', '01754917978', NULL, '14', '9', 3, '2022-09-08 10:21:50', '2022-09-12 05:42:10', NULL, 669),
(437, '0112700522161', 'NATIONAL.ID', '8238005980', '100280612', 'HOSNEARA', '01790550672', NULL, '22', '31', 3, '2022-09-08 10:23:17', '2022-09-12 10:17:17', NULL, 670),
(438, '0112700521518', 'NATIONAL.ID', '5987459475', '100280232', 'SADIA AFRIN', '01726064322', NULL, '22', '31', 3, '2022-09-08 10:26:51', '2022-09-19 06:12:34', NULL, 882),
(439, '0112900521555', 'NATIONAL.ID', '19923014167000297', '100280250', 'BIPLAB SUTRADHAR', '01859789450', NULL, '59', '29', 2, '2022-09-08 11:13:28', '2022-09-20 08:41:49', NULL, 1023),
(440, '0112000522774', 'NATIONAL.ID', '9113178025', '100281000', 'SHIPON AKTER', '01794199640', NULL, '5', '62', 2, '2022-09-08 11:15:03', '2022-09-11 03:17:14', NULL, 676),
(441, '0112900521246', 'TIN', '755892922984', '200280056', 'ANGAN DEVELOPMENTS LTD', '01755553370', 'sintubain1977@gmail.com', '14', '9', 2, '2022-09-08 11:16:26', '2022-09-12 03:34:10', NULL, 677),
(442, '0113500523158', 'NATIONAL.ID', '1497712289', '100029404', 'MD.JASIM UDDIN', '01715461404', NULL, '28', '60', 3, '2022-09-11 03:32:58', '2022-09-11 07:22:59', NULL, 695),
(443, '0112700522463', 'NATIONAL.ID', '2408281406', '100280778', 'JANNATUL NAYEEM AKHY', '01628385753', NULL, '34', '49', 3, '2022-09-11 03:52:47', '2022-09-12 07:32:49', NULL, 680),
(444, '0112000522470', 'NATIONAL.ID', '4215506280', '100280780', 'NURUL ALAM', '01817895558', NULL, '34', '49', 4, '2022-09-11 03:55:44', '2022-09-22 06:21:54', NULL, 1160),
(445, '0132000522814', 'NATIONAL.ID', '3269570564', '100245227', 'S.S. SHAMSUL ARIFIN', '01711238651', NULL, '57', '22', 3, '2022-09-11 03:59:57', '2022-09-11 05:54:43', NULL, 682),
(446, '0111100522681', 'NATIONAL.ID', '3720519390', '200280927', 'H2 GALLERY', '01715004633', 'H2GALLERY@YAHOO.COM', '3', '53', 3, '2022-09-11 04:48:11', '2022-09-12 10:48:53', NULL, 683),
(447, '0112000523149', 'NATIONAL.ID', '4615435346', '100281224', 'MD. SANOWAR', '01782407354', NULL, '57', '22', 3, '2022-09-11 04:51:30', '2022-09-18 11:11:25', NULL, 895),
(448, '0112000522823', 'NATIONAL.ID', '5963526867', '100281014', 'AMIR HAMZA', '01811394937', NULL, '38', '14', 3, '2022-09-11 05:21:09', '2022-09-19 03:10:24', NULL, 875),
(449, '0112000521582', 'NATIONAL.ID', '1911518508099', '100280265', 'KAZI ABU THAHER', '01575677075', NULL, '61', '43', 3, '2022-09-11 05:43:33', '2022-09-18 11:10:04', NULL, 752),
(450, '0112000522646', 'NATIONAL.ID', '19781594115000027', '100280899', 'MOHAMMED OSMAN ALI', '01812850226', NULL, '34', '49', 3, '2022-09-11 06:17:05', '2022-09-12 06:39:24', NULL, 688),
(451, '0112900523190', 'NATIONAL.ID', '19941314735000084', '200281257', 'SHAFIQ AUTO REFINISH PAINT', NULL, NULL, '47', '34', 3, '2022-09-11 06:23:53', '2022-09-14 04:13:05', NULL, 730),
(452, '0112900520455', 'TIN', '633305781062', '200279604', 'COMMUNICATION EASY (COMEASY)', '01712583918', 'sa.joy.gp@gmail.com', '14', '9', 3, '2022-09-11 06:40:21', '2022-09-19 04:23:25', NULL, 700),
(453, '0112900522985', 'NATIONAL.ID', '4662248394', '200281107', 'AWLAD HOSSAIN', '01942157573', NULL, '4', '57', 3, '2022-09-11 06:45:20', '2022-09-19 07:27:34', NULL, 991),
(454, '0112000520466', 'NATIONAL.ID', '7780917741', '100279501', 'HAZERA KHATUN MIM', '01747418246', NULL, '38', '18', 3, '2022-09-11 07:26:57', '2022-09-19 06:12:30', NULL, 697),
(455, '0112900522227', 'NATIONAL.ID', '19845611028694863', '200280661', 'EARTH HEALTH CARE', '01911054495', NULL, '59', '30', 3, '2022-09-11 07:37:51', '2022-09-20 06:45:49', NULL, 1064),
(456, '0112000520464', 'NATIONAL.ID', '2355812369', '100279504', 'KAMRUN NESSA', '01729600003', 'soma.nessa@gmail.com', '38', '18', 3, '2022-09-11 07:50:01', '2022-09-19 05:41:48', NULL, 699),
(457, '0112000520823', 'NATIONAL.ID', '8655041641', '100279749', 'FARHANA HOSSAN', '01947782769', NULL, '38', '18', 3, '2022-09-11 08:08:23', '2022-09-19 05:29:02', NULL, 701),
(458, '0124100523228', 'NATIONAL.ID', '19905611038000068', '100264897', 'MD. FERDAUS HOSSAIN', NULL, NULL, '47', '34', 3, '2022-09-11 08:13:06', '2022-09-11 09:22:30', NULL, 702),
(459, '0112000520421', 'NATIONAL.ID', '8240506488', '100279559', 'JANNATUL FERDROS', '01781499069', 'jannatul.210@gmail.com', '38', '18', 3, '2022-09-11 08:21:20', '2022-09-19 05:19:14', NULL, 703),
(460, '0112000522721', 'NATIONAL.ID', '3256653498', '100280948', 'ANISUR RAHMAN', '01758804729', NULL, '34', '49', 2, '2022-09-11 08:54:20', '2022-09-12 09:39:19', NULL, 705),
(461, '0112000523189', 'NATIONAL.ID', '1517412652603', '100281235', 'PROKAS DEY', '01819387470', NULL, '34', '49', 3, '2022-09-11 08:56:47', '2022-09-21 10:50:29', NULL, 1012),
(462, '0131000523539', 'NATIONAL.ID', '7214740890875', '100221736', 'MD RABIN MIA', NULL, NULL, '47', '34', 3, '2022-09-11 09:17:18', '2022-09-11 09:18:42', NULL, 707),
(463, '0112000522131', 'NATIONAL.ID', '2847923980', '100280598', 'S M SALAHUDDIN', '01885939601', 'SALAUDDINDCL244@GMAIL.COM', '3', '53', 2, '2022-09-11 09:27:38', '2022-09-12 04:00:32', NULL, 708),
(464, '0112000523093', 'NATIONAL.ID', '8679008766', '100281184', 'AMINA', '01934913528', NULL, '44', '23', 3, '2022-09-11 09:28:37', '2022-09-18 08:19:54', NULL, 709),
(465, '0112000523207', 'NATIONAL.ID', '86136623695956', '100281272', 'MST.KHURSEDA', '01816447784', NULL, '38', '14', 3, '2022-09-11 09:42:22', '2022-09-19 05:00:59', NULL, 710),
(466, '0132400523346', 'NATIONAL.ID', '19960125801000076', '500227144', 'REZWANA PERVEEN', '01854537915', NULL, '35', '6', 3, '2022-09-11 09:43:44', '2022-09-12 05:41:42', NULL, 711),
(467, '0112700522606', 'NATIONAL.ID', '8703225618', '100280891', 'JESMIN', '01941021769', NULL, '5', '62', 2, '2022-09-11 09:58:06', '2022-09-11 10:54:13', NULL, 712),
(468, '0112000522772', 'NATIONAL.ID', '9112991634', '100280999', 'NAZMA BEGUM', '01823872757', NULL, '5', '62', 2, '2022-09-11 10:00:32', '2022-09-12 07:27:26', NULL, 713),
(469, '0112000523214', 'NATIONAL.ID', '5100448215', '100281281', 'FARUK AHMED', '01608249392', NULL, '5', '62', 2, '2022-09-11 10:03:01', '2022-09-12 10:02:07', NULL, 714),
(470, '0112700522525', 'NATIONAL.ID', '1036388757', '100280837', 'NUPUR KHANOM', '01622673680', NULL, '5', '62', 2, '2022-09-11 10:05:56', '2022-09-11 10:41:08', NULL, 715),
(471, '0112000520884', 'NATIONAL.ID', '7804638885', '100279823', 'MD. SAIFUL ISLAM', '01798868035', NULL, '57', '22', 3, '2022-09-11 10:28:47', '2022-09-13 04:36:22', NULL, 717),
(472, '0111100521236', 'NATIONAL.ID', '9563940361', '200279818', 'NIL ACHOL', '01906957707', NULL, '22', '31', 3, '2022-09-11 10:44:49', '2022-09-18 10:37:16', NULL, 722),
(473, '0111100521238', 'NATIONAL.ID', '2696402515331', '200280061', 'NOTUN JAGORON', '01625335442', NULL, '22', '31', 3, '2022-09-11 10:53:06', '2022-09-18 10:39:16', NULL, 723),
(474, '0113900523032', 'NATIONAL.ID', '9132125999', '100115467', 'ARZUNA RAHMAN', '01710397951', NULL, '3', '53', 3, '2022-09-11 10:56:18', '2022-09-21 03:57:09', NULL, 1086),
(475, '0112900523009', 'NATIONAL.ID', '7217454321627', '100281135', 'MD ABDUL HAI TALUKDAR', '01715960988', NULL, '44', '23', 3, '2022-09-11 11:00:15', '2022-09-12 09:01:07', NULL, 725),
(476, '0113500522292', 'NATIONAL.ID', '2694264733973', '100256941', 'MIR DOULAT HOSSAIN', '01673120000', NULL, '3', '53', 3, '2022-09-11 11:01:57', '2022-09-12 03:27:16', NULL, 726),
(477, '0112900521528', 'NATIONAL.ID', '19931912755000136', '200280230', 'VISION EYE', '01864122927', NULL, '61', '43', 3, '2022-09-11 11:36:05', '2022-09-19 02:58:22', NULL, 877),
(478, '0112900523107', 'NATIONAL.ID', '1507838652', '100281199', 'MD. JAHIRUL ISALAM', '01318428927', NULL, '44', '24', 3, '2022-09-12 03:51:09', '2022-09-15 10:51:41', NULL, 733),
(479, '0112000523047', 'NATIONAL.ID', '5987310835', '100281167', 'RUMI AKTER', '01642313340', NULL, '38', '18', 3, '2022-09-12 03:54:48', '2022-09-19 10:03:57', NULL, 732),
(480, '0112000523050', 'NATIONAL.ID', '9312580483788', '100281161', 'SELINA', '01922699391', NULL, '38', '18', 3, '2022-09-12 03:56:42', '2022-09-19 07:36:59', NULL, 734),
(481, '0111100523117', 'NATIONAL.ID', '19851918734062992', '200281208', 'RMI AUTOMOBILE', '01711797544', NULL, '19', '54', 2, '2022-09-12 04:32:16', '2022-09-12 05:16:30', NULL, 735),
(482, '0112700523052', 'NATIONAL.ID', '2915673053890', '100281158', 'UMME VMAKSHUDA (MOLINA)', '01310550106', NULL, '38', '18', 3, '2022-09-12 05:06:00', '2022-09-19 08:07:50', NULL, 736),
(483, '0112900523054', 'NATIONAL.ID', '5088570949', '100281143,20281155', 'M/S. NAHID SHIPPING & TRADING', '01731270616', 'aqibur.rahman@gmail.com', '38', '18', 3, '2022-09-12 05:09:23', '2022-09-15 05:29:27', NULL, 737),
(484, '0113900523303', 'NATIONAL.ID', '2364647012', '100267213', 'MD. MIZANUR RAHMAN', NULL, NULL, '47', '34', 3, '2022-09-12 05:19:08', '2022-09-12 05:31:02', NULL, 738),
(485, '0112900521276', 'NATIONAL.ID', '1922223126', '100280076', 'A. S. M. SHAHRIAR AHMED', '01723806333', 'NIL', '59', '29', 3, '2022-09-12 05:30:55', '2022-09-12 05:41:12', NULL, 739),
(486, '0131000523499', 'NATIONAL.ID', '5528478299', '100179259', 'MD. MOMENUL ISLAM', '01735161516', NULL, '57', '22', 3, '2022-09-12 06:15:26', '2022-09-12 06:21:45', NULL, 742),
(487, '0112700522825', 'NATIONAL.ID', '4154657078', '100149270', 'MOU SARKER', '01779559448', NULL, '57', '22', 3, '2022-09-12 07:17:19', '2022-09-19 08:38:04', NULL, 997),
(488, '0112900523530', 'NATIONAL.ID', '7764796673', '100281448', 'MD.MARUF MOLLAH', '01316137000', NULL, '4', '57', 3, '2022-09-12 07:25:22', '2022-09-19 07:23:08', NULL, 988),
(489, '0112000523628', 'NATIONAL.ID', '6439322469', '100281493', 'MD.SUMON MIAH', '01761915368', NULL, '4', '57', 3, '2022-09-12 07:27:35', '2022-09-18 06:05:06', NULL, 854),
(490, '0112000522942', 'NATIONAL.ID', '9137223310', '100281084', 'FORIDABEGUM', '01959524628', NULL, '38', '14', 3, '2022-09-12 07:29:06', '2022-09-18 10:40:47', NULL, 746),
(491, '0112700523611', 'Passport Number', 'EA0558047', '100185128', 'ANAR KOLI YASMIN', '01762516299', 'anarkoli.rahman08@gmail.com', '14', '9', 3, '2022-09-12 07:43:06', '2022-09-18 07:30:47', NULL, 747),
(492, '0112000523034', 'Birth Certificate', '19962647233000924', '100281106', 'NAZNIN AKTER', '01404802705', NULL, '38', '14', 2, '2022-09-12 08:17:38', '2022-09-19 10:07:38', NULL, 748),
(493, '0112000522940', 'NATIONAL.ID', '4655014910', '100281083', 'NAZMA ISLAM AMI', '01741027946', 'aurniaumi97@gmail.com', '38', '14', 3, '2022-09-12 08:36:44', '2022-09-18 10:30:58', NULL, 749),
(494, '0112000523026', 'NATIONAL.ID', '7332984538', '100281118', 'RANI', '01406111379', NULL, '38', '14', 3, '2022-09-12 08:48:27', '2022-09-18 11:05:56', NULL, 750),
(495, '0112000523028', 'NATIONAL.ID', '4210886539', '100281112', 'TANIA AKTER', '01795707897', NULL, '38', '14', 2, '2022-09-12 09:03:39', '2022-09-19 10:12:47', NULL, 751),
(496, '0131300523333', 'NATIONAL.ID', '2390710404', '100216437', 'LAKHI AKTAR', '01712535214', NULL, '1', '50', 3, '2022-09-12 09:15:01', '2022-09-13 03:34:55', NULL, 754),
(497, '0112000523260', 'NATIONAL.ID', '9122732523', '100281298', 'RANJITA SARKAR', '01980449140', NULL, '35', '5', 2, '2022-09-12 09:17:05', '2022-09-18 10:46:03', NULL, 756),
(498, '0131100523334', 'NATIONAL.ID', '2808141986', '100184593', 'MD JABED HOSSAIN LITON', '01712535214', NULL, '1', '50', 3, '2022-09-12 09:17:49', '2022-09-13 04:08:49', NULL, 757),
(499, '0112700523319', 'NATIONAL.ID', '2856412131', '100281324', 'MITU', '01995934185', NULL, '38', '14', 2, '2022-09-12 09:18:53', '2022-09-19 10:17:50', NULL, 758),
(500, '0131100523277', 'NATIONAL.ID', '9122732523', '100281298', 'RANJITA SARKAR', '01980449140', NULL, '35', '5', 3, '2022-09-12 09:20:18', '2022-09-12 09:54:17', NULL, 759),
(501, '0132200523234', 'NATIONAL.ID', '4714075015466', '100084287', 'JAHANARA BEGUM', '01711308755', NULL, '35', '5', 3, '2022-09-12 09:23:28', '2022-09-12 09:50:33', NULL, 760),
(502, '0132200523217', 'NATIONAL.ID', '4714075054020', '100083569', 'MD. FAZLUR RAHIM', '01711308755', NULL, '35', '5', 3, '2022-09-12 09:26:31', '2022-09-12 09:51:28', NULL, 761),
(503, '0132200523215', 'NATIONAL.ID', '4714075054020', '100083569', 'MD. FAZLUR RAHIM', '01711308755', NULL, '35', '5', 3, '2022-09-12 09:30:01', '2022-09-12 09:52:30', NULL, 762),
(504, '0131100523800', 'NATIONAL.ID', '1941082867', '100281622', 'MST MONNI AKTER', NULL, NULL, '47', '34', 3, '2022-09-12 09:34:41', '2022-09-12 10:09:38', NULL, 763),
(505, '0112700522927', 'NATIONAL.ID', '1592823786144', '100139857', 'NASIMA AKTER', '01742740140', NULL, '53', '64', 2, '2022-09-12 09:35:29', '2022-09-12 10:05:04', NULL, 764),
(506, '0132000523698', 'NATIONAL.ID', '4713011246800', '100140591', 'MUKTI DEY', '01721582805', NULL, '35', '6', 3, '2022-09-12 09:38:29', '2022-09-12 09:49:41', NULL, 765),
(507, '0112900522910', 'NATIONAL.ID', '4153682986', '100281070', 'SHAHEDUR RAHAMAN RAZIB', '01625328779', 'razibmiah333@gmail.com', '38', '18', 3, '2022-09-12 09:58:37', '2022-09-19 05:48:53', NULL, 766),
(508, '0112000522128', 'NATIONAL.ID', '1513326064', '100280585', 'MD. SOHEL TANVER', '01915255552', 'SOHEL019152@GMAIL.COM', '3', '53', 3, '2022-09-12 10:32:23', '2022-09-18 09:33:07', NULL, 767),
(509, '0112000523046', 'NATIONAL.ID', '8253724465', '100281164', 'MD RABBI KHAN', '01922327060', NULL, '1', '50', 2, '2022-09-12 10:36:26', '2022-09-19 10:00:15', NULL, 987),
(510, '0112000522700', 'NATIONAL.ID', '4645394604', '100280939', 'MD. MUSA AMIN', '01533945938', NULL, '3', '53', 3, '2022-09-12 10:36:54', '2022-09-20 09:20:50', NULL, 1059),
(511, '0112700521797', 'NATIONAL.ID', '8670115826', '100280397', 'MEHNAZJ ALAM', '01748232596', NULL, '3', '53', 3, '2022-09-12 10:39:52', '2022-09-21 03:02:56', NULL, 1090),
(512, '0131000523485', 'NATIONAL.ID', '6710226537169', '100274288', 'MD. LIAQUIT HOSSEN', '01954030374', NULL, '3', '53', 3, '2022-09-12 10:42:35', '2022-09-12 10:49:26', NULL, 771),
(513, '0124100523463', 'Passport Number', 'BM0549163', '100222599', 'MD. MUNSUR ASHIF', '01904626218', NULL, '3', '53', 3, '2022-09-12 10:44:31', '2022-09-13 06:22:56', NULL, 772),
(514, '013200523725', 'NATIONAL.ID', '3298801998', '100194831', 'MD HANIF MALLA', '01948639466', NULL, '1', '50', 3, '2022-09-12 10:49:58', '2022-09-13 03:36:31', NULL, 774),
(515, '0131000523681', 'NATIONAL.ID', '3298801998', '100194831', 'MD HANIF MALLA', '01948639466', NULL, '1', '50', 3, '2022-09-12 10:54:49', '2022-09-13 03:37:03', NULL, 775),
(516, '0112000522535', 'NATIONAL.ID', '8675860897', '100280845', 'SUMAN KUNDU', '01634000153', NULL, '3', '53', 2, '2022-09-13 03:31:39', '2022-09-19 05:34:23', NULL, 776),
(517, '0112000523051', 'NATIONAL.ID', '7802656814', '100281165', 'KLINTON KRITUNIA', '01934318599', NULL, '3', '53', 3, '2022-09-13 03:33:31', '2022-09-21 06:26:45', NULL, 1092),
(518, '0131100523675', 'NATIONAL.ID', '4212082947', '100277952', 'MASUD HOSSAIN', '01608639111', NULL, '3', '53', 3, '2022-09-13 03:35:01', '2022-09-13 06:20:48', NULL, 778),
(519, '0131100523053', 'NATIONAL.ID', '7802656814', '100281165', 'KLINTON KRITUNIA', '01934318599', NULL, '3', '53', 3, '2022-09-13 03:36:02', '2022-09-13 06:22:02', NULL, 779),
(520, '0131100523056', 'NATIONAL.ID', '7802656814', '100281165', 'KLINTON KRITUNIA', '01934318599', NULL, '3', '53', 3, '2022-09-13 03:36:57', '2022-09-13 06:21:36', NULL, 780),
(521, '0131000523634', 'NATIONAL.ID', '5095570296', '100280625', 'SAZZATUN NAHAR', '01798080407', NULL, '24', '65', 3, '2022-09-13 04:17:51', '2022-09-13 06:22:25', NULL, 781),
(522, '0131300523383', 'NATIONAL.ID', '1913694865495', '100144130', 'ASMA UL HOSNA', '01915665067', NULL, '24', '65', 3, '2022-09-13 04:19:56', '2022-09-13 06:20:12', NULL, 782),
(523, '0112700523631', 'NATIONAL.ID', '2834780500', '100281508', 'SOKINA BEGUM', '01922655029', NULL, '59', '30', 2, '2022-09-13 04:31:55', '2022-09-20 06:38:11', NULL, 1063),
(524, '0112000523108', 'NATIONAL.ID', '6905487994', '100281204', 'MD. SAHARIYA ARAFAT', '01716138635', NULL, '59', '30', 3, '2022-09-13 04:35:09', '2022-09-20 06:41:35', NULL, 1065),
(525, '0112900522824', 'NATIONAL.ID', '1315831403077', '100150317', 'OMAR FARUQ', '01818062377', NULL, '49', '10', 3, '2022-09-13 04:41:46', '2022-09-19 06:51:23', NULL, 1005),
(526, '0112000522835', 'NATIONAL.ID', '1315823474341', '100281033', 'MD BABUL', '01716556267', NULL, '49', '10', 2, '2022-09-13 04:43:47', '2022-09-20 07:21:05', NULL, 1053),
(527, '0112700523031', 'NATIONAL.ID', '6458102479', '100280640', 'Papiya rahman', '01705774888', 'athorarahman@yahoo.com', '19', '54', 2, '2022-09-13 04:51:20', '2022-09-13 05:59:08', NULL, 789),
(528, '0112700523170', 'NATIONAL.ID', '6005103293', '100281240', 'LIZA AKTER', NULL, NULL, '47', '34', 2, '2022-09-13 05:09:53', '2022-09-13 07:18:36', NULL, 790),
(529, '0112700523787', 'NATIONAL.ID', '6915708488', '100281604', 'MST LIZA AKTER', NULL, NULL, '47', '34', 3, '2022-09-13 05:15:28', '2022-09-18 11:13:08', NULL, 791),
(530, '0112700521400', 'NATIONAL.ID', '1594120207626', '100280097', 'DIPIKA DEV', '01816128976', NULL, '34', '49', 4, '2022-09-13 05:15:57', '2022-09-21 04:21:15', NULL, 1107),
(531, '0112700523780', 'NATIONAL.ID', '9149758857', '100281571', 'KHADZA AKTER RASIDA', '01928085400', NULL, '4', '57', 3, '2022-09-13 05:26:08', '2022-09-19 09:09:00', NULL, 1019),
(532, '0111100523503', 'NATIONAL.ID', '2690417147631', '100281420', 'MOHD. SHAHADAT HOSSAIN KHAN', '01711532187', NULL, '3', '53', 3, '2022-09-13 05:27:42', '2022-09-19 05:38:44', NULL, 794),
(533, '0111100521233', 'NATIONAL.ID', '9559024089', '200279824', 'GOLPER SHOHOR', '01995662820', NULL, '22', '31', 3, '2022-09-13 05:35:38', '2022-09-19 10:36:57', NULL, 795),
(534, '0112700520936', 'NATIONAL.ID', '5081947532', '100279853', 'JAHANARA', '01768355538', NULL, '22', '31', 3, '2022-09-13 05:41:01', '2022-09-19 11:09:05', NULL, 972),
(535, '0112900520702', 'NATIONAL.ID', 'EK 0019184', '100279731', 'NUR HOSSAIN', '01812349725', NULL, '22', '31', 3, '2022-09-13 05:46:03', '2022-09-18 10:25:41', NULL, 797),
(536, '0112900522813', 'NATIONAL.ID', '6856779175', '100281015', 'MD.RIPON HOSSAIN', '01799796215', NULL, '22', '31', 3, '2022-09-13 05:49:44', '2022-09-18 10:27:04', NULL, 883),
(537, '0112900521777', 'NATIONAL.ID', '7309904394', '100280372', 'KHONDAKER ABUL FAIZ MD. MOHIBULLAH', '01713245269', 'k_mohibullah_bd@hotmail.com', '14', '45', 3, '2022-09-13 06:18:17', '2022-09-18 09:34:27', NULL, 799),
(538, '0113500523948', 'NATIONAL.ID', '4194898021', '100259817', 'MD SADRUL ISLAM', '01912015250', NULL, '28', '60', 3, '2022-09-13 06:20:27', '2022-09-13 09:21:03', NULL, 800),
(539, '012000521781', 'NATIONAL.ID', '2696654541738', '100280383', 'MD. JUWEL', '01912091944', 'juwelahmed868@gmail.com', '14', '45', 2, '2022-09-13 06:29:45', '2022-09-15 10:58:52', NULL, 801),
(540, '0112000521781', 'NATIONAL.ID', '2696654541738', '100280383', 'MD. JUWEL', '01912091944', 'juwelahmed868@gmail.com', '14', '45', 2, '2022-09-13 06:33:04', '2022-09-15 11:02:21', NULL, 802),
(541, '0112000521840', 'NATIONAL.ID', '19872690421000147', '100280402', 'MOHAMMAD SHOHEL', '01990040407', NULL, '14', '45', 2, '2022-09-13 06:36:11', '2022-09-18 09:42:17', NULL, 803),
(542, '0112000521785', 'NATIONAL.ID', '19853313081960140', '100280375', 'MD. KAMRUL HASAN', '01715110412', NULL, '14', '45', 2, '2022-09-13 06:39:05', '2022-09-18 11:15:29', NULL, 804),
(543, '0112900521342', 'NATIONAL.ID', '19871312276385696', '100280123', 'MUKBIL HOSSAIN', '01719715569', NULL, '14', '45', 3, '2022-09-13 06:48:13', '2022-09-18 09:46:13', NULL, 878),
(544, '0112900523835', 'TIN', '394157299325', '200281625', 'SOUTH ASIAN AIRLINES LTD:', '01847090224', 'shojib016@gmail.com', '14', '9', 2, '2022-09-13 07:11:17', '2022-09-20 10:41:57', NULL, 1069),
(545, '0112900521720', 'NATIONAL.ID', '7777456794', '100202523', 'AKLIMA AKTER', '01768622872', 'N/A', '61', '43', 3, '2022-09-13 08:31:57', '2022-09-19 03:00:43', NULL, 825),
(546, '0112700523659', 'NATIONAL.ID', '5954277025', '100281520', 'RASHIDA', '01734384516', NULL, '38', '14', 2, '2022-09-13 09:14:59', '2022-09-19 10:36:11', NULL, 809),
(547, '0112200523933', 'Birth Certificate', '20052692541033943', '100281676', 'MUBASERA RAHMAN SNEHA', '01817025679', NULL, '28', '59', 3, '2022-09-13 09:25:47', '2022-09-18 11:09:21', NULL, 981),
(548, '0112000522832', 'NATIONAL.ID', '1528208059251', '100281010', 'MD. RAFIQUL ISLAM', '01812518922', NULL, '34', '49', 3, '2022-09-13 09:48:08', '2022-09-18 05:16:10', NULL, 811),
(549, '011270052212', 'NATIONAL.ID', '6882856203', '100280592', 'RANU GHOSH', '01318308659', NULL, '34', '49', 3, '2022-09-13 09:52:25', '2022-09-15 07:50:52', NULL, 814),
(550, '0112700523694', 'NATIONAL.ID', '1028807701920', '100281550', 'MST.SURAYA KOWSAR', '01682851984', NULL, '38', '14', 2, '2022-09-13 09:53:01', '2022-09-19 10:29:12', NULL, 813),
(551, '0112000523091', 'NATIONAL.ID', '20041517494108017', '100281169', 'TICKLO BISWAS', '01770914272', NULL, '34', '49', 2, '2022-09-13 09:59:49', '2022-09-25 05:40:28', NULL, 1164),
(552, '0112000523106', 'NATIONAL.ID', '3763388075', '100281202', 'ANIK ROY', '01575368082', 'mababa8667@gmail.com', '38', '14', 2, '2022-09-13 10:07:24', '2022-09-14 04:35:20', NULL, 817),
(553, '0111100523557', 'NATIONAL.ID', '6465353438', '200281462', 'MORDAN DECORETOR', '01960514094', NULL, '35', '5', 3, '2022-09-13 10:39:02', '2022-09-19 11:06:46', NULL, 818),
(554, '0124100523680', 'NATIONAL.ID', '2373083449', '100268103', 'MOSAMMAT HALIMA BEGUM', '01956435304', NULL, '35', '5', 3, '2022-09-13 10:40:48', '2022-09-13 10:58:11', NULL, 819),
(555, '0124100523429', 'NATIONAL.ID', '4795129502017', '100177196', 'SHABABROTO SINGHA', '01747789409', NULL, '35', '5', 3, '2022-09-13 10:43:07', '2022-09-13 10:57:31', NULL, 820),
(556, '0124100523669', 'NATIONAL.ID', '2373083449', '100268103', 'MOSAMMAT HALIMA BEGUM', '01956435304', NULL, '35', '5', 3, '2022-09-13 10:45:43', '2022-09-13 10:56:31', NULL, 821),
(557, '0124100523665', 'NATIONAL.ID', '2373083449', '100268103', 'MOSAMMAT HALIMA BEGUM', '01956435304', NULL, '35', '5', 3, '2022-09-13 10:46:42', '2022-09-13 10:55:28', NULL, 822),
(558, '0112900523777', 'NATIONAL.ID', '5955277206', '200281600', 'M/S MAZEDA TRADERS', '01713579189', NULL, '24', '65', 3, '2022-09-13 10:50:41', '2022-09-18 06:03:46', NULL, 823),
(559, '0112100523664', 'NATIONAL.ID', '2810337036', '100281528', 'IQBAL HASSAN MAZUMDER', '01835474746', 'princejinnat07@gmail.com', '14', '9', 3, '2022-09-13 11:10:01', '2022-09-18 09:59:00', NULL, 843),
(560, '0112700524015', 'NATIONAL.ID', '7318537979', '100281734', 'SARMILA SAHA', '01713048985', 'biplabk_saha@yahoo.com', '28', '59', 3, '2022-09-14 04:33:05', '2022-09-15 10:44:32', NULL, 826),
(561, '0112000503629', 'NATIONAL.ID', '19901019584000166', '100281503', 'MD. SHAHIDUL ISLAM', '01762300579', NULL, '6', '67', 2, '2022-09-14 04:43:19', '2022-09-18 05:38:43', NULL, 827),
(562, '0113500522966', 'NATIONAL.ID', '865 346 3805', '100281102', 'MST. JESMIN ARA', '01300628678', NULL, '6', '67', 2, '2022-09-14 04:47:03', '2022-09-18 04:15:57', NULL, 828),
(563, '0112000522886', 'NATIONAL.ID', '3293678862', '100281060', 'SHAKAOUTH HOSHEN', '01754607868', 'shakaouthosenmasum@gmail.com', '44', '24', 3, '2022-09-14 05:05:40', '2022-09-19 09:35:14', NULL, 830),
(564, '0112000523474', 'NATIONAL.ID', '7368594516', '100281403', 'MORJINA AKTHER SMRITY', '01983767514', NULL, '44', '24', 3, '2022-09-14 05:09:33', '2022-09-18 10:52:04', NULL, 832),
(565, '0112900522976', 'NATIONAL.ID', '7333900368', '100281113', 'MD. HABIBUR RAHMAN', '01737794400', 'shahed.h.rahman@gmail.com', '3', '52', 3, '2022-09-14 05:18:12', '2022-09-18 08:54:15', NULL, 833),
(566, '0112900523500', 'NATIONAL.ID', '199258274040000014', '100081310', 'PORAG BIKASH PAUL CHOWDHURY', '01745905265', NULL, '8', '55', 3, '2022-09-14 05:25:40', '2022-09-14 10:47:34', NULL, 872),
(567, '0112900521048', 'NATIONAL.ID', '9111642881', '100196109', 'MD. SAHIN', '01742847773', NULL, '3', '52', 2, '2022-09-14 05:26:10', '2022-09-25 05:34:23', NULL, 1171),
(568, '0112700523625', 'NATIONAL.ID', '6412233113', '100281492', 'MST. ROKEYA KHANUM', '01731447071', 'rokeya266@gmail.com', '14', '9', 3, '2022-09-14 05:28:45', '2022-09-18 05:32:39', NULL, 837),
(569, '0112900523741', 'NATIONAL.ID', '3270602687', '100146248', 'MD. KAMAL HOSSAIN', '01712704791', NULL, '3', '53', 3, '2022-09-14 05:38:06', '2022-09-21 04:07:22', NULL, 1091),
(570, '0113700524105', 'NATIONAL.ID', '19822696655302158', '500222507', 'RAIHANA TARAFDAR', '01718428631', NULL, '3', '53', 3, '2022-09-14 05:41:26', '2022-09-15 05:17:07', NULL, 839),
(571, '0131100524045', 'NATIONAL.ID', '19792727709428731', '100265122', 'MST. ORAYTUN NESA', '01718940479', NULL, '3', '53', 3, '2022-09-14 05:47:29', '2022-09-14 06:58:52', NULL, 840),
(572, '0132000524035', 'NATIONAL.ID', '19792727709428731', '100265122', 'MST. ORAYTUN NESA', '01718940479', NULL, '3', '53', 3, '2022-09-14 05:49:01', '2022-09-14 06:58:25', NULL, 841),
(573, '0131100523926', 'NATIONAL.ID', '6412233113', '100281492', 'MST. ROKEYA KHANUM', '01731447071', 'rokeya266@gmail.com', '14', '9', 3, '2022-09-14 06:20:34', '2022-09-18 04:12:23', NULL, 845),
(574, '0112700524100', 'NATIONAL.ID', '8213746749', '100281798', 'NASIMA AKTAR', '01862441776', NULL, '5', '62', 2, '2022-09-14 06:57:29', '2022-09-15 06:52:17', NULL, 847),
(575, '0112700524030', 'Birth Certificate', '19991911831015903', '100281736', 'AMENA BEGUM', '01785528755', NULL, '5', '62', 2, '2022-09-14 07:00:27', '2022-09-15 05:08:52', NULL, 848),
(576, '0112000523695', 'NATIONAL.ID', '6007839373', '100281541', 'NIPA RANI SARKER', '01917726392', NULL, '44', '24', 3, '2022-09-14 07:00:41', '2022-09-18 04:08:21', NULL, 849),
(577, '0112000524128', 'NATIONAL.ID', '6710279176934', '100281828', 'SOTO KUMAR DAS', '01940987833', NULL, '4', '57', 3, '2022-09-14 07:02:20', '2022-09-18 10:18:00', NULL, 850),
(578, '0112900524067', 'NATIONAL.ID', '1005881709', '100281719', 'HANIF MIAH', '01710971070', NULL, '4', '57', 3, '2022-09-14 07:04:19', '2022-09-19 07:45:04', NULL, 990),
(579, '0112000523797', 'NATIONAL.ID', '1494443052', '100281616', 'MST. SUFIYA BEGUM', '01721225991', NULL, '44', '24', 2, '2022-09-14 07:04:43', '2022-09-14 10:34:33', NULL, 852),
(580, '0112700523957', 'NATIONAL.ID', '6716855806790', '100281691', 'SHANAZ PARVIN', '01829214899', NULL, '4', '57', 3, '2022-09-14 07:06:17', '2022-09-18 10:47:23', NULL, 853),
(581, '0112000523696', 'NATIONAL.ID', '4629744576', '100281558', 'DIPALY RANI DAS', '01758459587', NULL, '44', '24', 3, '2022-09-14 07:08:38', '2022-09-18 10:51:04', NULL, 859),
(582, '0112700523602', 'NATIONAL.ID', '6404188051', '100281489', 'HAZARA AKTER', '01866009381', NULL, '38', '18', 2, '2022-09-14 07:09:29', '2022-09-19 10:41:29', NULL, 857),
(583, '0112700523075', 'NATIONAL.ID', '2843224284', '100281177', 'SHAMIMA ALAM SHEMOU', '01673567185', 'badrullkss@gmail.com', '38', '18', 2, '2022-09-14 07:13:03', '2022-09-19 11:05:43', NULL, 858),
(584, '0112700523603', 'NATIONAL.ID', '6403762914', '100281488', 'MUKTI CHOWDHURY', '01717052131', NULL, '38', '18', 3, '2022-09-14 07:15:15', '2022-09-19 10:54:59', NULL, 860),
(585, '0112000522207', 'NATIONAL.ID', '1512478072', '100280653', 'MD. REYOAN AHOMMED', '01618323172', NULL, '44', '24', 2, '2022-09-14 07:16:56', '2022-09-14 09:55:34', NULL, 861),
(586, '0112000523809', 'NATIONAL.ID', '6013744716', '100281630', 'MD.SALMAN CHOWDHURY', '01739066933', 'salmanchowdhury121@icloud.com', '38', '18', 3, '2022-09-14 07:17:57', '2022-09-19 03:26:27', NULL, 862);
INSERT INTO `caos_file` (`id`, `acc_no`, `identificationType`, `identification_number`, `cust_id`, `cust_name`, `phone_no`, `email`, `branch`, `created_by`, `status`, `created_at`, `updated_at`, `deleted_at`, `ordinal`) VALUES
(587, '0112900523817', 'NATIONAL.ID', '3764030544', '100281636', 'FAZLUR RAHMAN RABBI', '01883380693', 'fazlurrahmanrabbi14460 @gmail.com', '38', '18', 3, '2022-09-14 07:21:57', '2022-09-18 06:26:24', NULL, 863),
(588, '0112900524109', 'NATIONAL.ID', '3287977403', '200281796', 'M/S T.R FABRICS', '01714700551', NULL, '1', '50', 3, '2022-09-14 07:24:30', '2022-09-18 10:18:45', NULL, 864),
(589, '0112900523782', 'NATIONAL.ID', '6882558833', '100082089', 'MOHAMMAD KHORSHED ALAM', '01712652822', NULL, '1', '50', 3, '2022-09-14 07:26:13', '2022-09-18 05:52:51', NULL, 865),
(590, '0112900522959', 'NATIONAL.ID', '3283662181', '100281089,200281092', 'MIR SHIPPING LINES', '01819230355', 'mir.shipping.lines@gmail.com', '38', '18', 3, '2022-09-14 07:35:12', '2022-09-20 11:09:38', NULL, 1043),
(591, '0112900523802', 'NATIONAL.ID', '824 435 6047', '100281627', 'DR. MD. SHAHANUR RAHMAN', '01716805927', NULL, '6', '67', 2, '2022-09-14 08:13:57', '2022-09-15 04:58:22', NULL, 868),
(592, '0112900523774', 'NATIONAL.ID', '464 313 2014', '100281566', 'MST. UMME KULSUM AKTER BINA', '01713716323', NULL, '6', '67', 2, '2022-09-14 08:17:44', '2022-09-15 05:02:41', NULL, 870),
(593, '0112000521697', 'NATIONAL.ID', '5092452514', '100280281', 'MST. AYESHA BEGUM', '01315541298', NULL, '6', '67', 2, '2022-09-14 08:21:03', '2022-09-19 02:58:45', NULL, 871),
(594, '0112700523514', 'NATIONAL.ID', '1464435369', '100281432', 'MST. HALIMA AKTER', '01643385062', NULL, '28', '60', 3, '2022-09-14 09:06:13', '2022-09-18 11:19:52', NULL, 920),
(595, '0112000523553', 'NATIONAL.ID', '3264434196', '100281457', 'MD. ABDUL LATIF', '01989293396', NULL, '28', '59', 3, '2022-09-14 09:14:37', '2022-09-18 11:02:18', NULL, 931),
(596, '0112900523172', 'NATIONAL.ID', '8252127686', '100280475', 'JAHID SHEIKH', '01404309776', NULL, '14', '9', 2, '2022-09-14 09:19:31', '2022-09-18 04:59:27', NULL, 876),
(597, '0112000523520', 'NATIONAL.ID', '1469223901', '100281353', 'TUTAN KUMAR SAHA', '01711721087', NULL, '34', '49', 3, '2022-09-14 09:41:46', '2022-09-18 10:13:17', NULL, 879),
(598, '0112900522231', 'NATIONAL.ID', '1526109686241', '100280632', 'MD. ARMANUL HOQUE', '01619061307', NULL, '34', '49', 4, '2022-09-14 09:45:56', '2022-09-21 04:19:42', NULL, 1106),
(599, '0112000523089', 'NATIONAL.ID', '0325103272474', '100281172', 'SHEFU CHOUDHARY', '01839583199', NULL, '34', '49', 3, '2022-09-14 09:53:32', '2022-09-19 11:27:10', NULL, 977),
(600, '0131100523803', 'NATIONAL.ID', '2373824842', '100281590', 'MIRZA ABU SYED MD NASER', '01711308372', NULL, '35', '6', 3, '2022-09-14 10:10:59', '2022-09-14 10:25:36', NULL, 884),
(601, '0131100523993', 'NATIONAL.ID', '2827840774', '100025169', 'MST. MONIRA', '01849130466', NULL, '24', '65', 3, '2022-09-14 10:14:57', '2022-09-15 06:21:37', NULL, 885),
(602, '0112000521778', 'NATIONAL.ID', '4178054575', '100280377', 'BADOLMOLLIK', '01881397374', NULL, '14', '45', 2, '2022-09-14 10:34:14', '2022-09-18 07:54:48', NULL, 886),
(603, '0112900523775', 'NATIONAL.ID', '6001266854', '200281595', 'B S TRADE INTERNATIONAL', '01919193699', NULL, '22', '31', 3, '2022-09-14 10:36:22', '2022-09-18 05:00:28', NULL, 897),
(604, '0131100523685', 'NATIONAL.ID', '19904716467000017', '100146117', 'DABESREE BISWAS', '01718092507', NULL, '35', '5', 3, '2022-09-14 10:43:18', '2022-09-15 04:04:37', NULL, 888),
(605, '0112000522704', 'NATIONAL.ID', '5962421656', '100280941', 'MD.ABDUL KALAM PADA', '01723938188', NULL, '22', '31', 3, '2022-09-14 10:45:47', '2022-09-19 11:11:30', NULL, 933),
(606, '0131000524261', 'NATIONAL.ID', '7318537979', '100281734', 'SARMILA SAHA', '01713048985', 'biplabk_saha@yahoo.com', '28', '59', 3, '2022-09-14 10:48:25', '2022-09-15 03:42:03', NULL, 890),
(607, '0112000523087', 'NATIONAL.ID', '5093367331', '100281188', 'RUHUL AMIN', '01674985853', 'hiron007nb@yahoo.com', '14', '9', 3, '2022-09-14 10:50:12', '2022-09-18 09:48:59', NULL, 891),
(608, '0112700523998', 'NATIONAL.ID', '1913694865495', '100281685', 'ASMA -UL HOSNA', '01915665067', NULL, '24', '65', 3, '2022-09-14 11:04:06', '2022-09-18 10:59:40', NULL, 932),
(609, '0112000523929', 'NATIONAL.ID', '1964992844', '100281670', 'MD. IBRAHIM ALI', '01758589629', NULL, '24', '65', 2, '2022-09-14 11:07:54', '2022-09-15 10:50:39', NULL, 893),
(610, '0112900524183', 'NATIONAL.ID', '7358300437', '200281871', 'FAIZAN FABRICS', '01794956109', NULL, '1', '50', 3, '2022-09-15 03:35:56', '2022-09-18 04:31:18', NULL, 896),
(611, '0113500524268', 'NATIONAL.ID', '5555208429', '100221933', 'FARHA HOSSAIN MEGHLA', '01515263414', NULL, '28', '60', 3, '2022-09-15 03:43:17', '2022-09-15 03:54:49', NULL, 898),
(612, '0112000522766', 'NATIONAL.ID', '7773899666', '100280991', 'LIPI RANI GUSH', '01811864773', NULL, '57', '22', 3, '2022-09-15 04:19:23', '2022-09-18 11:18:01', NULL, 899),
(613, '0112000523988', 'NATIONAL.ID', '19947919043000024', '100281709', 'AFROJA  AKHTER', '01797145720', NULL, '3', '53', 2, '2022-09-15 04:31:38', '2022-09-22 09:31:05', NULL, 1148),
(614, '0112000523994', 'NATIONAL.ID', '7613973612556', '100281711', 'MD. MITHUN', '01911780166', NULL, '3', '53', 3, '2022-09-15 04:34:53', '2022-09-21 03:59:57', NULL, 1089),
(615, '0113900524221', 'NATIONAL.ID', '2696653257982', '100190920', 'MD. ANAYET KABIR', '01712655895', NULL, '3', '53', 3, '2022-09-15 04:55:00', '2022-09-15 08:06:52', NULL, 903),
(616, '0112900524205', 'NATIONAL.ID', '1008038323', '100281894', 'MD AMIR HOSSAIN', '01791521912', NULL, '4', '57', 3, '2022-09-15 04:57:42', '2022-09-15 10:33:51', NULL, 904),
(617, '0112000524192', 'NATIONAL.ID', '2356762555', '100281877', 'BIBI HAJERA', '01771536527', NULL, '38', '14', 3, '2022-09-15 05:10:10', '2022-09-18 06:49:38', NULL, 905),
(618, '0112900523497', 'NATIONAL.ID', '19505818385014796', '100064372', 'PRITI BIKASH PAUL CHOWDHURY', '01712705039', NULL, '8', '55', 2, '2022-09-15 05:13:52', '2022-09-22 06:54:14', NULL, 1157),
(619, '0112000524125', 'NATIONAL.ID', '9146369138', '100281826', 'MD. SALIM', '01642324959', NULL, '38', '14', 3, '2022-09-15 05:40:46', '2022-09-15 06:26:30', NULL, 907),
(620, '0112700524210', 'NATIONAL.ID', '6710279171054', '100281892', 'MST MAHARUN NESA', '01884630885', NULL, '4', '57', 3, '2022-09-15 06:19:50', '2022-09-18 04:04:29', NULL, 908),
(621, '0112700523705', 'NATIONAL.ID', '5998365059', '100171199', 'JAHANARA BEGUM', '01718418962', NULL, '1', '50', 2, '2022-09-15 06:31:44', '2022-09-15 06:48:36', NULL, 909),
(622, '0112000523784', 'NATIONAL.ID', '1517463453219,1517463453479', '100281598,100281599', 'ASISH MOHAJAN & ANJANA MOHAJAN', '01817737142', NULL, '34', '49', 3, '2022-09-15 06:51:32', '2022-09-18 07:03:29', NULL, 910),
(623, '0112700523697', 'NATIONAL.ID', '6451934407', '100281557', 'FARJANA AKTER', '01690247818', NULL, '1', '50', 2, '2022-09-15 06:52:05', '2022-09-18 05:10:35', NULL, 918),
(624, '0112900524304', 'NATIONAL.ID', '1315894495696', '100281943', 'MD MOKTER HOSSAIN', '01817579887', NULL, '49', '13', 2, '2022-09-15 06:53:29', '2022-09-15 07:08:18', NULL, 912),
(625, '0112700521913', 'NATIONAL.ID', '6011836753', '100280440', 'UMMAY HANI', '01985828748', 'ummayhani48@gmail.com', '14', '9', 3, '2022-09-15 07:14:56', '2022-09-22 02:36:22', NULL, 1135),
(626, '0131300519284', 'NATIONAL.ID', '19955818031000050', '100278892', 'MONJUR AHMAD', '01742765508', NULL, '8', '55', 3, '2022-09-15 08:40:01', '2022-09-18 05:02:09', NULL, 921),
(627, '0112700523636', 'NATIONAL.ID', '3268268434', '100281510', 'POPY PAUL', '01816053556', NULL, '34', '49', 3, '2022-09-15 08:56:46', '2022-09-22 03:29:35', NULL, 1102),
(628, '0112700523523', 'NATIONAL.ID', '1516139831506', '100281426', 'NAZMOON AKTHER', '01823607417', NULL, '34', '49', 3, '2022-09-15 09:01:06', '2022-09-22 08:55:34', NULL, 1103),
(629, '0112700523883', 'NATIONAL.ID', '1964720617', '100268122', 'OYSHI CHOWDHURY', '01938174459', NULL, '34', '49', 4, '2022-09-15 09:03:56', '2022-09-22 06:20:25', NULL, 1159),
(630, '0111100523586', 'NATIONAL.ID', '9563940361', '200281474', 'ANNO MATRA', '01906957707', NULL, '22', '31', 3, '2022-09-15 09:47:39', '2022-09-19 11:03:48', NULL, 926),
(631, '0111100523580', 'NATIONAL.ID', '1904437801', '200281476', 'SHOROKONJO', '01712686598', NULL, '22', '31', 2, '2022-09-15 09:55:44', '2022-09-19 04:17:40', NULL, 927),
(632, '0111100524062', 'NATIONAL.ID', '1931090854', '200281745', 'SRITIR ANGINA', '01914624885', NULL, '22', '31', 2, '2022-09-15 10:01:50', '2022-09-18 07:44:05', NULL, 928),
(633, '0111100523596', 'NATIONAL.ID', '7331055322', '200281486', 'ANGORUPA', '01992501071', NULL, '22', '31', 3, '2022-09-15 10:05:42', '2022-09-19 11:00:11', NULL, 929),
(634, '0111100524064', 'NATIONAL.ID', '1015559139', '200281760', 'CHIRONTON BANGLA', '01963087297', NULL, '22', '31', 3, '2022-09-15 10:13:10', '2022-09-19 10:57:11', NULL, 930),
(635, '0112000524078', 'Passport Number', 'BW0760577', '100281767', 'ZAKIR HOSSAIN', '01721020370', NULL, '53', '64', 2, '2022-09-15 10:48:19', '2022-09-19 10:49:42', NULL, 934),
(636, '0132000523729', 'NATIONAL.ID', '19955818031000050', '100278892', 'MONJUR AHMAD', '01742765508', NULL, '8', '55', 3, '2022-09-15 10:52:39', '2022-09-18 04:58:24', NULL, 935),
(637, '0112000522878', 'NATIONAL.ID', '7217423262309', '100281057', 'MST. LUTFA', '01951452593', NULL, '44', '24', 3, '2022-09-18 03:32:37', '2022-09-20 06:07:58', NULL, 941),
(638, '0112700524457', 'NATIONAL.ID', '7324962849', '100282063', 'JHUMPA DAS', '01704763086', NULL, '35', '6', 3, '2022-09-18 03:38:41', '2022-09-19 08:49:41', NULL, 985),
(639, '0112000524031', 'NATIONAL.ID', '4653987059', '100281738', 'FARHANA AKTER', '01724401357', NULL, '44', '24', 3, '2022-09-18 03:43:12', '2022-09-18 10:50:11', NULL, 939),
(640, '0112000524034', 'NATIONAL.ID', '5110816922', '100281740', 'MOONTASIN MD. MOON', '01314504753', NULL, '44', '24', 3, '2022-09-18 03:53:32', '2022-09-18 10:49:05', NULL, 940),
(641, '0112000524079', 'NATIONAL.ID', '7217479293529', '100281769', 'MST. RAHIMA  AKTER', '01984142562', NULL, '44', '24', 3, '2022-09-18 03:58:37', '2022-09-18 10:48:02', NULL, 942),
(642, '0112000524077', 'NATIONAL.ID', '8227693903', '100281770', 'HASINA BEGUM', '01936490419', NULL, '44', '24', 3, '2022-09-18 04:01:50', '2022-09-18 10:47:43', NULL, 943),
(643, '0112000524386', 'NATIONAL.ID', '5981511131', '100282010', 'MD SAGOR HOSSAIN', '01844906172', NULL, '35', '6', 2, '2022-09-18 04:12:25', '2022-09-20 07:19:01', NULL, 1061),
(644, '0124100524317', 'NATIONAL.ID', '19917611652000004', '100247914', 'MST. TANIA KHATUN', NULL, NULL, '47', '34', 3, '2022-09-18 05:04:58', '2022-09-18 05:20:45', NULL, 945),
(645, '0112700524076', 'NATIONAL.ID', '5955505671', '100281768', 'MST. HOSNEARA', NULL, NULL, '47', '34', 3, '2022-09-18 05:25:50', '2022-09-21 09:25:57', NULL, 1116),
(646, '0113900521809', 'NATIONAL.ID', '2402006601', '100256450', 'APU CHANDRA BARMAN', '01723788658', NULL, '22', '31', 3, '2022-09-18 05:31:54', '2022-09-18 05:32:59', NULL, 947),
(647, '0113900523980', 'NATIONAL.ID', '5987459475', '100280232', 'SADIA AFRIN', '01726064322', NULL, '22', '31', 3, '2022-09-18 05:35:19', '2022-09-18 05:54:13', NULL, 948),
(648, '0113500523987', 'NATIONAL.ID', '1593525450010', '100071403', 'SHARMIN JAHAN', '01939777901', NULL, '22', '31', 3, '2022-09-18 05:57:12', '2022-09-18 06:13:45', NULL, 949),
(649, '0112000520482', 'NATIONAL.ID', '2807062787', '100279489', 'SILVIA BAIDYA SHILA', '01712396133', 'silviabaroi5@gmail.com', '38', '18', 3, '2022-09-18 06:00:12', '2022-09-19 03:48:34', NULL, 950),
(650, '0113500523272', 'NATIONAL.ID', 'EG 0552141', '100071403', 'SHARMIN JAHAN', '01939777901', NULL, '22', '31', 3, '2022-09-18 06:09:06', '2022-09-18 06:14:07', NULL, 951),
(651, '0131100523793', 'NATIONAL.ID', '6912972954', '100279851', 'RINKEY AKTER', '01301781151', NULL, '22', '31', 3, '2022-09-18 06:09:58', '2022-09-18 06:12:36', NULL, 952),
(652, '0113900523981', 'NATIONAL.ID', '6414254562', '100277591', 'MOHAMMAD EKHLAS UDDIN', '01712048237', NULL, '22', '31', 3, '2022-09-18 06:11:10', '2022-09-18 06:13:17', NULL, 953),
(653, '0131300523269', 'NATIONAL.ID', '8656536631', '100277231', 'MD.AKKAS MIA', '01777638554', NULL, '22', '31', 3, '2022-09-18 06:15:05', '2022-09-18 06:34:56', NULL, 954),
(654, '0112000520498', 'NATIONAL.ID', '3268163007', '100279485', 'MST.FATEMA AKHTAR ALO', '01611211381', 'fatemaalosdp@gmail.com', '38', '18', 3, '2022-09-18 06:16:52', '2022-09-19 08:41:03', NULL, 955),
(655, '0131000524346', 'NATIONAL.ID', '8675860897', '100280845', 'SUMAN KUNDU', '01634000153', NULL, '3', '53', 3, '2022-09-18 06:28:13', '2022-09-18 07:43:09', NULL, 956),
(656, '013900524169', 'NATIONAL.ID', '19621594116435969', '100179341', 'SHARMIN AKTHER', '01819035655', NULL, '3', '53', 3, '2022-09-18 06:29:54', '2022-09-18 07:42:34', NULL, 957),
(657, '0113900524166', 'NATIONAL.ID', '19621594116435969', '100179341', 'SHARMIN AKTHER', '01819035655', NULL, '3', '53', 3, '2022-09-18 06:30:47', '2022-09-18 07:42:09', NULL, 958),
(658, '0112000524406', 'NATIONAL.ID', '2699501936507', '100282005', 'AFROGA  AKHTER', '01919883665', NULL, '3', '53', 3, '2022-09-18 06:32:48', '2022-09-22 09:19:57', NULL, 1149),
(659, '0112000521108', 'Birth Certificate', '20027839783114684', '100279927', 'ISRAT JAHAN RITU', '01763624463', NULL, '38', '18', 2, '2022-09-18 06:42:45', '2022-09-19 11:09:35', NULL, 960),
(660, '0112700522642', 'Birth Certificate', '1999131582301513', '100280906', 'REHENA AKTER', '01857121057', NULL, '49', '10', 3, '2022-09-18 06:43:56', '2022-09-21 06:07:28', NULL, 1101),
(661, '0112700524203', 'NATIONAL.ID', '2368316473', '100281883', 'rakhi sarkar boby', '01770201959', NULL, '19', '54', 3, '2022-09-18 07:11:22', '2022-09-19 06:19:37', NULL, 969),
(662, '0111100524298', 'NATIONAL.ID', '3745119622', '200281940', 'JC TRADING', '01714077719', NULL, '19', '54', 3, '2022-09-18 07:18:06', '2022-09-19 05:43:47', NULL, 970),
(663, '0124200524614', 'NATIONAL.ID', '9114888028', '100163405', 'FAIMA ARLIN ANADEE', '01920105132', NULL, '28', '60', 3, '2022-09-18 07:27:52', '2022-09-18 07:39:43', NULL, 971),
(664, '0112900523693', 'NATIONAL.ID', '1008903906,1019774684', '200281549,100281542,100281543', 'UNISON DESIGN LTD.', '01720525479,01720538163', 'chaitannamohanta@gmail.com ,uttam@unisondesignbd.com', '38', '18', 3, '2022-09-18 07:55:46', '2022-09-21 04:44:35', NULL, 973),
(665, '100281548', 'NATIONAL.ID', '4188502142,4625810918', '100281548,100281551', 'UNISON DESIGN LTD.', '01720525479,01720538163', NULL, '38', '18', 3, '2022-09-18 08:00:50', '2022-09-21 04:44:23', NULL, 974),
(666, '0112900424075', 'NATIONAL.ID', '8697305467', '100136603', 'MD. HELAL UDDIN', '01307151345', NULL, '38', '18', 2, '2022-09-18 08:05:56', '2022-09-22 10:54:28', NULL, 1196),
(667, '0112700523917', 'NATIONAL.ID', '1517418459118', '100278803', 'RANJU MOHAJAN', '01830478564', NULL, '34', '49', 3, '2022-09-18 08:20:33', '2022-09-21 03:19:01', NULL, 1073),
(668, '0112700523967', 'NATIONAL.ID', '2395327006', '100281696', 'SHAHIN SULTANA', '01885072055', NULL, '38', '18', 3, '2022-09-18 08:24:36', '2022-09-20 04:32:16', NULL, 978),
(669, '0112700522164', 'NATIONAL.ID', '4615013622', '100280613', 'SAJEDA BEGUM', '01701553485', NULL, '22', '31', 3, '2022-09-18 08:33:47', '2022-09-25 06:48:50', NULL, 1225),
(670, '0112700523814', 'NATIONAL.ID', '1914065140926', '100281614', 'MONI SAHA', '01720133110', NULL, '34', '49', 2, '2022-09-18 09:14:58', '2022-09-22 06:34:45', NULL, 1104),
(671, '0112900524103', 'NATIONAL.ID', '5054555346,6905654130,1953455076', '200281802,100281797,100281799,100281801', 'PATHWAY', '01747192758,01719004120,01516338647', 'info@pathwaybd@org', '38', '18', 2, '2022-09-18 10:05:37', '2022-09-20 07:28:43', NULL, 1051),
(672, '0112700522530', 'NATIONAL.ID', '4639497090', '100201456', 'RUMA AKTER', '01780814710', NULL, '59', '29', 3, '2022-09-18 11:49:10', '2022-09-19 08:27:54', NULL, 992),
(673, '0112000521249', 'NATIONAL.ID', '9126825349', '100279968', 'Md. Al Amin', '01713968846', NULL, '59', '29', 2, '2022-09-18 11:50:25', '2022-09-20 04:45:25', NULL, 993),
(674, '0112700523104', 'NATIONAL.ID', '1008819789', '100281196', 'SONIA AKTER', '01795781713', NULL, '59', '29', 3, '2022-09-18 11:51:56', '2022-09-20 02:38:39', NULL, 994),
(675, '0124200524691', 'NATIONAL.ID', '1938034178', '100268380', 'MD. ALI HOSSEN', NULL, NULL, '47', '34', 3, '2022-09-19 03:15:55', '2022-09-19 03:33:17', NULL, 995),
(676, '0112000520524', 'NATIONAL.ID', '8258067597', '100279588', 'AFSANA PARVIN', '01909387641', 'afsanaparvin946@gmail.com', '38', '18', 3, '2022-09-19 04:09:05', '2022-09-20 05:00:29', NULL, 996),
(677, '01120005224339', 'NATIONAL.ID', '9329513300102', '100281968', 'afroza akter sima', '01780045895', NULL, '57', '22', 3, '2022-09-19 04:17:21', '2022-09-19 10:32:45', NULL, 999),
(678, '0112000520414', 'NATIONAL.ID', '4207819717', '100279561', 'FAHAD MOLLAH', '01709114198', 'fahadmollah43@gmail.com', '38', '18', 3, '2022-09-19 04:38:16', '2022-09-20 05:43:21', NULL, 1001),
(679, '0112000524335', 'NATIONAL.ID', '6710231490763', '100281965', 'NURUL AMIN', '01960411863', NULL, '4', '57', 3, '2022-09-19 04:44:06', '2022-09-19 09:14:51', NULL, 1002),
(680, '0112000524674', 'NATIONAL.ID', '2853126833', '100282163', 'MD.FORID HOSSAIN', '01953995871', NULL, '4', '57', 3, '2022-09-19 04:45:38', '2022-09-19 09:10:12', NULL, 1003),
(681, '0112000523624', 'NATIONAL.ID', '5538966895', '100281498', 'MD ANIS', '01855810661', NULL, '4', '57', 3, '2022-09-19 04:47:01', '2022-09-19 09:33:39', NULL, 1014),
(682, '0112700522595', 'NATIONAL.ID', '1315831450023', '100280882', 'FATEMA BEGUM', '01836359895', NULL, '49', '10', 3, '2022-09-19 04:51:35', '2022-09-20 09:15:57', NULL, 1054),
(683, '0112000520475', 'NATIONAL.ID', '1454992056', '100279495', 'SHAMIMA KHAN', '01748105548', 'sabahthesaby@gmail.com', '38', '18', 3, '2022-09-19 04:58:24', '2022-09-19 09:38:03', NULL, 1007),
(684, '0112900524288', 'NATIONAL.ID', '2372665618', '100146254', 'SAJAL CHANDRA DAS', '01712960974', NULL, '3', '52', 2, '2022-09-19 06:51:35', '2022-09-25 06:06:46', NULL, 1170),
(685, '0112000524043', 'NATIONAL.ID', '2858710458', '100281733', 'RONY DEY', '01860941156', NULL, '34', '49', 3, '2022-09-19 07:36:59', '2022-09-20 06:01:11', NULL, 1013),
(686, '0112000522197', 'Birth Certificate', '1996262513450679', '100280642', 'MD MIZANUR RAHMAN', '01910041151', 'mohammedmizanvhai@gmail.com', '14', '9', 2, '2022-09-19 08:30:20', '2022-09-19 09:10:55', NULL, 1015),
(687, '0113900524828', 'NATIONAL.ID', '2699501914000', '100031398', 'NARGIS SHARIF', NULL, NULL, '47', '34', 3, '2022-09-19 08:33:35', '2022-09-19 10:17:35', NULL, 1016),
(688, '0113900524822', 'NATIONAL.ID', '2699501914000', '100031398', 'NARGIS SHARIF', NULL, NULL, '47', '34', 3, '2022-09-19 08:34:24', '2022-09-19 10:18:33', NULL, 1017),
(689, '0113900524835', 'NATIONAL.ID', '2699501914000', '100031398', 'NARGIS SHARIF', NULL, NULL, '47', '34', 3, '2022-09-19 08:36:59', '2022-09-19 10:16:51', NULL, 1018),
(690, '0131300524716', 'NATIONAL.ID', '19937226307000044', '100169363', 'DWEEP SARKER', '01714378910', NULL, '28', '59', 3, '2022-09-19 08:46:31', '2022-09-19 09:56:51', NULL, 1020),
(691, '0112700524685', 'NATIONAL.ID', '7334631848', '100282178', 'HABIBA AKHTER', '01721571108', NULL, '24', '65', 3, '2022-09-19 08:49:31', '2022-09-19 11:26:34', NULL, 1021),
(692, '0112000524769', 'NATIONAL.ID', '6010002126', '100282255', 'MD. JAHID HASAN', NULL, NULL, '47', '34', 2, '2022-09-19 08:58:27', '2022-09-20 09:15:55', NULL, 1022),
(693, '0112000524320', 'NATIONAL.ID', '8228118124', '100281958', 'MD JAMAL HOSSAIN', '01618487554', 'N/A', '53', '64', 2, '2022-09-19 09:46:09', '2022-09-20 10:04:36', NULL, 1027),
(694, '0112900523491', 'NATIONAL.ID', '1961492160', '200281422', 'CHOTTOGRAM DIGITAL MARKETING', '01858725142', NULL, '59', '29', 2, '2022-09-19 09:49:17', '2022-09-22 08:37:57', NULL, 1153),
(695, '0112900524688', 'NATIONAL.ID', '8263977541', '100282187', 'MD.JAKIRUL ISLAM', '01717760082', 'mdjakirulislam0082@gmail.com', '38', '18', 2, '2022-09-19 10:31:24', '2022-09-25 02:39:22', NULL, 1200),
(696, '0112000524787', 'NATIONAL.ID', '4659604960', '100282269', 'ANAMIKA KHATUN', '01849377888', NULL, '59', '29', 3, '2022-09-19 10:34:43', '2022-09-20 06:33:34', NULL, 1029),
(697, '0112000524841', 'NATIONAL.ID', '5097822406', '100255518', 'TROPA USHA', '01832361509', 'tropa.usha.24@gmail.com', '59', '29', 3, '2022-09-19 10:36:44', '2022-09-22 10:52:30', NULL, 1195),
(698, '0112000524110', 'NATIONAL.ID', '2363624848', '100281081', 'MAHMUDUR RAHMAN AKAS', '01621533450', NULL, '1', '51', 2, '2022-09-19 10:36:54', '2022-09-20 05:50:46', NULL, 1031),
(699, '0131300524264', 'NATIONAL.ID', '7802974928', '100281926', 'SABIA AKTER JOSNA', '01797541076', NULL, '35', '6', 3, '2022-09-19 10:40:40', '2022-09-20 08:53:43', NULL, 1070),
(700, '0130700524729', 'NATIONAL.ID', '4197390356', '100191385', 'HASINA BEGUM', '01715513845', NULL, '1', '51', 3, '2022-09-19 10:47:55', '2022-09-19 11:27:03', NULL, 1033),
(701, '0112000524443', 'NATIONAL.ID', '6905106339', '100282053', 'AZHARUL ISLAM', '01611325209', NULL, '44', '24', 3, '2022-09-19 10:51:42', '2022-09-20 09:47:56', NULL, 1034),
(702, '0112700524618', 'NATIONAL.ID', '6428560020', '100282139', 'MAKSHUDA AHMED SHULY', '01712029224', NULL, '44', '24', 3, '2022-09-19 10:54:45', '2022-09-20 09:29:44', NULL, 1055),
(703, '0112900524496', 'NATIONAL.ID', '7773363384', '100282069', 'MD. ASHFAQUR RAHMAN', '01729742169', NULL, '44', '24', 3, '2022-09-19 10:59:01', '2022-09-20 07:49:01', NULL, 1037),
(704, '0131300524989', 'NATIONAL.ID', '7334631848', '100282178', 'HABIBA AKHTER', '01721571108', NULL, '24', '65', 3, '2022-09-19 10:59:01', '2022-09-19 11:07:09', NULL, 1038),
(705, '0112000524427', 'NATIONAL.ID', '5994351061', '100282036', 'MOSHAROF HOSEN SOJEB', '01738295436', NULL, '44', '24', 3, '2022-09-19 11:02:13', '2022-09-20 09:26:14', NULL, 1039),
(706, '0112000524368', 'NATIONAL.ID', '8219537712', '100282002', 'MD. HANIF MIYA', '01703848588', NULL, '44', '24', 3, '2022-09-19 11:05:11', '2022-09-20 09:24:04', NULL, 1040),
(707, '0112000524399', 'NATIONAL.ID', '2358442776', '100282017', 'SWAPAN CHANDRA BISHWA SHARAMA', '01753367317', NULL, '44', '24', 3, '2022-09-19 11:11:50', '2022-09-20 08:45:57', NULL, 1042),
(708, '0112900524863', 'NATIONAL.ID', '5545078841', '200282286', 'M/S. CAR SELECTION', '01611526031', 'carselection002@gmail.com', '14', '45', 3, '2022-09-20 03:23:57', '2022-09-20 11:09:17', NULL, 1044),
(709, '0112900524630', 'NATIONAL.ID', '3745394860', '100052185', 'MEHERUN NESSA ISLAM', '01711520799', 'meherun.cems@gmail.com', '14', '45', 2, '2022-09-20 03:30:51', '2022-09-20 10:45:12', NULL, 1045),
(710, '0112000520496', 'NATIONAL.ID', '7799134981', '100279487', 'MD.SABBIR AHMED', '01406974305', 'sabbirrslt@gmail.com', '38', '18', 3, '2022-09-20 03:37:34', '2022-09-20 04:11:15', NULL, 1046),
(711, '0112000521196', 'NATIONAL.ID', '2694813873079', '100279905', 'SHENO SARKER', '01684313549', 'sanoarashinu@gmail.com', '38', '18', 3, '2022-09-20 03:41:50', '2022-09-21 04:58:44', NULL, 1047),
(712, '0112000520427', 'NATIONAL.ID', '19921022017000032', '100279553', 'MST.SANJIDA RAHMAN', '01677655852', 'sucho.snt.du', '38', '18', 3, '2022-09-20 03:44:15', '2022-09-21 07:18:25', NULL, 1050),
(713, '0112900524252', 'NATIONAL.ID', '9141947102', '200281923,100281921', 'ANAMUL MANGSHO BITAM', '01712488964', 'anamul.mbitan@gmail.com', '38', '18', 2, '2022-09-20 04:46:57', '2022-09-20 05:07:18', NULL, 1052),
(714, '0112000520841', 'NATIONAL.ID', '1463492189', '100279740', 'PAPIA  AKTER', '01683646679', NULL, '38', '18', 3, '2022-09-20 05:57:18', '2022-09-20 06:14:02', NULL, 1056),
(715, '0132000525063', 'NATIONAL.ID', '9196217298598', '100058250', 'MD. ABDUL WADUD', '01971400817', NULL, '28', '59', 3, '2022-09-20 06:08:16', '2022-09-20 08:54:30', NULL, 1060),
(716, '0112000520849', 'NATIONAL.ID', '5103281829', '100279730', 'MD.HAQUE SHAHEB', '01792166487', 'mosiurmd024@gmail.com', '38', '18', 3, '2022-09-20 06:28:56', '2022-09-20 10:25:34', NULL, 1062),
(717, '0112000524648', 'NATIONAL.ID', '9113652151', '100282154', 'MD DULAL MIA', '01817676578', NULL, '5', '61', 2, '2022-09-20 07:13:01', '2022-09-21 03:05:21', NULL, 1066),
(718, '0112700524905', 'NATIONAL.ID', '8214366992', '100282351', 'REKHA BEGUM', '01792658499', NULL, '5', '61', 2, '2022-09-20 07:21:33', '2022-09-20 10:26:04', NULL, 1067),
(719, '0113900525054', 'NATIONAL.ID', '8234656133', '100039628', 'MD ABDUL JALIL', NULL, NULL, '47', '34', 3, '2022-09-20 08:41:58', '2022-09-20 08:56:20', NULL, 1068),
(720, '0112000525134', 'NATIONAL.ID', '5985614543', '100282512', 'MD. HARUN OR RASHID', NULL, NULL, '47', '34', 2, '2022-09-20 09:03:39', '2022-09-22 03:10:07', NULL, 1071),
(721, '0112700525064', 'NATIONAL.ID', '1017345446', '100282457', 'NAHIDA AKHTER', '01718195598', NULL, '24', '65', 3, '2022-09-20 09:07:21', '2022-09-22 08:36:32', NULL, 1129),
(722, '0112000524566', 'NATIONAL.ID', '1914089062702', '100282103', 'ABU BAKAR', '01833608488', 'N/A', '53', '64', 2, '2022-09-20 09:27:53', '2022-09-20 10:31:49', NULL, 1074),
(723, '0112700524701', 'NATIONAL.ID', '6725811593556', '100282194', 'MST LACKY AKTER', '01408001951', NULL, '49', '13', 2, '2022-09-20 09:28:15', '2022-09-20 10:10:50', NULL, 1076),
(724, '0112000520820', 'NATIONAL.ID', '1952644894', '100279724', 'SINTHIA AKTER', '01648700529', NULL, '38', '18', 3, '2022-09-20 10:21:33', '2022-09-21 05:56:58', NULL, 1077),
(725, '0112900525015', 'NATIONAL.ID', '4175303652', '200282425', 'ANJ LAND PROPERTIES', '01716807906', 'anjlandproperties75@gmail.com', '3', '52', 2, '2022-09-20 10:21:41', '2022-09-21 03:24:07', NULL, 1078),
(726, '0112000520830', 'Birth Certificate', '20011216369131322', '100279747', 'MST.MUNNI AKTER', '01616362402', 'aktarmunni830@gmail.com', '38', '18', 2, '2022-09-20 10:23:58', '2022-09-21 06:01:11', NULL, 1079),
(727, '0112000520844', 'Birth Certificate', '20033925004126570', '100279735', 'MST.TAHMINA AKTER', '01860556691', 'mithilamehjabin40@gmail.com', '38', '18', 2, '2022-09-20 10:26:42', '2022-09-21 06:07:13', NULL, 1080),
(728, '0112000520835', 'NATIONAL.ID', '4193631688', '100279742', 'AMENA AKTER', '01937892740', NULL, '38', '18', 3, '2022-09-20 10:28:26', '2022-09-21 06:22:48', NULL, 1081),
(729, '0112000520977', 'NATIONAL.ID', '6912481337', '100279864', 'JAMIMA MOSTAFA', '01685184914', 'jamimamostafa.ot@gmail.com', '38', '18', 3, '2022-09-20 10:31:07', '2022-09-21 06:37:53', NULL, 1082),
(730, '0112900523683', 'NATIONAL.ID', '5504837831', '200281532', 'M/S DYNASTY EMPLOYMENT INTERNATIONAL', '01712659651', 'dynastyemploymentinternational@gmail.com', '14', '45', 2, '2022-09-20 10:32:12', '2022-09-21 07:41:22', NULL, 1083),
(731, '0112000521116', 'NATIONAL.ID', '4189685276', '100279924', 'FAHMINA QASIM', '01936274919', NULL, '38', '18', 3, '2022-09-20 10:33:13', '2022-09-21 09:12:07', NULL, 1084),
(732, '0112900523667', 'NATIONAL.ID', '5504837831', '100281524', 'KHAN MAHBUB ALAM', '01712659651', 'dynastyemploymentinternational@gmail.com', '14', '45', 2, '2022-09-20 10:34:37', '2022-09-21 09:20:54', NULL, 1085),
(733, '0112000520810', 'NATIONAL.ID', '19892694807000159', '100279723', 'AZMERI KHANAM NISHAT', '01608425607', 'azmerinishat11@gmail.com', '38', '18', 3, '2022-09-20 10:36:15', '2022-09-21 10:18:21', NULL, 1087),
(734, '0112000524144', 'NATIONAL.ID', '1914047083843', '100281845', 'MOHAMMAD SHAFIQUL ISLAM', '01913735452', 'shafiqulislam44@gmail.com', '14', '45', 2, '2022-09-20 10:37:20', '2022-09-21 09:25:50', NULL, 1088),
(735, '0112900521340', 'NATIONAL.ID', '9118689109', '100280122', 'MD. SAIFUL IMAD', '01944143315', 'imad.saiful@gmail.com', '14', '45', 2, '2022-09-20 10:41:59', '2022-09-21 09:49:07', NULL, 1093),
(736, '0112000525164', 'NATIONAL.ID', '6850576932', '500273206', 'MD. ABOUL KALAM', '01775346685', NULL, '35', '6', 2, '2022-09-20 10:48:18', '2022-09-21 06:54:55', NULL, 1111),
(737, '0112900525120', 'NATIONAL.ID', '1000585685', '100282506', 'MD. MASUD RANA', '01718380210', NULL, '1', '51', 3, '2022-09-20 11:05:23', '2022-09-25 06:31:50', NULL, 1201),
(738, '0112000525235', 'NATIONAL.ID', '6428946872', '100282602', 'MST SALMA AKTER', '01722473762', NULL, '44', '23', 2, '2022-09-20 11:37:37', '2022-09-21 03:12:10', NULL, 1097),
(739, '0112900524407', 'NATIONAL.ID', '6115223165916', '200282024', 'TM TECH SOLUTIONS', '01919099388', 'aranna388@gmail.com', '61', '43', 3, '2022-09-20 12:04:40', '2022-09-22 09:41:59', NULL, 1173),
(740, '0112700523267', 'NATIONAL.ID', '9558486875', '100281300', 'MST.MAHMUDA KHATUN MOUSUMI', '01675917626', NULL, '22', '31', 3, '2022-09-21 02:41:37', '2022-09-25 05:48:12', NULL, 1155),
(741, '0112900522712', 'NATIONAL.ID', '3264969985 3761298698 5084353605', '200280835', 'SPICY DRAGON', '01910818038 01711068028', NULL, '24', '65', 2, '2022-09-21 03:06:49', '2022-09-22 05:09:18', NULL, 1100),
(742, '0112000524927', 'NATIONAL.ID', '5116523129788', '100282375', 'BULBUL AHMED', '01713607760', NULL, '59', '30', 3, '2022-09-21 05:26:25', '2022-09-21 11:01:23', NULL, 1108),
(743, '0112700525331', 'NATIONAL.ID', '5504053900', '100280178', 'TAMANNA ISLAM', '01913933961', 'tamanna8525@gmail.com', '38', '18', 3, '2022-09-21 05:37:27', '2022-09-21 11:10:13', NULL, 1109),
(744, '0112000522787', 'NATIONAL.ID', '9314736318297', '100281003', 'MST. JAHANARA BEGUM', '01709742678', NULL, '57', '22', 4, '2022-09-21 05:42:52', '2022-09-22 09:47:43', NULL, 1189),
(745, '0112900524378', 'NATIONAL.ID', '5213995604088', '200282004', 'H K CONSULTING', '01711708391', 'hamidulhkhan02@gmail.com', '14', '9', 2, '2022-09-21 06:27:28', '2022-09-21 10:30:11', NULL, 1112),
(746, '0112900524985', 'NATIONAL.ID', '1900757657', '200282391', 'CROWN MOTOR COMPANY', '01711561931', NULL, '22', '31', 3, '2022-09-21 06:44:00', '2022-09-25 05:45:44', NULL, 1154),
(747, '0112000521934', 'NATIONAL.ID', '4178107613', '100280450', 'MONIR HOSSAIN MOLLA', '01981074186', NULL, '14', '9', 2, '2022-09-21 07:51:30', '2022-09-21 10:38:10', NULL, 1115),
(748, '0150100525419', 'NATIONAL.ID', '1914077170623', '100282731', 'MD.MOJIBUR RAHMAN SARKER', '01717296974', NULL, '38', '18', 2, '2022-09-21 07:57:10', '2022-09-22 04:06:48', NULL, 1117),
(749, '0124100524699', 'NATIONAL.ID', '19554795124435248', '100115154', 'AKHINOOR KHATUN', '01515263050', NULL, '35', '6', 3, '2022-09-21 08:24:28', '2022-09-21 08:56:07', NULL, 1118),
(750, '0124100524697', 'NATIONAL.ID', '19554795124435248', '100115154', 'AKHINOOR KHATUN', '01515263050', NULL, '35', '6', 3, '2022-09-21 08:26:35', '2022-09-21 08:54:13', NULL, 1119),
(751, '0124100525210', 'NATIONAL.ID', '19554795124435248', '100115154', 'AKHINOOR KHATUN', '01515263050', NULL, '35', '6', 3, '2022-09-21 08:27:43', '2022-09-21 08:53:07', NULL, 1120),
(752, '0112000425128', 'NATIONAL.ID', '19554795124435248', '100161148', 'SAZZAT HOSSAIN JITU', '01716070800', NULL, '35', '6', 2, '2022-09-21 08:30:18', '2022-09-21 08:52:01', NULL, 1121),
(753, '0131300523398', 'NATIONAL.ID', '9122066005', '100281261', 'MD MONTU SHEIKH', '01845419100', NULL, '35', '6', 3, '2022-09-21 08:33:04', '2022-09-21 08:49:36', NULL, 1122),
(754, '0132000524926', 'NATIONAL.ID', '4714075015466', '100084287', 'JAHANARA BEGUM', '01711308755', NULL, '35', '6', 3, '2022-09-21 08:35:31', '2022-09-21 08:48:38', NULL, 1123),
(755, '0132000524746', 'NATIONAL.ID', '4714075015466', '100084287', 'JAHANARA BEGUM', '01711308755', NULL, '35', '6', 3, '2022-09-21 08:37:28', '2022-09-21 08:47:17', NULL, 1124),
(756, '0132000524463', 'NATIONAL.ID', '4714075015466', '100084287', 'JAHANARA BEGUM', '01711308755', NULL, '35', '6', 3, '2022-09-21 08:38:51', '2022-09-21 08:46:45', NULL, 1125),
(757, '0132000524748', 'NATIONAL.ID', '4714075015466', '100084287', 'JAHANARA BEGUM', '01711308755', NULL, '35', '6', 3, '2022-09-21 08:40:19', '2022-09-21 08:45:12', NULL, 1126),
(758, '0112700525305', 'NATIONAL.ID', '2650898230263', '100173522', 'RABEYA GHANI RINGKY', '01914565111', NULL, '59', '30', 3, '2022-09-21 08:46:46', '2022-09-22 03:53:12', NULL, 1127),
(759, '0112000525105', 'NATIONAL.ID', '7787858914', '100282444', 'MD AKTHER HOSSEN', NULL, NULL, '47', '34', 3, '2022-09-21 09:11:56', '2022-09-22 05:25:28', NULL, 1128),
(760, '0112000525248', 'NATIONAL.ID', '6463765478', '100282588', 'SUJON', '01625714631', NULL, '24', '65', 2, '2022-09-21 09:31:36', '2022-09-22 10:41:23', NULL, 1130),
(761, '0131300525255', 'NATIONAL.ID', '1017345446', '100282457', 'NAHIDA AKHTER', '01718195598', NULL, '24', '65', 3, '2022-09-21 09:36:16', '2022-09-21 10:25:56', NULL, 1131),
(762, '0132000524957', 'NATIONAL.ID', '7769880134', '100203206', 'NAHIDA AKTER', '01798315223', NULL, '35', '6', 3, '2022-09-21 09:39:54', '2022-09-21 09:41:12', NULL, 1132),
(763, '0112000524191', 'NATIONAL.ID', '1218575055692', '100269000', '0112000524191', '01735390396', NULL, '53', '64', 2, '2022-09-21 10:05:53', '2022-09-22 02:55:41', NULL, 1133),
(764, '0112000525457', 'NATIONAL.ID', '5999514655', '100260998', 'MST HAZERA BEGUM', '01825411928', NULL, '53', '64', 2, '2022-09-21 10:16:04', '2022-09-22 02:52:56', NULL, 1134),
(765, '0132000525009', 'NATIONAL.ID', '3923607151617', '100106298', 'MST. SURAIYA BEGUM', '01714413859', NULL, '24', '65', 3, '2022-09-21 10:35:25', '2022-09-22 03:03:13', NULL, 1136),
(766, '0112900523823', 'NATIONAL.ID', '1927981985', '200281634', 'DISHA TV FRIDGE & SERVICING CENTER', '01712649292', NULL, '44', '24', 3, '2022-09-21 10:43:37', '2022-09-22 08:15:37', NULL, 1137),
(767, '0112700525337', 'NATIONAL.ID', '9312371616462', '100250603', 'LAXMI BASAK', '01919377111', NULL, '57', '22', 2, '2022-09-21 11:03:48', '2022-09-22 04:05:23', NULL, 1138),
(768, '0132000525354', 'NATIONAL.ID', '2837536487', '100250603', 'LAXMI BASAK', '01919377111', NULL, '57', '22', 3, '2022-09-21 11:06:05', '2022-09-22 02:49:26', NULL, 1139),
(769, '0112000524645', 'NATIONAL.ID', '3309849705', '100282153', 'REJAUL KARIM', '01568504662', NULL, '44', '23', 3, '2022-09-21 11:09:13', '2022-09-22 07:34:01', NULL, 1140),
(770, '0112000524715', 'NATIONAL.ID', '9132207755', '100282090', 'MINOTI RANI TARAFDER', '01300627383', NULL, '44', '24', 3, '2022-09-22 03:32:30', '2022-09-22 07:27:09', NULL, 1147),
(771, '0112700522666', 'NATIONAL.ID', '1964301913', '100280920', 'KHADIJA AKTER', '01862232327', NULL, '49', '10', 2, '2022-09-22 04:20:21', '2022-09-22 06:21:24', NULL, 1143),
(772, '0112200525256', 'Birth Certificate', '20050610633012573', '100282610', 'SHARMIN', '01772240755', NULL, '28', '59', 4, '2022-09-22 04:21:14', '2022-09-25 03:55:19', NULL, 1206),
(773, '0112300525179', 'Birth Certificate', '19977518765110049', '100282536', 'NUSRAT JAHAN', '01612024075', 'nusratjahanlimon1@gmail.com', '28', '59', 3, '2022-09-22 04:32:32', '2022-09-22 10:27:57', NULL, 1146),
(774, '0112900525448', 'NATIONAL.ID', '200282752,100282747', '2826966646', 'BIZCOM DEVELOPMENT LTD.', '01726848516', 'faizullah.shipon@gmail.com', '38', '18', 2, '2022-09-22 05:15:29', '2022-09-22 10:04:43', NULL, 1150),
(775, '0112000524808', 'NATIONAL.ID', '19936112433000123', '100282263', 'HUMAYUN KABIR', '01738819264', NULL, '59', '29', 3, '2022-09-22 05:28:04', '2022-09-22 06:52:36', NULL, 1151),
(776, '0112700525418', 'NATIONAL.ID', '3750664348', '100282730', 'KAZI NISHAT TASNIM', '01631095508', 'authoy2@gmail.com', '38', '18', 2, '2022-09-22 05:36:44', '2022-09-22 05:53:08', NULL, 1152),
(777, '0112900525104', 'NATIONAL.ID', '8257891898', '200282475', 'AYAZ ELECTRIC & HARDWARE', '01968473395', 'N/A', '61', '43', 3, '2022-09-22 06:04:11', '2022-09-22 10:32:22', NULL, 1156),
(778, '0112900524461', 'NATIONAL.ID', '1516112661924', '100282037', 'MD. JASHIM UDDIN', '01814393507', NULL, '34', '49', 1, '2022-09-22 06:19:03', '2022-09-22 06:19:03', NULL, 1158),
(779, '0112000525346', 'NATIONAL.ID', '2694814914070', '100282656', 'MD. TAWHIDUR RAHAMAN', '01817085456', NULL, '59', '29', 4, '2022-09-22 06:26:50', '2022-09-25 06:43:47', NULL, 1230),
(780, '0112000524464', 'NATIONAL.ID', '1516185870725', '100282043', 'MD. FARUK', '01815663470', NULL, '34', '49', 3, '2022-09-22 06:29:57', '2022-09-22 11:11:26', NULL, 1162),
(781, '0112900524126', 'NATIONAL.ID', '7312879922', '100119977', 'MD SALIM', '01859416118', NULL, '34', '49', 3, '2022-09-22 06:32:26', '2022-09-22 11:19:56', NULL, 1163),
(782, '0113900525080', 'NATIONAL.ID', '5414082945461', '100282468', 'MD. RANA KHAN', NULL, NULL, '47', '34', 3, '2022-09-22 06:43:34', '2022-09-22 07:25:41', NULL, 1165),
(783, '0112000524990', 'NATIONAL.ID', '8255188354', '100282404', 'KAMRUL HASAN', '0196567230', NULL, '3', '52', 1, '2022-09-22 07:11:18', '2022-09-22 07:11:18', NULL, 1167),
(784, '0131100520632', 'NATIONAL.ID', '19885817421221204', '100279678', 'MD MOBARAK HOSSAN', '01735656514', NULL, '8', '55', 3, '2022-09-22 07:15:12', '2022-09-22 09:29:31', NULL, 1168),
(785, '0112000525572', 'NATIONAL.ID', '1023306778972', '100282807', 'NOOR AFJA ARIFA SULTANA', '01921684881', NULL, '59', '29', 3, '2022-09-22 07:15:57', '2022-09-22 08:39:35', NULL, 1169),
(786, '0112900524726', 'NATIONAL.ID', '6460781435', '100282205', 'MD HASIBUR RAHMAN', '01936299019', 'hasiburrahman8855@gmail.com', '3', '52', 2, '2022-09-22 07:31:20', '2022-09-25 03:34:34', NULL, 1174),
(787, '0112700523528', 'NATIONAL.ID', '2824173013', '100281450', 'SELINA AKTER', '01313840535', NULL, '53', '64', 1, '2022-09-22 07:43:49', '2022-09-22 07:43:49', NULL, 1175),
(788, '0112000525242', 'NATIONAL.ID', '7316143754', '100282603', 'MD MIJAN MIAH', '1720316619', NULL, '4', '57', 2, '2022-09-22 08:02:50', '2022-09-22 08:34:45', NULL, 1177),
(789, '0112700525464', 'NATIONAL.ID', '1500157514', '100282760', 'NASIMA AKTER', '01979878779', NULL, '4', '57', 2, '2022-09-22 08:04:29', '2022-09-22 09:42:37', NULL, 1187),
(790, '0111100525311', 'NATIONAL.ID', '6443167744', '200282642', 'M/S ABUKHAER TRADING CORPORATION', '01742888734', NULL, '22', '31', 2, '2022-09-22 08:44:56', '2022-09-22 10:02:25', NULL, 1180),
(791, '0112900525221', 'NATIONAL.ID', '2825973734', '100282570', 'EMDADUL HAQUE', '01711130780', 'MILLENNIUM1962@GMAIL.COM', '3', '53', 2, '2022-09-22 08:51:34', '2022-09-25 04:19:43', NULL, 1181),
(792, '0112900525308', 'NATIONAL.ID', '1918868959', '100282640', 'MOHAMMAD ASADUZZAMAN', '01714115966', NULL, '22', '31', 2, '2022-09-22 08:52:59', '2022-09-22 10:03:23', NULL, 1182),
(793, '0112900525518', 'NATIONAL.ID', '7354610813', '100282797', 'MD.MUKTER HOSSEN', '01773215732', NULL, '38', '18', 2, '2022-09-22 09:06:46', '2022-09-22 09:23:00', NULL, 1184),
(794, '0111100525216', 'NATIONAL.ID', '9101394162', '200282567', 'AST STAR CONSTRUCTION CO LIMITED', '01726762015', 'info@aststarconstruction.in', '59', '29', 1, '2022-09-22 09:09:59', '2022-09-22 09:09:59', NULL, 1185),
(795, '0112900525082', 'NATIONAL.ID', '7369162099', '100282465', 'MD. RASHEDUL ISLAM', '01995389266', NULL, '24', '65', 2, '2022-09-22 09:37:38', '2022-09-25 04:53:33', NULL, 1188),
(796, '0112000521984', 'NATIONAL.ID', '7318264665', '100280498', 'SHNDHA RANI SAHA', '01743234548', NULL, '57', '22', 1, '2022-09-22 09:54:27', '2022-09-22 09:54:27', NULL, 1190),
(797, '012000524086', 'NATIONAL.ID', '9314736318282', '100281669', 'mst. hasina begum', '01709742678', NULL, '57', '22', 2, '2022-09-22 09:56:39', '2022-09-25 06:24:23', NULL, 1191),
(798, '0112000523940', 'NATIONAL.ID', '1027337045', '100281678', 'MD. RAKIBUL ISLAM', '01887292270', NULL, '57', '22', 2, '2022-09-22 09:58:40', '2022-09-25 06:31:12', NULL, 1192),
(799, '0112000522817', 'NATIONAL.ID', '4173519838', '100281019', 'HUNUFA', '01626847152', NULL, '57', '22', 1, '2022-09-22 10:00:08', '2022-09-22 10:00:08', NULL, 1193),
(800, '0112900525193', 'NATIONAL.ID', '7784790581', '200282539', 'FARAZY PHARMA', '01400204012', NULL, '61', '43', 4, '2022-09-22 10:17:19', '2022-09-25 05:16:34', NULL, 1221),
(801, '0112900522139', 'NATIONAL.ID', '4122306787711', '100280605', 'MD. SHAH ALAM KOBIR', '01951111203', NULL, '61', '43', 1, '2022-09-22 10:56:16', '2022-09-22 10:56:16', NULL, 1197),
(802, '0112700525609', 'NATIONAL.ID', '5958893330', '100282831', 'MST. PARVIN BEGUM', '01707463615', NULL, '1', '51', 3, '2022-09-22 11:15:55', '2022-09-25 05:56:50', NULL, 1198),
(803, '0112700521732', 'NATIONAL.ID', '4201304427', '100280286', 'JESMIN AKTER', '01878568875', NULL, '61', '43', 1, '2022-09-22 11:19:18', '2022-09-22 11:19:18', NULL, 1199),
(804, '0112000524681', 'NATIONAL.ID', '2836457396', '100282183', 'MD HARUN MIA', '01710373782', NULL, '44', '23', 2, '2022-09-22 11:35:18', '2022-09-25 07:35:34', NULL, 1202),
(805, '0112000524700', 'NATIONAL.ID', '2418205114', '100282129', 'MD. DELWAR HOSSAIN', '01746013767', NULL, '44', '23', 1, '2022-09-22 11:37:16', '2022-09-22 11:37:16', NULL, 1203),
(806, '0112900524567', 'NATIONAL.ID', '6455128980', '100169577', 'ANUPAM GHOSH', '01630212822', NULL, '44', '23', 1, '2022-09-25 03:51:53', '2022-09-25 03:51:53', NULL, 1204),
(807, '0112000524709', 'NATIONAL.ID', '2829655113', '100282199', 'RANA CHANDRA SARKER', '01792441661', NULL, '44', '23', 1, '2022-09-25 03:55:09', '2022-09-25 03:55:09', NULL, 1205),
(808, '0112000524370', 'NATIONAL.ID', '2392799983', '100281997', 'MST. ANJUMAN', '01732022138', NULL, '6', '68', 2, '2022-09-25 03:56:11', '2022-09-25 04:33:22', NULL, 1207),
(809, '0112000524374', 'Birth Certificate', '19981022007001180', '100281994', 'KONOK CHAPA', '01794127401', NULL, '6', '68', 2, '2022-09-25 03:59:36', '2022-09-25 06:20:51', NULL, 1208),
(810, '0131300524675', 'NATIONAL.ID', '6851673431', '100179451', 'TOMA RANI JOADDER', '01752183205', NULL, '6', '68', 2, '2022-09-25 04:03:17', '2022-09-25 05:39:38', NULL, 1209),
(811, '0112200525260', 'Birth Certificate', '20058612505107061', '100282619', 'MONIKA', '01709146039', NULL, '28', '59', 1, '2022-09-25 04:06:02', '2022-09-25 04:06:02', NULL, 1210),
(812, '0112900524850', 'NATIONAL.ID', '3749806695', '100282285', 'MD. REZAUL KARIM', '01708396402', NULL, '6', '68', 2, '2022-09-25 04:06:44', '2022-09-25 06:03:35', NULL, 1211),
(813, '0113500524313', 'NATIONAL.ID', '6434170483', '100262501', 'MST. SHIMI KHATUN', '01728076518', NULL, '6', '68', 3, '2022-09-25 04:12:55', '2022-09-25 05:35:53', NULL, 1212),
(814, '0124100524959', 'NATIONAL.ID', '3749806695', '100282285', 'MD. REZAUL KARIM', '01708396402', NULL, '6', '68', 3, '2022-09-25 04:17:33', '2022-09-25 05:00:58', NULL, 1213),
(815, '0112900524133', 'NATIONAL.ID', '7337801836', '100281835', 'TANZ AUTO BAY', '01711520636', NULL, '19', '54', 1, '2022-09-25 04:18:26', '2022-09-25 04:18:26', NULL, 1214),
(816, '0124100524961', 'NATIONAL.ID', '3749806695', '100282285', 'MD. REZAUL KARIM', '01708396402', NULL, '6', '68', 3, '2022-09-25 04:31:55', '2022-09-25 04:45:29', NULL, 1215),
(817, '0124100524958', 'NATIONAL.ID', '3749806695', '100282285', 'MD. REZAUL KARIM', '01708396402', NULL, '6', '68', 3, '2022-09-25 04:34:42', '2022-09-25 04:58:07', NULL, 1216),
(818, '0124100524953', 'NATIONAL.ID', '3749806695', '100282285', 'MD. REZAUL KARIM', '01708396402', NULL, '6', '68', 3, '2022-09-25 04:39:48', '2022-09-25 04:56:16', NULL, 1217),
(819, '0112900524890', 'NATIONAL.ID', '19835817429000024', '200282331', 'MASUD MOTSHO KHAMAR', '01308958296', NULL, '8', '55', 4, '2022-09-25 04:43:54', '2022-09-25 05:45:39', NULL, 1222),
(820, '0113900524520', 'NATIONAL.ID', '3259155178', '100178196', 'MD. MASUDUR RAHMAN', '01724390708', NULL, '6', '68', 3, '2022-09-25 04:44:11', '2022-09-25 04:49:11', NULL, 1219),
(821, '0112200525718', 'Birth Certificate', '20112692514144503', '100282918', 'APSHORA HOSSAIN PRIOTY', '01911424255', NULL, '38', '18', 2, '2022-09-25 05:57:18', '2022-09-25 07:10:49', NULL, 1223),
(822, '0112000525478', 'NATIONAL.ID', '9145336724', '100282770', 'KUSUMA BEGUM', '01406638183', NULL, '44', '23', 1, '2022-09-25 06:10:46', '2022-09-25 06:10:46', NULL, 1224),
(823, '0112900525617', 'NATIONAL.ID', '3747917353', '200282840', 'MH CORPORATION', '01911109128', NULL, '19', '54', 1, '2022-09-25 06:35:12', '2022-09-25 06:35:12', NULL, 1226),
(824, '0113900524629', 'NATIONAL.ID', '6893146412', '100177835', 'MD. AHASANUL MAHABUB', '01610002811', NULL, '6', '68', 3, '2022-09-25 06:36:14', '2022-09-25 07:28:15', NULL, 1228),
(825, '0112700525639', 'NATIONAL.ID', '8429838714', '100078120', 'TAHMINA ANOWAR', '01612249702', NULL, '59', '30', 2, '2022-09-25 06:38:44', '2022-09-25 06:55:44', NULL, 1229),
(826, '0112900525660', 'NATIONAL.ID', '4638694093', '100282853', 'MD. AYUB ALI', NULL, NULL, '47', '34', 1, '2022-09-25 06:53:46', '2022-09-25 06:53:46', NULL, 1232),
(827, '0112000525826', 'NATIONAL.ID', '5554168210', '100282989', 'MOHAMMAD ULLAH', '01882593513', 'MIMMO143SHADOW@GMAIL.COM', '53', '64', 1, '2022-09-25 07:01:42', '2022-09-25 07:01:42', NULL, 1233),
(828, '0112000525722', 'NATIONAL.ID', '1976581802145075', '100282922', 'ZANARA BEGUM', '01321297645', NULL, '8', '55', 2, '2022-09-25 07:04:44', '2022-09-25 07:21:44', NULL, 1234),
(829, '0113900524631', 'NATIONAL.ID', '6893146412', '100177835', 'MD. AHASANUL MAHABUB', '01610002811', NULL, '6', '68', 3, '2022-09-25 07:13:07', '2022-09-25 07:25:21', NULL, 1235);

-- --------------------------------------------------------

--
-- Table structure for table `caos_file_details`
--

CREATE TABLE `caos_file_details` (
  `id` bigint(20) UNSIGNED NOT NULL,
  `caos_file_id` varchar(191) COLLATE utf8mb4_unicode_ci NOT NULL,
  `document_type_id` varchar(191) COLLATE utf8mb4_unicode_ci NOT NULL,
  `attachment` varchar(191) COLLATE utf8mb4_unicode_ci NOT NULL,
  `remarks` varchar(191) COLLATE utf8mb4_unicode_ci DEFAULT NULL,
  `status` tinyint(1) NOT NULL DEFAULT 1 COMMENT '0:inactive | 1:active',
  `created_at` timestamp NULL DEFAULT NULL,
  `updated_at` timestamp NULL DEFAULT NULL,
  `deleted_at` timestamp NULL DEFAULT NULL
) ENGINE=InnoDB DEFAULT CHARSET=utf8mb4 COLLATE=utf8mb4_unicode_ci;

--
-- Dumping data for table `caos_file_details`
--

INSERT INTO `caos_file_details` (`id`, `caos_file_id`, `document_type_id`, `attachment`, `remarks`, `status`, `created_at`, `updated_at`, `deleted_at`) VALUES
(23, '31', '2', 'Attachment.pdf', NULL, 1, '2022-08-10 00:49:38', '2022-08-10 00:49:38', NULL),
(24, '30', '2', 'Attachment.pdf', NULL, 1, '2022-08-10 02:28:01', '2022-08-10 02:28:01', NULL),
(25, '33', '2', 'Attachment.pdf', NULL, 1, '2022-08-10 07:12:10', '2022-08-10 07:12:10', NULL),
(26, '34', '2', 'Attachment.pdf', NULL, 1, '2022-08-10 07:13:31', '2022-08-10 07:13:31', NULL),
(27, '35', '2', 'Attachment.pdf', NULL, 1, '2022-08-10 07:15:04', '2022-08-10 07:15:04', NULL),
(28, '36', '2', 'Attachment.pdf', NULL, 1, '2022-08-10 13:16:07', '2022-08-10 13:16:07', NULL),
(29, '37', '2', 'Attachment.pdf', NULL, 1, '2022-08-10 13:17:07', '2022-08-10 13:17:07', NULL),
(30, '38', '2', 'Attachment.pdf', NULL, 1, '2022-08-11 04:34:34', '2022-08-11 04:34:34', NULL),
(31, '32', '2', 'Attachment.pdf', NULL, 1, '2022-08-10 00:49:38', '2022-08-10 00:49:38', NULL),
(32, '40', '2', 'Attachment.pdf', NULL, 1, '2022-08-11 07:24:03', '2022-08-11 07:24:03', NULL),
(33, '41', '2', 'Attachment.pdf', NULL, 1, '2022-08-11 07:24:56', '2022-08-11 07:24:56', NULL),
(34, '42', '2', 'Attachment.pdf', NULL, 1, '2022-08-11 07:28:14', '2022-08-11 07:28:14', NULL),
(35, '39', '2', 'Attachment.pdf', NULL, 1, '2022-08-11 04:34:34', '2022-08-11 04:34:34', NULL),
(36, '43', '2', 'Attachment.pdf', NULL, 1, '2022-08-11 08:18:31', '2022-08-11 08:18:31', NULL),
(38, '45', '2', 'Attachment.pdf', NULL, 1, '2022-08-11 09:42:16', '2022-08-11 09:42:16', NULL),
(39, '46', '2', 'Attachment.pdf', NULL, 1, '2022-08-11 09:45:34', '2022-08-11 09:45:34', NULL),
(41, '48', '2', 'Attachment.pdf', NULL, 1, '2022-08-11 11:03:31', '2022-08-11 11:03:31', NULL),
(42, '49', '2', 'Attachment.pdf', NULL, 1, '2022-08-11 11:18:10', '2022-08-11 11:18:10', NULL),
(43, '50', '2', 'Attachment.pdf', NULL, 1, '2022-08-11 11:31:22', '2022-08-11 11:31:22', NULL),
(44, '51', '2', 'Attachment.pdf', NULL, 1, '2022-08-11 11:37:03', '2022-08-11 11:37:03', NULL),
(45, '52', '2', 'Attachment.pdf', NULL, 1, '2022-08-11 11:40:56', '2022-08-11 11:40:56', NULL),
(46, '54', '2', 'Attachment.pdf', NULL, 1, '2022-08-11 13:18:42', '2022-08-11 13:18:42', NULL),
(47, '55', '2', 'Attachment.pdf', NULL, 1, '2022-08-14 05:49:26', '2022-08-14 05:49:26', NULL),
(48, '56', '2', 'Attachment.pdf', NULL, 1, '2022-08-14 07:45:46', '2022-08-14 07:45:46', NULL),
(49, '57', '2', 'Attachment.pdf', NULL, 1, '2022-08-14 11:18:43', '2022-08-14 11:18:43', NULL),
(50, '58', '2', 'Attachment.pdf', NULL, 1, '2022-08-14 11:21:31', '2022-08-14 11:21:31', NULL),
(51, '59', '2', 'Attachment.pdf', NULL, 1, '2022-08-14 11:45:57', '2022-08-14 11:45:57', NULL),
(52, '60', '2', 'Attachment.pdf', NULL, 1, '2022-08-14 11:48:41', '2022-08-14 11:48:41', NULL),
(53, '61', '2', 'Attachment.pdf', NULL, 1, '2022-08-14 12:17:04', '2022-08-14 12:17:04', NULL),
(54, '62', '2', 'Attachment.pdf', NULL, 1, '2022-08-14 12:17:38', '2022-08-14 12:17:38', NULL),
(55, '63', '2', 'Attachment.pdf', NULL, 1, '2022-08-14 12:20:33', '2022-08-14 12:20:33', NULL),
(56, '64', '2', 'Attachment.pdf', NULL, 1, '2022-08-14 12:22:05', '2022-08-14 12:22:05', NULL),
(57, '65', '2', 'Attachment.pdf', NULL, 1, '2022-08-14 12:59:43', '2022-08-14 12:59:43', NULL),
(58, '66', '2', 'Attachment.pdf', NULL, 1, '2022-08-16 04:07:42', '2022-08-16 04:07:42', NULL),
(59, '67', '2', 'Attachment.pdf', NULL, 1, '2022-08-16 09:48:13', '2022-08-16 09:48:13', NULL),
(60, '68', '2', 'Attachment.pdf', NULL, 1, '2022-08-16 10:51:14', '2022-08-16 10:51:14', NULL),
(61, '69', '2', 'Attachment.pdf', NULL, 1, '2022-08-16 10:54:29', '2022-08-16 10:54:29', NULL),
(62, '70', '2', 'Attachment.pdf', NULL, 1, '2022-08-16 10:57:33', '2022-08-16 10:57:33', NULL),
(63, '71', '2', 'Attachment.pdf', NULL, 1, '2022-08-16 11:32:04', '2022-08-16 11:32:04', NULL),
(64, '73', '2', 'Attachment.pdf', NULL, 1, '2022-08-16 12:30:12', '2022-08-16 12:30:12', NULL),
(65, '74', '2', 'Attachment.pdf', NULL, 1, '2022-08-16 13:10:54', '2022-08-16 13:10:54', NULL),
(66, '75', '2', 'Attachment.pdf', NULL, 1, '2022-08-17 04:40:28', '2022-08-17 04:40:28', NULL),
(67, '76', '2', 'Attachment.pdf', NULL, 1, '2022-08-17 06:51:51', '2022-08-17 06:51:51', NULL),
(68, '77', '2', 'Attachment.pdf', NULL, 1, '2022-08-17 07:11:51', '2022-08-17 07:11:51', NULL),
(69, '78', '2', 'Attachment.pdf', NULL, 1, '2022-08-17 07:39:01', '2022-08-17 07:39:01', NULL),
(70, '79', '2', 'Attachment.pdf', NULL, 1, '2022-08-17 08:15:39', '2022-08-17 08:15:39', NULL),
(71, '80', '2', 'Attachment.pdf', NULL, 1, '2022-08-17 09:18:24', '2022-08-17 09:18:24', NULL),
(72, '81', '2', 'Attachment.pdf', NULL, 1, '2022-08-17 09:58:22', '2022-08-17 09:58:22', NULL),
(73, '82', '2', 'Attachment.pdf', NULL, 1, '2022-08-17 10:10:04', '2022-08-17 10:10:04', NULL),
(74, '83', '2', 'Attachment.pdf', NULL, 1, '2022-08-17 10:37:45', '2022-08-17 10:37:45', NULL),
(75, '84', '2', 'Attachment.pdf', NULL, 1, '2022-08-17 10:49:50', '2022-08-17 10:49:50', NULL),
(76, '85', '2', 'Attachment.pdf', NULL, 1, '2022-08-17 11:13:43', '2022-08-17 11:13:43', NULL),
(77, '86', '2', 'Attachment.pdf', NULL, 1, '2022-08-17 11:43:26', '2022-08-17 11:43:26', NULL),
(78, '87', '2', 'Attachment.pdf', NULL, 1, '2022-08-21 09:28:50', '2022-08-21 09:28:50', NULL),
(79, '88', '2', 'Attachment.pdf', NULL, 1, '2022-08-21 09:59:01', '2022-08-21 09:59:01', NULL),
(80, '89', '2', 'Attachment.pdf', NULL, 1, '2022-08-21 10:32:18', '2022-08-21 10:32:18', NULL),
(81, '90', '2', 'Attachment.pdf', NULL, 1, '2022-08-21 10:33:46', '2022-08-21 10:33:46', NULL),
(82, '91', '2', 'Attachment.pdf', NULL, 1, '2022-08-21 10:34:53', '2022-08-21 10:34:53', NULL),
(83, '92', '2', 'Attachment.pdf', NULL, 1, '2022-08-21 11:37:54', '2022-08-21 11:37:54', NULL),
(84, '93', '2', 'Attachment.pdf', NULL, 1, '2022-08-21 11:50:28', '2022-08-21 11:50:28', NULL),
(85, '94', '2', 'Attachment.pdf', NULL, 1, '2022-08-21 11:53:13', '2022-08-21 11:53:13', NULL),
(86, '95', '2', 'Attachment.pdf', NULL, 1, '2022-08-21 12:18:30', '2022-08-21 12:18:30', NULL),
(87, '96', '2', 'Attachment.pdf', NULL, 1, '2022-08-22 06:02:54', '2022-08-22 06:02:54', NULL),
(88, '97', '2', 'Attachment.pdf', NULL, 1, '2022-08-22 06:11:28', '2022-08-22 06:11:28', NULL),
(89, '98', '2', 'Attachment.pdf', NULL, 1, '2022-08-22 06:19:37', '2022-08-22 06:19:37', NULL),
(90, '99', '2', 'Attachment.pdf', NULL, 1, '2022-08-22 06:37:56', '2022-08-22 06:37:56', NULL),
(91, '100', '2', 'Attachment.pdf', NULL, 1, '2022-08-22 06:18:43', '2022-08-22 06:18:43', NULL),
(92, '101', '2', 'Attachment.pdf', NULL, 1, '2022-08-22 09:06:32', '2022-08-22 09:06:32', NULL),
(93, '102', '2', 'Attachment.pdf', NULL, 1, '2022-08-22 09:09:37', '2022-08-22 09:09:37', NULL),
(94, '103', '2', 'Attachment.pdf', NULL, 1, '2022-08-22 09:19:12', '2022-08-22 09:19:12', NULL),
(95, '104', '2', 'Attachment.pdf', NULL, 1, '2022-08-22 10:22:31', '2022-08-22 10:22:31', NULL),
(96, '105', '2', 'Attachment.pdf', NULL, 1, '2022-08-22 10:33:42', '2022-08-22 10:33:42', NULL),
(97, '106', '2', 'Attachment.pdf', NULL, 1, '2022-08-22 11:16:03', '2022-08-22 11:16:03', NULL),
(98, '107', '2', 'Attachment.pdf', NULL, 1, '2022-08-22 11:17:15', '2022-08-22 11:17:15', NULL),
(99, '108', '2', 'Attachment.pdf', NULL, 1, '2022-08-22 12:02:18', '2022-08-22 12:02:18', NULL),
(100, '109', '2', 'Attachment.pdf', NULL, 1, '2022-08-22 12:30:44', '2022-08-22 12:30:44', NULL),
(101, '110', '2', 'Attachment.pdf', NULL, 1, '2022-08-22 12:33:26', '2022-08-22 12:33:26', NULL),
(102, '111', '2', 'Attachment.pdf', NULL, 1, '2022-08-22 12:36:14', '2022-08-22 12:36:14', NULL),
(103, '112', '2', 'Attachment.pdf', NULL, 1, '2022-08-22 12:39:00', '2022-08-22 12:39:00', NULL),
(104, '113', '2', 'Attachment.pdf', NULL, 1, '2022-08-22 12:56:54', '2022-08-22 12:56:54', NULL),
(105, '114', '2', 'Attachment.pdf', NULL, 1, '2022-08-23 05:50:53', '2022-08-23 05:50:53', NULL),
(106, '115', '2', 'Attachment.pdf', NULL, 1, '2022-08-23 05:54:22', '2022-08-23 05:54:22', NULL),
(107, '116', '2', 'Attachment.pdf', NULL, 1, '2022-08-23 07:32:08', '2022-08-23 07:32:08', NULL),
(108, '117', '2', 'Attachment.pdf', NULL, 1, '2022-08-23 10:03:11', '2022-08-23 10:03:11', NULL),
(109, '118', '2', 'Attachment.pdf', NULL, 1, '2022-08-23 10:17:36', '2022-08-23 10:17:36', NULL),
(110, '119', '2', 'Attachment.pdf', NULL, 1, '2022-08-23 10:20:13', '2022-08-23 10:20:13', NULL),
(111, '120', '2', 'Attachment.pdf', NULL, 1, '2022-08-23 10:27:34', '2022-08-23 10:27:34', NULL),
(112, '121', '2', 'Attachment.pdf', NULL, 1, '2022-08-23 10:34:34', '2022-08-23 10:34:34', NULL),
(113, '122', '2', 'Attachment.pdf', NULL, 1, '2022-08-23 11:18:43', '2022-08-23 11:18:43', NULL),
(114, '123', '2', 'Attachment.pdf', NULL, 1, '2022-08-23 12:11:08', '2022-08-23 12:11:08', NULL),
(115, '124', '2', 'Attachment.pdf', NULL, 1, '2022-08-23 12:13:01', '2022-08-23 12:13:01', NULL),
(116, '125', '2', 'Attachment.pdf', NULL, 1, '2022-08-23 12:15:13', '2022-08-23 12:15:13', NULL),
(117, '126', '2', 'Attachment.pdf', NULL, 1, '2022-08-23 12:17:05', '2022-08-23 12:17:05', NULL),
(118, '127', '2', 'Attachment.pdf', NULL, 1, '2022-08-23 12:20:04', '2022-08-23 12:20:04', NULL),
(119, '128', '2', 'Attachment.pdf', NULL, 1, '2022-08-23 12:32:43', '2022-08-23 12:32:43', NULL),
(120, '129', '2', 'Attachment.pdf', NULL, 1, '2022-08-23 12:42:16', '2022-08-23 12:42:16', NULL),
(121, '130', '2', 'Attachment.pdf', NULL, 1, '2022-08-24 04:18:05', '2022-08-24 04:18:05', NULL),
(122, '131', '2', 'Attachment.pdf', NULL, 1, '2022-08-24 04:20:21', '2022-08-24 04:20:21', NULL),
(123, '132', '2', 'Attachment.pdf', NULL, 1, '2022-08-24 04:29:31', '2022-08-24 04:29:31', NULL),
(124, '133', '2', 'Attachment.pdf', NULL, 1, '2022-08-24 04:38:23', '2022-08-24 04:38:23', NULL),
(125, '134', '2', 'Attachment.pdf', NULL, 1, '2022-08-24 04:45:39', '2022-08-24 04:45:39', NULL),
(126, '135', '2', 'Attachment.pdf', NULL, 1, '2022-08-24 05:08:39', '2022-08-24 05:08:39', NULL),
(127, '136', '2', 'Attachment.pdf', NULL, 1, '2022-08-24 05:54:39', '2022-08-24 05:54:39', NULL),
(128, '137', '2', 'Attachment.pdf', NULL, 1, '2022-08-24 06:18:54', '2022-08-24 06:18:54', NULL),
(129, '138', '2', 'Attachment.pdf', NULL, 1, '2022-08-24 06:28:37', '2022-08-24 06:28:37', NULL),
(130, '139', '2', 'Attachment.pdf', NULL, 1, '2022-08-24 06:49:54', '2022-08-24 06:49:54', NULL),
(131, '141', '2', 'Attachment.pdf', NULL, 1, '2022-08-24 09:34:49', '2022-08-24 09:34:49', NULL),
(132, '142', '2', 'Attachment.pdf', NULL, 1, '2022-08-24 09:48:25', '2022-08-24 09:48:25', NULL),
(133, '143', '2', 'Attachment.pdf', NULL, 1, '2022-08-24 10:09:27', '2022-08-24 10:09:27', NULL),
(134, '144', '2', 'Attachment.pdf', NULL, 1, '2022-08-24 10:25:37', '2022-08-24 10:25:37', NULL),
(135, '145', '2', 'Attachment.pdf', NULL, 1, '2022-08-24 10:28:42', '2022-08-24 10:28:42', NULL),
(136, '146', '2', 'Attachment.pdf', NULL, 1, '2022-08-24 10:43:45', '2022-08-24 10:43:45', NULL),
(137, '147', '2', 'Attachment.pdf', NULL, 1, '2022-08-24 10:48:16', '2022-08-24 10:48:16', NULL),
(138, '148', '2', 'Attachment.pdf', NULL, 1, '2022-08-24 10:51:53', '2022-08-24 10:51:53', NULL),
(139, '149', '2', 'Attachment.pdf', NULL, 1, '2022-08-24 10:57:07', '2022-08-24 10:57:07', NULL),
(140, '150', '2', 'Attachment.pdf', NULL, 1, '2022-08-24 10:58:57', '2022-08-24 10:58:57', NULL),
(141, '151', '2', 'Attachment.pdf', NULL, 1, '2022-08-24 11:00:09', '2022-08-24 11:00:09', NULL),
(142, '152', '2', 'Attachment.pdf', NULL, 1, '2022-08-25 05:20:39', '2022-08-25 05:20:39', NULL),
(143, '153', '2', 'Attachment.pdf', NULL, 1, '2022-08-25 06:38:50', '2022-08-25 06:38:50', NULL),
(144, '154', '2', 'Attachment.pdf', NULL, 1, '2022-08-25 07:46:48', '2022-08-25 07:46:48', NULL),
(145, '155', '2', 'Attachment.pdf', NULL, 1, '2022-08-25 07:49:54', '2022-08-25 07:49:54', NULL),
(146, '156', '2', 'Attachment.pdf', NULL, 1, '2022-08-25 08:59:08', '2022-08-25 08:59:08', NULL),
(147, '157', '2', 'Attachment.pdf', NULL, 1, '2022-08-25 09:27:50', '2022-08-25 09:27:50', NULL),
(148, '159', '2', 'Attachment.pdf', NULL, 1, '2022-08-25 10:16:42', '2022-08-25 10:16:42', NULL),
(149, '160', '2', 'Attachment.pdf', NULL, 1, '2022-08-25 10:24:50', '2022-08-25 10:24:50', NULL),
(150, '161', '2', 'Attachment.pdf', NULL, 1, '2022-08-25 10:37:41', '2022-08-25 10:37:41', NULL),
(151, '162', '2', 'Attachment.pdf', NULL, 1, '2022-08-25 10:48:23', '2022-08-25 10:48:23', NULL),
(152, '163', '2', 'Attachment.pdf', NULL, 1, '2022-08-25 11:32:35', '2022-08-25 11:32:35', NULL),
(153, '164', '2', 'Attachment.pdf', NULL, 1, '2022-08-25 11:47:30', '2022-08-25 11:47:30', NULL),
(154, '158', '2', 'Attachment.pdf', NULL, 1, '2022-08-25 09:54:43', '2022-08-25 09:54:43', NULL),
(155, '165', '2', 'Attachment.pdf', NULL, 1, '2022-08-28 04:40:58', '2022-08-28 04:40:58', NULL),
(156, '166', '2', 'Attachment.pdf', NULL, 1, '2022-08-28 04:43:57', '2022-08-28 04:43:57', NULL),
(157, '167', '2', 'Attachment.pdf', NULL, 1, '2022-08-28 06:11:30', '2022-08-28 06:11:30', NULL),
(158, '140', '2', 'Attachment.pdf', NULL, 1, '2022-08-24 04:38:23', '2022-08-24 04:38:23', NULL),
(159, '168', '2', 'Attachment.pdf', NULL, 1, '2022-08-28 07:15:57', '2022-08-28 07:15:57', NULL),
(160, '169', '2', 'Attachment.pdf', NULL, 1, '2022-08-28 08:12:10', '2022-08-28 08:12:10', NULL),
(161, '170', '2', 'Attachment.pdf', NULL, 1, '2022-08-28 08:14:18', '2022-08-28 08:14:18', NULL),
(162, '171', '2', 'Attachment.pdf', NULL, 1, '2022-08-28 08:29:02', '2022-08-28 08:29:02', NULL),
(163, '172', '2', 'Attachment.pdf', NULL, 1, '2022-08-28 08:31:46', '2022-08-28 08:31:46', NULL),
(164, '173', '2', 'Attachment.pdf', NULL, 1, '2022-08-28 08:33:42', '2022-08-28 08:33:42', NULL),
(165, '174', '2', 'Attachment.pdf', NULL, 1, '2022-08-28 08:36:09', '2022-08-28 08:36:09', NULL),
(166, '175', '2', 'Attachment.pdf', NULL, 1, '2022-08-28 08:41:46', '2022-08-28 08:41:46', NULL),
(167, '176', '2', 'Attachment.pdf', NULL, 1, '2022-08-28 09:39:13', '2022-08-28 09:39:13', NULL),
(168, '177', '2', 'Attachment.pdf', NULL, 1, '2022-08-28 10:11:45', '2022-08-28 10:11:45', NULL),
(169, '178', '2', 'Attachment.pdf', NULL, 1, '2022-08-28 10:26:14', '2022-08-28 10:26:14', NULL),
(170, '179', '2', 'Attachment.pdf', NULL, 1, '2022-08-28 10:34:09', '2022-08-28 10:34:09', NULL),
(171, '180', '2', 'Attachment.pdf', NULL, 1, '2022-08-28 10:39:33', '2022-08-28 10:39:33', NULL),
(172, '182', '2', 'Attachment.pdf', NULL, 1, '2022-08-28 10:51:45', '2022-08-28 10:51:45', NULL),
(173, '183', '2', 'Attachment.pdf', NULL, 1, '2022-08-28 10:51:46', '2022-08-28 10:51:46', NULL),
(174, '184', '2', 'Attachment.pdf', NULL, 1, '2022-08-28 12:38:42', '2022-08-28 12:38:42', NULL),
(175, '185', '2', 'Attachment.pdf', NULL, 1, '2022-08-28 12:40:25', '2022-08-28 12:40:25', NULL),
(176, '186', '2', 'Attachment.pdf', NULL, 1, '2022-08-28 12:42:05', '2022-08-28 12:42:05', NULL),
(177, '187', '2', 'Attachment.pdf', NULL, 1, '2022-08-29 03:19:40', '2022-08-29 03:19:40', NULL),
(178, '188', '2', 'Attachment.pdf', NULL, 1, '2022-08-29 04:04:03', '2022-08-29 04:04:03', NULL),
(179, '181', '2', 'Attachment.pdf', NULL, 1, '2022-08-28 10:39:33', '2022-08-28 10:39:33', NULL),
(180, '189', '2', 'Attachment.pdf', NULL, 1, '2022-08-29 05:33:25', '2022-08-29 05:33:25', NULL),
(181, '190', '2', 'Attachment.pdf', NULL, 1, '2022-08-29 05:51:43', '2022-08-29 05:51:43', NULL),
(182, '191', '2', 'Attachment.pdf', NULL, 1, '2022-08-29 06:07:23', '2022-08-29 06:07:23', NULL),
(183, '192', '2', 'Attachment.pdf', NULL, 1, '2022-08-29 06:37:49', '2022-08-29 06:37:49', NULL),
(184, '193', '2', 'Attachment.pdf', NULL, 1, '2022-08-29 07:20:29', '2022-08-29 07:20:29', NULL),
(185, '194', '2', 'Attachment.pdf', NULL, 1, '2022-08-29 07:30:37', '2022-08-29 07:30:37', NULL),
(186, '195', '2', 'Attachment.pdf', NULL, 1, '2022-08-29 07:40:50', '2022-08-29 07:40:50', NULL),
(187, '196', '2', 'Attachment.pdf', NULL, 1, '2022-08-29 07:42:29', '2022-08-29 07:42:29', NULL),
(188, '197', '2', 'Attachment.pdf', NULL, 1, '2022-08-29 07:44:30', '2022-08-29 07:44:30', NULL),
(189, '198', '2', 'Attachment.pdf', NULL, 1, '2022-08-29 08:14:28', '2022-08-29 08:14:28', NULL),
(190, '199', '2', 'Attachment.pdf', NULL, 1, '2022-08-29 09:37:13', '2022-08-29 09:37:13', NULL),
(191, '200', '2', 'Attachment.pdf', NULL, 1, '2022-08-29 10:44:50', '2022-08-29 10:44:50', NULL),
(192, '202', '2', 'Attachment.pdf', NULL, 1, '2022-08-30 03:03:43', '2022-08-30 03:03:43', NULL),
(193, '203', '2', 'Attachment.pdf', NULL, 1, '2022-08-30 04:12:49', '2022-08-30 04:12:49', NULL),
(194, '201', '2', 'Attachment.pdf', NULL, 1, '2022-08-29 10:44:50', '2022-08-29 10:44:50', NULL),
(195, '204', '2', 'Attachment.pdf', NULL, 1, '2022-08-30 06:41:05', '2022-08-30 06:41:05', NULL),
(196, '205', '2', 'Attachment.pdf', NULL, 1, '2022-08-30 07:24:58', '2022-08-30 07:24:58', NULL),
(197, '206', '2', 'Attachment.pdf', NULL, 1, '2022-08-30 08:02:08', '2022-08-30 08:02:08', NULL),
(198, '207', '2', 'Attachment.pdf', NULL, 1, '2022-08-30 08:52:02', '2022-08-30 08:52:02', NULL),
(199, '208', '2', 'Attachment.pdf', NULL, 1, '2022-08-30 09:47:16', '2022-08-30 09:47:16', NULL),
(200, '209', '2', 'Attachment.pdf', NULL, 1, '2022-08-30 10:00:09', '2022-08-30 10:00:09', NULL),
(201, '210', '2', 'Attachment.pdf', NULL, 1, '2022-08-30 10:18:45', '2022-08-30 10:18:45', NULL),
(202, '211', '2', 'Attachment.pdf', NULL, 1, '2022-08-30 10:25:23', '2022-08-30 10:25:23', NULL),
(203, '212', '2', 'Attachment.pdf', NULL, 1, '2022-08-30 10:46:53', '2022-08-30 10:46:53', NULL),
(204, '213', '2', 'Attachment.pdf', NULL, 1, '2022-08-30 10:52:28', '2022-08-30 10:52:28', NULL),
(205, '214', '2', 'Attachment.pdf', NULL, 1, '2022-08-30 11:21:24', '2022-08-30 11:21:24', NULL),
(206, '215', '2', 'Attachment.pdf', NULL, 1, '2022-08-30 11:27:00', '2022-08-30 11:27:00', NULL),
(207, '216', '2', 'Attachment.pdf', NULL, 1, '2022-08-30 11:28:39', '2022-08-30 11:28:39', NULL),
(208, '218', '2', 'Attachment.pdf', NULL, 1, '2022-08-30 11:30:43', '2022-08-30 11:30:43', NULL),
(209, '219', '2', 'Attachment.pdf', NULL, 1, '2022-08-30 11:32:20', '2022-08-30 11:32:20', NULL),
(210, '220', '2', 'Attachment.pdf', NULL, 1, '2022-08-31 03:13:28', '2022-08-31 03:13:28', NULL),
(211, '221', '2', 'Attachment.pdf', NULL, 1, '2022-08-31 03:36:34', '2022-08-31 03:36:34', NULL),
(212, '222', '2', 'Attachment.pdf', NULL, 1, '2022-08-31 04:14:51', '2022-08-31 04:14:51', NULL),
(213, '223', '2', 'Attachment.pdf', NULL, 1, '2022-08-31 04:16:30', '2022-08-31 04:16:30', NULL),
(214, '224', '2', 'Attachment.pdf', NULL, 1, '2022-08-31 04:18:59', '2022-08-31 04:18:59', NULL),
(215, '225', '2', 'Attachment.pdf', NULL, 1, '2022-08-31 04:46:57', '2022-08-31 04:46:57', NULL),
(216, '226', '2', 'Attachment.pdf', NULL, 1, '2022-08-31 04:51:49', '2022-08-31 04:51:49', NULL),
(217, '227', '2', 'Attachment.pdf', NULL, 1, '2022-08-31 04:57:32', '2022-08-31 04:57:32', NULL),
(218, '228', '2', 'Attachment.pdf', NULL, 1, '2022-08-31 05:36:56', '2022-08-31 05:36:56', NULL),
(219, '229', '2', 'Attachment.pdf', NULL, 1, '2022-08-31 05:41:45', '2022-08-31 05:41:45', NULL),
(220, '230', '2', 'Attachment.pdf', NULL, 1, '2022-08-31 06:20:23', '2022-08-31 06:20:23', NULL),
(221, '231', '2', 'Attachment.pdf', NULL, 1, '2022-08-31 06:42:37', '2022-08-31 06:42:37', NULL),
(222, '232', '2', 'Attachment.pdf', NULL, 1, '2022-08-31 06:45:48', '2022-08-31 06:45:48', NULL),
(223, '233', '2', 'Attachment.pdf', NULL, 1, '2022-08-31 07:07:39', '2022-08-31 07:07:39', NULL),
(224, '234', '2', 'Attachment.pdf', NULL, 1, '2022-08-31 07:30:27', '2022-08-31 07:30:27', NULL),
(225, '235', '2', 'Attachment.pdf', NULL, 1, '2022-08-31 07:34:16', '2022-08-31 07:34:16', NULL),
(226, '236', '2', 'Attachment.pdf', NULL, 1, '2022-08-31 07:41:20', '2022-08-31 07:41:20', NULL),
(227, '237', '2', 'Attachment.pdf', NULL, 1, '2022-08-31 07:43:49', '2022-08-31 07:43:49', NULL),
(228, '238', '2', 'Attachment.pdf', NULL, 1, '2022-08-31 07:45:58', '2022-08-31 07:45:58', NULL),
(229, '240', '2', 'Attachment.pdf', NULL, 1, '2022-08-31 07:50:07', '2022-08-31 07:50:07', NULL),
(230, '241', '2', 'Attachment.pdf', NULL, 1, '2022-08-31 07:51:50', '2022-08-31 07:51:50', NULL),
(231, '242', '2', 'Attachment.pdf', NULL, 1, '2022-08-31 08:49:14', '2022-08-31 08:49:14', NULL),
(232, '243', '2', 'Attachment.pdf', NULL, 1, '2022-08-31 08:52:13', '2022-08-31 08:52:13', NULL),
(233, '244', '2', 'Attachment.pdf', NULL, 1, '2022-08-31 09:04:47', '2022-08-31 09:04:47', NULL),
(234, '245', '2', 'Attachment.pdf', NULL, 1, '2022-08-31 09:08:26', '2022-08-31 09:08:26', NULL),
(235, '246', '2', 'Attachment.pdf', NULL, 1, '2022-08-31 09:09:48', '2022-08-31 09:09:48', NULL),
(236, '247', '2', 'Attachment.pdf', NULL, 1, '2022-08-31 09:13:00', '2022-08-31 09:13:00', NULL),
(237, '248', '2', 'Attachment.pdf', NULL, 1, '2022-08-31 09:34:10', '2022-08-31 09:34:10', NULL),
(238, '249', '2', 'Attachment.pdf', NULL, 1, '2022-08-31 09:36:00', '2022-08-31 09:36:00', NULL),
(239, '250', '2', 'Attachment.pdf', NULL, 1, '2022-08-31 09:39:04', '2022-08-31 09:39:04', NULL),
(240, '251', '2', 'Attachment.pdf', NULL, 1, '2022-08-31 09:42:17', '2022-08-31 09:42:17', NULL),
(241, '252', '2', 'Attachment.pdf', NULL, 1, '2022-08-31 09:43:02', '2022-08-31 09:43:02', NULL),
(242, '253', '2', 'Attachment.pdf', NULL, 1, '2022-08-31 09:44:17', '2022-08-31 09:44:17', NULL),
(243, '254', '2', 'Attachment.pdf', NULL, 1, '2022-08-31 09:46:29', '2022-08-31 09:46:29', NULL),
(244, '255', '2', 'Attachment.pdf', NULL, 1, '2022-08-31 09:47:11', '2022-08-31 09:47:11', NULL),
(245, '256', '2', 'Attachment.pdf', NULL, 1, '2022-08-31 09:48:59', '2022-08-31 09:48:59', NULL),
(246, '257', '2', 'Attachment.pdf', NULL, 1, '2022-08-31 09:49:41', '2022-08-31 09:49:41', NULL),
(247, '258', '2', 'Attachment.pdf', NULL, 1, '2022-08-31 09:50:32', '2022-08-31 09:50:32', NULL),
(248, '259', '2', 'Attachment.pdf', NULL, 1, '2022-08-31 09:50:51', '2022-08-31 09:50:51', NULL),
(249, '260', '2', 'Attachment.pdf', NULL, 1, '2022-08-31 09:52:22', '2022-08-31 09:52:22', NULL),
(250, '261', '2', 'Attachment.pdf', NULL, 1, '2022-08-31 10:06:36', '2022-08-31 10:06:36', NULL),
(251, '262', '2', 'Attachment.pdf', NULL, 1, '2022-08-31 10:08:33', '2022-08-31 10:08:33', NULL),
(252, '263', '2', 'Attachment.pdf', NULL, 1, '2022-08-31 10:11:38', '2022-08-31 10:11:38', NULL),
(253, '264', '2', 'Attachment.pdf', NULL, 1, '2022-08-31 10:16:48', '2022-08-31 10:16:48', NULL),
(254, '265', '2', 'Attachment.pdf', NULL, 1, '2022-08-31 10:18:18', '2022-08-31 10:18:18', NULL),
(255, '266', '2', 'Attachment.pdf', NULL, 1, '2022-08-31 10:20:06', '2022-08-31 10:20:06', NULL),
(256, '267', '2', 'Attachment.pdf', NULL, 1, '2022-08-31 10:22:23', '2022-08-31 10:22:23', NULL),
(257, '268', '2', 'Attachment.pdf', NULL, 1, '2022-08-31 10:28:16', '2022-08-31 10:28:16', NULL),
(258, '269', '2', 'Attachment.pdf', NULL, 1, '2022-08-31 10:35:07', '2022-08-31 10:35:07', NULL),
(259, '270', '2', 'Attachment.pdf', NULL, 1, '2022-08-31 10:35:23', '2022-08-31 10:35:23', NULL),
(260, '271', '2', 'Attachment.pdf', NULL, 1, '2022-08-31 10:37:12', '2022-08-31 10:37:12', NULL),
(261, '272', '2', 'Attachment.pdf', NULL, 1, '2022-08-31 10:38:57', '2022-08-31 10:38:57', NULL),
(262, '273', '2', 'Attachment.pdf', NULL, 1, '2022-09-01 04:21:21', '2022-09-01 04:21:21', NULL),
(263, '274', '2', 'Attachment.pdf', NULL, 1, '2022-09-01 04:27:21', '2022-09-01 04:27:21', NULL),
(264, '239', '2', 'Attachment.pdf', NULL, 1, '2022-08-31 09:39:04', '2022-08-31 09:39:04', NULL),
(265, '275', '2', 'Attachment.pdf', NULL, 1, '2022-09-01 04:45:45', '2022-09-01 04:45:45', NULL),
(266, '276', '2', 'Attachment.pdf', NULL, 1, '2022-09-01 05:06:55', '2022-09-01 05:06:55', NULL),
(267, '277', '2', 'Attachment.pdf', NULL, 1, '2022-09-01 05:15:03', '2022-09-01 05:15:03', NULL),
(268, '278', '2', 'Attachment.pdf', NULL, 1, '2022-09-01 05:16:16', '2022-09-01 05:16:16', NULL),
(269, '279', '2', 'Attachment.pdf', NULL, 1, '2022-09-01 05:48:35', '2022-09-01 05:48:35', NULL),
(270, '280', '2', 'Attachment.pdf', NULL, 1, '2022-09-01 06:14:18', '2022-09-01 06:14:18', NULL),
(271, '281', '2', 'Attachment.pdf', NULL, 1, '2022-09-01 06:27:02', '2022-09-01 06:27:02', NULL),
(272, '282', '2', 'Attachment.pdf', NULL, 1, '2022-09-01 06:27:35', '2022-09-01 06:27:35', NULL),
(273, '283', '2', 'Attachment.pdf', NULL, 1, '2022-09-01 07:25:46', '2022-09-01 07:25:46', NULL),
(274, '284', '2', 'Attachment.pdf', NULL, 1, '2022-09-01 08:48:09', '2022-09-01 08:48:09', NULL),
(275, '285', '2', 'Attachment.pdf', NULL, 1, '2022-09-01 08:50:41', '2022-09-01 08:50:41', NULL),
(276, '286', '2', 'Attachment.pdf', NULL, 1, '2022-09-01 08:56:39', '2022-09-01 08:56:39', NULL),
(277, '287', '2', 'Attachment.pdf', NULL, 1, '2022-09-01 09:48:25', '2022-09-01 09:48:25', NULL),
(278, '288', '2', 'Attachment.pdf', NULL, 1, '2022-09-01 09:49:54', '2022-09-01 09:49:54', NULL),
(279, '289', '2', 'Attachment.pdf', NULL, 1, '2022-09-01 09:54:31', '2022-09-01 09:54:31', NULL),
(280, '290', '2', 'Attachment.pdf', NULL, 1, '2022-09-01 09:57:57', '2022-09-01 09:57:57', NULL),
(281, '291', '2', 'Attachment.pdf', NULL, 1, '2022-09-01 10:00:15', '2022-09-01 10:00:15', NULL),
(282, '292', '2', 'Attachment.pdf', NULL, 1, '2022-09-01 10:00:55', '2022-09-01 10:00:55', NULL),
(283, '293', '2', 'Attachment.pdf', NULL, 1, '2022-09-01 10:04:26', '2022-09-01 10:04:26', NULL),
(284, '294', '2', 'Attachment.pdf', NULL, 1, '2022-09-01 10:07:34', '2022-09-01 10:07:34', NULL),
(285, '295', '2', 'Attachment.pdf', NULL, 1, '2022-09-01 10:11:39', '2022-09-01 10:11:39', NULL),
(286, '296', '2', 'Attachment.pdf', NULL, 1, '2022-09-01 10:18:08', '2022-09-01 10:18:08', NULL),
(287, '297', '2', 'Attachment.pdf', NULL, 1, '2022-09-01 10:21:51', '2022-09-01 10:21:51', NULL),
(288, '298', '2', 'Attachment.pdf', NULL, 1, '2022-09-01 10:46:09', '2022-09-01 10:46:09', NULL),
(289, '299', '2', 'Attachment.pdf', NULL, 1, '2022-09-01 10:59:03', '2022-09-01 10:59:03', NULL),
(290, '300', '2', 'Attachment.pdf', NULL, 1, '2022-09-01 12:06:13', '2022-09-01 12:06:13', NULL),
(291, '301', '2', 'Attachment.pdf', NULL, 1, '2022-09-04 04:22:21', '2022-09-04 04:22:21', NULL),
(292, '217', '2', 'Attachment.pdf', NULL, 1, '2022-09-04 05:14:12', '2022-09-04 05:14:12', NULL),
(293, '302', '2', 'Attachment.pdf', NULL, 1, '2022-09-04 05:32:56', '2022-09-04 05:32:56', NULL),
(294, '303', '2', 'Attachment.pdf', NULL, 1, '2022-09-04 05:48:23', '2022-09-04 05:48:23', NULL),
(295, '304', '2', 'Attachment.pdf', NULL, 1, '2022-09-04 05:54:17', '2022-09-04 05:54:17', NULL),
(296, '305', '2', 'Attachment.pdf', NULL, 1, '2022-09-04 06:46:22', '2022-09-04 06:46:22', NULL),
(297, '306', '2', 'Attachment.pdf', NULL, 1, '2022-09-04 07:04:36', '2022-09-04 07:04:36', NULL),
(298, '307', '2', 'Attachment.pdf', NULL, 1, '2022-09-04 07:05:00', '2022-09-04 07:05:00', NULL),
(299, '308', '2', 'Attachment.pdf', NULL, 1, '2022-09-04 07:20:07', '2022-09-04 07:20:07', NULL),
(300, '309', '2', 'Attachment.pdf', NULL, 1, '2022-09-04 07:24:41', '2022-09-04 07:24:41', NULL),
(301, '310', '2', 'Attachment.pdf', NULL, 1, '2022-09-04 07:36:16', '2022-09-04 07:36:16', NULL),
(302, '311', '2', 'Attachment.pdf', NULL, 1, '2022-09-04 07:49:31', '2022-09-04 07:49:31', NULL),
(303, '312', '2', 'Attachment.pdf', NULL, 1, '2022-09-04 07:58:05', '2022-09-04 07:58:05', NULL),
(304, '313', '2', 'Attachment.pdf', NULL, 1, '2022-09-04 08:28:02', '2022-09-04 08:28:02', NULL),
(305, '314', '2', 'Attachment.pdf', NULL, 1, '2022-09-04 08:36:42', '2022-09-04 08:36:42', NULL),
(306, '315', '2', 'Attachment.pdf', NULL, 1, '2022-09-04 10:13:20', '2022-09-04 10:13:20', NULL),
(307, '316', '2', 'Attachment.pdf', NULL, 1, '2022-09-04 10:57:03', '2022-09-04 10:57:03', NULL),
(308, '317', '2', 'Attachment.pdf', NULL, 1, '2022-09-04 11:00:02', '2022-09-04 11:00:02', NULL),
(309, '318', '2', 'Attachment.pdf', NULL, 1, '2022-09-04 11:03:02', '2022-09-04 11:03:02', NULL),
(310, '319', '2', 'Attachment.pdf', NULL, 1, '2022-09-04 11:05:56', '2022-09-04 11:05:56', NULL),
(311, '320', '2', 'Attachment.pdf', NULL, 1, '2022-09-05 03:41:59', '2022-09-05 03:41:59', NULL),
(312, '321', '2', 'Attachment.pdf', NULL, 1, '2022-09-05 04:11:05', '2022-09-05 04:11:05', NULL),
(313, '322', '2', 'Attachment.pdf', NULL, 1, '2022-09-05 04:58:11', '2022-09-05 04:58:11', NULL),
(314, '323', '2', 'Attachment.pdf', NULL, 1, '2022-09-05 05:01:03', '2022-09-05 05:01:03', NULL),
(315, '324', '2', 'Attachment.pdf', NULL, 1, '2022-09-05 07:17:07', '2022-09-05 07:17:07', NULL),
(316, '325', '2', 'Attachment.pdf', NULL, 1, '2022-09-05 07:20:10', '2022-09-05 07:20:10', NULL),
(317, '326', '2', 'Attachment.pdf', NULL, 1, '2022-09-05 07:23:49', '2022-09-05 07:23:49', NULL),
(318, '327', '2', 'Attachment.pdf', NULL, 1, '2022-09-05 07:26:20', '2022-09-05 07:26:20', NULL),
(319, '328', '2', 'Attachment.pdf', NULL, 1, '2022-09-05 07:34:23', '2022-09-05 07:34:23', NULL),
(320, '329', '2', 'Attachment.pdf', NULL, 1, '2022-09-05 08:03:17', '2022-09-05 08:03:17', NULL),
(321, '330', '2', 'Attachment.pdf', NULL, 1, '2022-09-05 08:08:32', '2022-09-05 08:08:32', NULL),
(322, '331', '2', 'Attachment.pdf', NULL, 1, '2022-09-05 09:11:17', '2022-09-05 09:11:17', NULL),
(323, '332', '2', 'Attachment.pdf', NULL, 1, '2022-09-05 10:14:04', '2022-09-05 10:14:04', NULL),
(324, '333', '2', 'Attachment.pdf', NULL, 1, '2022-09-05 10:41:09', '2022-09-05 10:41:09', NULL),
(325, '334', '2', 'Attachment.pdf', NULL, 1, '2022-09-05 11:21:52', '2022-09-05 11:21:52', NULL),
(326, '335', '2', 'Attachment.pdf', NULL, 1, '2022-09-05 13:00:53', '2022-09-05 13:00:53', NULL),
(327, '336', '2', 'Attachment.pdf', NULL, 1, '2022-09-05 13:26:37', '2022-09-05 13:26:37', NULL),
(328, '338', '2', 'Attachment.pdf', NULL, 1, '2022-09-05 13:41:48', '2022-09-05 13:41:48', NULL),
(329, '339', '2', 'Attachment.pdf', NULL, 1, '2022-09-06 04:33:32', '2022-09-06 04:33:32', NULL),
(330, '340', '2', 'Attachment.pdf', NULL, 1, '2022-09-06 05:20:40', '2022-09-06 05:20:40', NULL),
(331, '341', '2', 'Attachment.pdf', NULL, 1, '2022-09-06 05:21:22', '2022-09-06 05:21:22', NULL),
(332, '342', '2', 'Attachment.pdf', NULL, 1, '2022-09-06 05:32:27', '2022-09-06 05:32:27', NULL),
(333, '343', '2', 'Attachment.pdf', NULL, 1, '2022-09-06 05:43:31', '2022-09-06 05:43:31', NULL),
(334, '344', '2', 'Attachment.pdf', NULL, 1, '2022-09-06 05:45:17', '2022-09-06 05:45:17', NULL),
(335, '345', '2', 'Attachment.pdf', NULL, 1, '2022-09-06 05:49:24', '2022-09-06 05:49:24', NULL),
(336, '346', '2', 'Attachment.pdf', NULL, 1, '2022-09-06 06:29:57', '2022-09-06 06:29:57', NULL),
(337, '347', '2', 'Attachment.pdf', NULL, 1, '2022-09-06 06:41:19', '2022-09-06 06:41:19', NULL),
(338, '348', '2', 'Attachment.pdf', NULL, 1, '2022-09-06 06:44:59', '2022-09-06 06:44:59', NULL),
(339, '349', '2', 'Attachment.pdf', NULL, 1, '2022-09-06 06:46:44', '2022-09-06 06:46:44', NULL),
(340, '350', '2', 'Attachment.pdf', NULL, 1, '2022-09-06 07:07:15', '2022-09-06 07:07:15', NULL),
(341, '351', '2', 'Attachment.pdf', NULL, 1, '2022-09-06 07:36:36', '2022-09-06 07:36:36', NULL),
(342, '352', '2', 'Attachment.pdf', NULL, 1, '2022-09-06 07:55:16', '2022-09-06 07:55:16', NULL),
(343, '353', '2', 'Attachment.pdf', NULL, 1, '2022-09-06 08:09:11', '2022-09-06 08:09:11', NULL),
(344, '354', '2', 'Attachment.pdf', NULL, 1, '2022-09-06 08:45:11', '2022-09-06 08:45:11', NULL),
(345, '355', '2', 'Attachment.pdf', NULL, 1, '2022-09-06 08:48:31', '2022-09-06 08:48:31', NULL),
(346, '356', '2', 'Attachment.pdf', NULL, 1, '2022-09-06 08:51:24', '2022-09-06 08:51:24', NULL),
(347, '357', '2', 'Attachment.pdf', NULL, 1, '2022-09-06 09:19:10', '2022-09-06 09:19:10', NULL),
(348, '358', '2', 'Attachment.pdf', NULL, 1, '2022-09-06 09:24:59', '2022-09-06 09:24:59', NULL),
(349, '359', '2', 'Attachment.pdf', NULL, 1, '2022-09-06 09:27:38', '2022-09-06 09:27:38', NULL),
(350, '360', '2', 'Attachment.pdf', NULL, 1, '2022-09-06 09:28:35', '2022-09-06 09:28:35', NULL),
(351, '361', '2', 'Attachment.pdf', NULL, 1, '2022-09-06 09:33:49', '2022-09-06 09:33:49', NULL),
(352, '362', '2', 'Attachment.pdf', NULL, 1, '2022-09-06 09:49:09', '2022-09-06 09:49:09', NULL),
(353, '363', '2', 'Attachment.pdf', NULL, 1, '2022-09-06 10:02:26', '2022-09-06 10:02:26', NULL),
(354, '364', '2', 'Attachment.pdf', NULL, 1, '2022-09-06 10:08:01', '2022-09-06 10:08:01', NULL),
(355, '365', '2', 'Attachment.pdf', NULL, 1, '2022-09-06 10:11:57', '2022-09-06 10:11:57', NULL),
(356, '366', '2', 'Attachment.pdf', NULL, 1, '2022-09-06 11:08:44', '2022-09-06 11:08:44', NULL),
(357, '367', '2', 'Attachment.pdf', NULL, 1, '2022-09-07 03:05:16', '2022-09-07 03:05:16', NULL),
(358, '368', '2', 'Attachment.pdf', NULL, 1, '2022-09-07 04:08:33', '2022-09-07 04:08:33', NULL),
(359, '369', '2', 'Attachment.pdf', NULL, 1, '2022-09-07 04:33:57', '2022-09-07 04:33:57', NULL),
(360, '370', '2', 'Attachment.pdf', NULL, 1, '2022-09-07 04:49:00', '2022-09-07 04:49:00', NULL),
(361, '371', '2', 'Attachment.pdf', NULL, 1, '2022-09-07 04:51:49', '2022-09-07 04:51:49', NULL),
(362, '372', '2', 'Attachment.pdf', NULL, 1, '2022-09-07 04:52:25', '2022-09-07 04:52:25', NULL),
(363, '373', '2', 'Attachment.pdf', NULL, 1, '2022-09-07 04:52:57', '2022-09-07 04:52:57', NULL),
(364, '374', '2', 'Attachment.pdf', NULL, 1, '2022-09-07 05:04:20', '2022-09-07 05:04:20', NULL),
(365, '375', '2', 'Attachment.pdf', NULL, 1, '2022-09-07 05:06:26', '2022-09-07 05:06:26', NULL),
(366, '376', '2', 'Attachment.pdf', NULL, 1, '2022-09-07 05:07:18', '2022-09-07 05:07:18', NULL),
(367, '377', '2', 'Attachment.pdf', NULL, 1, '2022-09-07 05:08:02', '2022-09-07 05:08:02', NULL),
(368, '378', '2', 'Attachment.pdf', NULL, 1, '2022-09-07 05:10:50', '2022-09-07 05:10:50', NULL),
(369, '379', '2', 'Attachment.pdf', NULL, 1, '2022-09-07 05:13:27', '2022-09-07 05:13:27', NULL),
(370, '380', '2', 'Attachment.pdf', NULL, 1, '2022-09-07 05:13:35', '2022-09-07 05:13:35', NULL),
(371, '381', '2', 'Attachment.pdf', NULL, 1, '2022-09-07 07:04:34', '2022-09-07 07:04:34', NULL),
(372, '382', '2', 'Attachment.pdf', NULL, 1, '2022-09-07 07:06:14', '2022-09-07 07:06:14', NULL),
(373, '383', '2', 'Attachment.pdf', NULL, 1, '2022-09-07 07:07:51', '2022-09-07 07:07:51', NULL),
(374, '384', '2', 'Attachment.pdf', NULL, 1, '2022-09-07 07:35:52', '2022-09-07 07:35:52', NULL),
(375, '385', '2', 'Attachment.pdf', NULL, 1, '2022-09-07 08:42:27', '2022-09-07 08:42:27', NULL),
(376, '386', '2', 'Attachment.pdf', NULL, 1, '2022-09-07 08:54:05', '2022-09-07 08:54:05', NULL),
(377, '387', '2', 'Attachment.pdf', NULL, 1, '2022-09-07 09:15:03', '2022-09-07 09:15:03', NULL),
(378, '388', '2', 'Attachment.pdf', NULL, 1, '2022-09-07 09:35:02', '2022-09-07 09:35:02', NULL),
(379, '389', '2', 'Attachment.pdf', NULL, 1, '2022-09-07 09:42:01', '2022-09-07 09:42:01', NULL),
(380, '390', '2', 'Attachment.pdf', NULL, 1, '2022-09-07 09:46:25', '2022-09-07 09:46:25', NULL),
(381, '391', '2', 'Attachment.pdf', NULL, 1, '2022-09-07 09:48:04', '2022-09-07 09:48:04', NULL),
(382, '392', '2', 'Attachment.pdf', NULL, 1, '2022-09-07 10:00:05', '2022-09-07 10:00:05', NULL),
(383, '393', '2', 'Attachment.pdf', NULL, 1, '2022-09-07 10:14:00', '2022-09-07 10:14:00', NULL),
(384, '394', '2', 'Attachment.pdf', NULL, 1, '2022-09-07 10:24:14', '2022-09-07 10:24:14', NULL),
(385, '395', '2', 'Attachment.pdf', NULL, 1, '2022-09-07 10:40:37', '2022-09-07 10:40:37', NULL),
(386, '396', '2', 'Attachment.pdf', NULL, 1, '2022-09-07 10:45:37', '2022-09-07 10:45:37', NULL),
(387, '397', '2', 'Attachment.pdf', NULL, 1, '2022-09-07 11:02:13', '2022-09-07 11:02:13', NULL),
(388, '398', '2', 'Attachment.pdf', NULL, 1, '2022-09-07 11:09:53', '2022-09-07 11:09:53', NULL),
(389, '399', '2', 'Attachment.pdf', NULL, 1, '2022-09-07 11:12:11', '2022-09-07 11:12:11', NULL),
(390, '400', '2', 'Attachment.pdf', NULL, 1, '2022-09-07 11:14:43', '2022-09-07 11:14:43', NULL),
(391, '401', '2', 'Attachment.pdf', NULL, 1, '2022-09-07 11:17:15', '2022-09-07 11:17:15', NULL),
(392, '402', '2', 'Attachment.pdf', NULL, 1, '2022-09-08 04:40:09', '2022-09-08 04:40:09', NULL),
(393, '403', '2', 'Attachment.pdf', NULL, 1, '2022-09-08 04:55:55', '2022-09-08 04:55:55', NULL),
(394, '404', '2', 'Attachment.pdf', NULL, 1, '2022-09-08 06:43:00', '2022-09-08 06:43:00', NULL),
(395, '405', '2', 'Attachment.pdf', NULL, 1, '2022-09-08 06:56:50', '2022-09-08 06:56:50', NULL),
(396, '406', '2', 'Attachment.pdf', NULL, 1, '2022-09-08 06:58:55', '2022-09-08 06:58:55', NULL),
(397, '407', '2', 'Attachment.pdf', NULL, 1, '2022-09-08 07:01:04', '2022-09-08 07:01:04', NULL),
(398, '408', '2', 'Attachment.pdf', NULL, 1, '2022-09-08 07:04:23', '2022-09-08 07:04:23', NULL),
(399, '409', '2', 'Attachment.pdf', NULL, 1, '2022-09-08 09:09:38', '2022-09-08 09:09:38', NULL),
(400, '410', '2', 'Attachment.pdf', NULL, 1, '2022-09-08 09:31:42', '2022-09-08 09:31:42', NULL),
(401, '411', '2', 'Attachment.pdf', NULL, 1, '2022-09-08 09:36:26', '2022-09-08 09:36:26', NULL),
(402, '412', '2', 'Attachment.pdf', NULL, 1, '2022-09-08 09:37:38', '2022-09-08 09:37:38', NULL),
(403, '413', '2', 'Attachment.pdf', NULL, 1, '2022-09-08 09:44:18', '2022-09-08 09:44:18', NULL),
(404, '414', '2', 'Attachment.pdf', NULL, 1, '2022-09-08 09:46:18', '2022-09-08 09:46:18', NULL),
(405, '415', '2', 'Attachment.pdf', NULL, 1, '2022-09-08 09:50:28', '2022-09-08 09:50:28', NULL),
(406, '416', '2', 'Attachment.pdf', NULL, 1, '2022-09-08 09:50:40', '2022-09-08 09:50:40', NULL),
(407, '417', '2', 'Attachment.pdf', NULL, 1, '2022-09-08 09:52:24', '2022-09-08 09:52:24', NULL),
(408, '418', '2', 'Attachment.pdf', NULL, 1, '2022-09-08 09:52:30', '2022-09-08 09:52:30', NULL),
(409, '419', '2', 'Attachment.pdf', NULL, 1, '2022-09-08 09:57:27', '2022-09-08 09:57:27', NULL),
(410, '420', '2', 'Attachment.pdf', NULL, 1, '2022-09-08 09:59:00', '2022-09-08 09:59:00', NULL),
(411, '421', '2', 'Attachment.pdf', NULL, 1, '2022-09-08 10:00:35', '2022-09-08 10:00:35', NULL),
(412, '422', '2', 'Attachment.pdf', NULL, 1, '2022-09-08 10:01:39', '2022-09-08 10:01:39', NULL),
(413, '423', '2', 'Attachment.pdf', NULL, 1, '2022-09-08 10:02:39', '2022-09-08 10:02:39', NULL),
(414, '424', '2', 'Attachment.pdf', NULL, 1, '2022-09-08 10:04:22', '2022-09-08 10:04:22', NULL),
(415, '425', '2', 'Attachment.pdf', NULL, 1, '2022-09-08 10:05:12', '2022-09-08 10:05:12', NULL),
(416, '426', '2', 'Attachment.pdf', NULL, 1, '2022-09-08 10:07:03', '2022-09-08 10:07:03', NULL),
(417, '427', '2', 'Attachment.pdf', NULL, 1, '2022-09-08 10:08:00', '2022-09-08 10:08:00', NULL),
(418, '428', '2', 'Attachment.pdf', NULL, 1, '2022-09-08 10:08:50', '2022-09-08 10:08:50', NULL),
(419, '429', '2', 'Attachment.pdf', NULL, 1, '2022-09-08 10:10:18', '2022-09-08 10:10:18', NULL),
(420, '430', '2', 'Attachment.pdf', NULL, 1, '2022-09-08 10:12:21', '2022-09-08 10:12:21', NULL),
(421, '431', '2', 'Attachment.pdf', NULL, 1, '2022-09-08 10:13:50', '2022-09-08 10:13:50', NULL),
(422, '432', '2', 'Attachment.pdf', NULL, 1, '2022-09-08 10:14:50', '2022-09-08 10:14:50', NULL),
(423, '433', '2', 'Attachment.pdf', NULL, 1, '2022-09-08 10:15:28', '2022-09-08 10:15:28', NULL),
(424, '434', '2', 'Attachment.pdf', NULL, 1, '2022-09-08 10:16:24', '2022-09-08 10:16:24', NULL),
(425, '435', '2', 'Attachment.pdf', NULL, 1, '2022-09-08 10:18:48', '2022-09-08 10:18:48', NULL),
(426, '436', '2', 'Attachment.pdf', NULL, 1, '2022-09-08 10:21:50', '2022-09-08 10:21:50', NULL),
(427, '437', '2', 'Attachment.pdf', NULL, 1, '2022-09-08 10:23:17', '2022-09-08 10:23:17', NULL),
(428, '438', '2', 'Attachment.pdf', NULL, 1, '2022-09-08 10:26:51', '2022-09-08 10:26:51', NULL),
(429, '439', '2', 'Attachment.pdf', NULL, 1, '2022-09-08 11:13:28', '2022-09-08 11:13:28', NULL),
(430, '440', '2', 'Attachment.pdf', NULL, 1, '2022-09-08 11:15:03', '2022-09-08 11:15:03', NULL),
(431, '441', '2', 'Attachment.pdf', NULL, 1, '2022-09-08 11:16:26', '2022-09-08 11:16:26', NULL),
(432, '442', '2', 'Attachment.pdf', NULL, 1, '2022-09-11 03:32:58', '2022-09-11 03:32:58', NULL),
(433, '443', '2', 'Attachment.pdf', NULL, 1, '2022-09-11 03:52:47', '2022-09-11 03:52:47', NULL),
(434, '444', '2', 'Attachment.pdf', NULL, 1, '2022-09-11 03:55:44', '2022-09-11 03:55:44', NULL),
(435, '445', '2', 'Attachment.pdf', NULL, 1, '2022-09-11 03:59:57', '2022-09-11 03:59:57', NULL),
(436, '446', '2', 'Attachment.pdf', NULL, 1, '2022-09-11 04:48:11', '2022-09-11 04:48:11', NULL),
(437, '448', '2', 'Attachment.pdf', NULL, 1, '2022-09-11 05:21:09', '2022-09-11 05:21:09', NULL),
(438, '449', '2', 'Attachment.pdf', NULL, 1, '2022-09-11 05:43:33', '2022-09-11 05:43:33', NULL),
(439, '450', '2', 'Attachment.pdf', NULL, 1, '2022-09-11 06:17:05', '2022-09-11 06:17:05', NULL),
(440, '451', '2', 'Attachment.pdf', NULL, 1, '2022-09-11 06:23:53', '2022-09-11 06:23:53', NULL),
(441, '447', '2', 'Attachment.pdf', NULL, 1, '2022-09-11 06:29:14', '2022-09-11 06:29:14', NULL),
(442, '453', '2', 'Attachment.pdf', NULL, 1, '2022-09-11 06:45:20', '2022-09-11 06:45:20', NULL),
(443, '454', '2', 'Attachment.pdf', NULL, 1, '2022-09-11 07:26:57', '2022-09-11 07:26:57', NULL),
(444, '455', '2', 'Attachment.pdf', NULL, 1, '2022-09-11 07:37:51', '2022-09-11 07:37:51', NULL),
(445, '456', '2', 'Attachment.pdf', NULL, 1, '2022-09-11 07:50:01', '2022-09-11 07:50:01', NULL),
(446, '452', '2', 'Attachment.pdf', NULL, 1, '2022-09-11 08:03:39', '2022-09-11 08:03:39', NULL),
(447, '457', '2', 'Attachment.pdf', NULL, 1, '2022-09-11 08:08:24', '2022-09-11 08:08:24', NULL),
(448, '458', '2', 'Attachment.pdf', NULL, 1, '2022-09-11 08:13:06', '2022-09-11 08:13:06', NULL),
(449, '459', '2', 'Attachment.pdf', NULL, 1, '2022-09-11 08:21:20', '2022-09-11 08:21:20', NULL),
(450, '460', '2', 'Attachment.pdf', NULL, 1, '2022-09-11 08:54:20', '2022-09-11 08:54:20', NULL),
(451, '461', '2', 'Attachment.pdf', NULL, 1, '2022-09-11 08:56:47', '2022-09-11 08:56:47', NULL),
(452, '462', '2', 'Attachment.pdf', NULL, 1, '2022-09-11 09:17:18', '2022-09-11 09:17:18', NULL),
(453, '463', '2', 'Attachment.pdf', NULL, 1, '2022-09-11 09:27:38', '2022-09-11 09:27:38', NULL),
(454, '464', '2', 'Attachment.pdf', NULL, 1, '2022-09-11 09:28:37', '2022-09-11 09:28:37', NULL),
(455, '465', '2', 'Attachment.pdf', NULL, 1, '2022-09-11 09:42:22', '2022-09-11 09:42:22', NULL),
(456, '466', '2', 'Attachment.pdf', NULL, 1, '2022-09-11 09:43:44', '2022-09-11 09:43:44', NULL),
(457, '467', '2', 'Attachment.pdf', NULL, 1, '2022-09-11 09:58:06', '2022-09-11 09:58:06', NULL),
(458, '468', '2', 'Attachment.pdf', NULL, 1, '2022-09-11 10:00:32', '2022-09-11 10:00:32', NULL),
(459, '469', '2', 'Attachment.pdf', NULL, 1, '2022-09-11 10:03:01', '2022-09-11 10:03:01', NULL),
(460, '470', '2', 'Attachment.pdf', NULL, 1, '2022-09-11 10:05:56', '2022-09-11 10:05:56', NULL),
(461, '471', '2', 'Attachment.pdf', NULL, 1, '2022-09-11 10:28:47', '2022-09-11 10:28:47', NULL),
(462, '472', '2', 'Attachment.pdf', NULL, 1, '2022-09-11 10:44:49', '2022-09-11 10:44:49', NULL),
(463, '473', '2', 'Attachment.pdf', NULL, 1, '2022-09-11 10:53:06', '2022-09-11 10:53:06', NULL),
(464, '475', '2', 'Attachment.pdf', NULL, 1, '2022-09-11 11:00:15', '2022-09-11 11:00:15', NULL),
(465, '476', '2', 'Attachment.pdf', NULL, 1, '2022-09-11 11:01:57', '2022-09-11 11:01:57', NULL),
(466, '477', '2', 'Attachment.pdf', NULL, 1, '2022-09-11 11:36:05', '2022-09-11 11:36:05', NULL),
(467, '479', '2', 'Attachment.pdf', NULL, 1, '2022-09-12 03:54:48', '2022-09-12 03:54:48', NULL),
(468, '478', '2', 'Attachment.pdf', NULL, 1, '2022-09-12 03:54:55', '2022-09-12 03:54:55', NULL),
(469, '480', '2', 'Attachment.pdf', NULL, 1, '2022-09-12 03:56:42', '2022-09-12 03:56:42', NULL),
(470, '481', '2', 'Attachment.pdf', NULL, 1, '2022-09-12 04:32:16', '2022-09-12 04:32:16', NULL),
(471, '482', '2', 'Attachment.pdf', NULL, 1, '2022-09-12 05:06:00', '2022-09-12 05:06:00', NULL),
(472, '483', '2', 'Attachment.pdf', NULL, 1, '2022-09-12 05:09:23', '2022-09-12 05:09:23', NULL),
(473, '484', '2', 'Attachment.pdf', NULL, 1, '2022-09-12 05:19:08', '2022-09-12 05:19:08', NULL),
(474, '485', '2', 'Attachment.pdf', NULL, 1, '2022-09-12 05:30:55', '2022-09-12 05:30:55', NULL),
(475, '486', '2', 'Attachment.pdf', NULL, 1, '2022-09-12 06:15:26', '2022-09-12 06:15:26', NULL),
(476, '487', '2', 'Attachment.pdf', NULL, 1, '2022-09-12 07:17:19', '2022-09-12 07:17:19', NULL),
(477, '488', '2', 'Attachment.pdf', NULL, 1, '2022-09-12 07:25:22', '2022-09-12 07:25:22', NULL),
(478, '489', '2', 'Attachment.pdf', NULL, 1, '2022-09-12 07:27:35', '2022-09-12 07:27:35', NULL),
(479, '490', '2', 'Attachment.pdf', NULL, 1, '2022-09-12 07:29:06', '2022-09-12 07:29:06', NULL),
(480, '491', '2', 'Attachment.pdf', NULL, 1, '2022-09-12 07:43:06', '2022-09-12 07:43:06', NULL),
(481, '492', '2', 'Attachment.pdf', NULL, 1, '2022-09-12 08:17:38', '2022-09-12 08:17:38', NULL),
(482, '493', '2', 'Attachment.pdf', NULL, 1, '2022-09-12 08:36:44', '2022-09-12 08:36:44', NULL),
(483, '494', '2', 'Attachment.pdf', NULL, 1, '2022-09-12 08:48:27', '2022-09-12 08:48:27', NULL),
(484, '495', '2', 'Attachment.pdf', NULL, 1, '2022-09-12 09:03:39', '2022-09-12 09:03:39', NULL),
(485, '496', '2', 'Attachment.pdf', NULL, 1, '2022-09-12 09:15:01', '2022-09-12 09:15:01', NULL),
(486, '497', '2', 'Attachment.pdf', NULL, 1, '2022-09-12 09:17:05', '2022-09-12 09:17:05', NULL),
(487, '498', '2', 'Attachment.pdf', NULL, 1, '2022-09-12 09:17:49', '2022-09-12 09:17:49', NULL),
(488, '499', '2', 'Attachment.pdf', NULL, 1, '2022-09-12 09:18:53', '2022-09-12 09:18:53', NULL),
(489, '500', '2', 'Attachment.pdf', NULL, 1, '2022-09-12 09:20:18', '2022-09-12 09:20:18', NULL),
(490, '501', '2', 'Attachment.pdf', NULL, 1, '2022-09-12 09:23:28', '2022-09-12 09:23:28', NULL),
(491, '502', '2', 'Attachment.pdf', NULL, 1, '2022-09-12 09:26:31', '2022-09-12 09:26:31', NULL),
(492, '503', '2', 'Attachment.pdf', NULL, 1, '2022-09-12 09:30:01', '2022-09-12 09:30:01', NULL),
(493, '504', '2', 'Attachment.pdf', NULL, 1, '2022-09-12 09:34:41', '2022-09-12 09:34:41', NULL),
(494, '505', '2', 'Attachment.pdf', NULL, 1, '2022-09-12 09:35:29', '2022-09-12 09:35:29', NULL),
(495, '506', '2', 'Attachment.pdf', NULL, 1, '2022-09-12 09:38:29', '2022-09-12 09:38:29', NULL),
(496, '507', '2', 'Attachment.pdf', NULL, 1, '2022-09-12 09:58:38', '2022-09-12 09:58:38', NULL),
(497, '508', '2', 'Attachment.pdf', NULL, 1, '2022-09-12 10:32:23', '2022-09-12 10:32:23', NULL),
(498, '509', '2', 'Attachment.pdf', NULL, 1, '2022-09-12 10:36:26', '2022-09-12 10:36:26', NULL),
(499, '510', '2', 'Attachment.pdf', NULL, 1, '2022-09-12 10:36:54', '2022-09-12 10:36:54', NULL),
(500, '511', '2', 'Attachment.pdf', NULL, 1, '2022-09-12 10:39:52', '2022-09-12 10:39:52', NULL),
(501, '512', '2', 'Attachment.pdf', NULL, 1, '2022-09-12 10:42:35', '2022-09-12 10:42:35', NULL),
(502, '513', '2', 'Attachment.pdf', NULL, 1, '2022-09-12 10:44:31', '2022-09-12 10:44:31', NULL),
(503, '514', '2', 'Attachment.pdf', NULL, 1, '2022-09-12 10:51:06', '2022-09-12 10:51:06', NULL),
(504, '515', '2', 'Attachment.pdf', NULL, 1, '2022-09-12 10:54:49', '2022-09-12 10:54:49', NULL),
(505, '516', '2', 'Attachment.pdf', NULL, 1, '2022-09-13 03:31:39', '2022-09-13 03:31:39', NULL),
(506, '517', '2', 'Attachment.pdf', NULL, 1, '2022-09-13 03:33:31', '2022-09-13 03:33:31', NULL),
(507, '518', '2', 'Attachment.pdf', NULL, 1, '2022-09-13 03:35:01', '2022-09-13 03:35:01', NULL),
(508, '519', '2', 'Attachment.pdf', NULL, 1, '2022-09-13 03:36:02', '2022-09-13 03:36:02', NULL),
(509, '520', '2', 'Attachment.pdf', NULL, 1, '2022-09-13 03:36:57', '2022-09-13 03:36:57', NULL),
(510, '521', '2', 'Attachment.pdf', NULL, 1, '2022-09-13 04:17:51', '2022-09-13 04:17:51', NULL),
(511, '522', '2', 'Attachment.pdf', NULL, 1, '2022-09-13 04:19:56', '2022-09-13 04:19:56', NULL),
(512, '523', '2', 'Attachment.pdf', NULL, 1, '2022-09-13 04:31:55', '2022-09-13 04:31:55', NULL),
(513, '524', '2', 'Attachment.pdf', NULL, 1, '2022-09-13 04:35:09', '2022-09-13 04:35:09', NULL),
(514, '525', '2', 'Attachment.pdf', NULL, 1, '2022-09-13 04:41:46', '2022-09-13 04:41:46', NULL),
(515, '526', '2', 'Attachment.pdf', NULL, 1, '2022-09-13 04:46:37', '2022-09-13 04:46:37', NULL),
(516, '527', '2', 'Attachment.pdf', NULL, 1, '2022-09-13 04:51:20', '2022-09-13 04:51:20', NULL),
(517, '528', '2', 'Attachment.pdf', NULL, 1, '2022-09-13 05:09:53', '2022-09-13 05:09:53', NULL),
(518, '529', '2', 'Attachment.pdf', NULL, 1, '2022-09-13 05:15:28', '2022-09-13 05:15:28', NULL),
(519, '530', '2', 'Attachment.pdf', NULL, 1, '2022-09-13 05:15:57', '2022-09-13 05:15:57', NULL),
(520, '531', '2', 'Attachment.pdf', NULL, 1, '2022-09-13 05:26:08', '2022-09-13 05:26:08', NULL),
(521, '532', '2', 'Attachment.pdf', NULL, 1, '2022-09-13 05:27:42', '2022-09-13 05:27:42', NULL),
(522, '533', '2', 'Attachment.pdf', NULL, 1, '2022-09-13 05:35:38', '2022-09-13 05:35:38', NULL),
(523, '534', '2', 'Attachment.pdf', NULL, 1, '2022-09-13 05:41:01', '2022-09-13 05:41:01', NULL),
(524, '535', '2', 'Attachment.pdf', NULL, 1, '2022-09-13 05:46:03', '2022-09-13 05:46:03', NULL),
(525, '536', '2', 'Attachment.pdf', NULL, 1, '2022-09-13 05:49:44', '2022-09-13 05:49:44', NULL),
(526, '537', '2', 'Attachment.pdf', NULL, 1, '2022-09-13 06:18:17', '2022-09-13 06:18:17', NULL),
(527, '538', '2', 'Attachment.pdf', NULL, 1, '2022-09-13 06:20:27', '2022-09-13 06:20:27', NULL),
(528, '539', '2', 'Attachment.pdf', NULL, 1, '2022-09-13 06:29:45', '2022-09-13 06:29:45', NULL),
(529, '540', '2', 'Attachment.pdf', NULL, 1, '2022-09-13 06:33:04', '2022-09-13 06:33:04', NULL),
(530, '541', '2', 'Attachment.pdf', NULL, 1, '2022-09-13 06:36:11', '2022-09-13 06:36:11', NULL),
(531, '542', '2', 'Attachment.pdf', NULL, 1, '2022-09-13 06:39:05', '2022-09-13 06:39:05', NULL),
(532, '543', '2', 'Attachment.pdf', NULL, 1, '2022-09-13 06:48:13', '2022-09-13 06:48:13', NULL),
(533, '544', '2', 'Attachment.pdf', NULL, 1, '2022-09-13 07:11:17', '2022-09-13 07:11:17', NULL),
(534, '545', '2', 'Attachment.pdf', NULL, 1, '2022-09-13 08:31:57', '2022-09-13 08:31:57', NULL),
(535, '546', '2', 'Attachment.pdf', NULL, 1, '2022-09-13 09:14:59', '2022-09-13 09:14:59', NULL),
(536, '547', '2', 'Attachment.pdf', NULL, 1, '2022-09-13 09:25:47', '2022-09-13 09:25:47', NULL),
(537, '548', '2', 'Attachment.pdf', NULL, 1, '2022-09-13 09:48:08', '2022-09-13 09:48:08', NULL),
(538, '549', '2', 'Attachment.pdf', NULL, 1, '2022-09-13 09:52:25', '2022-09-13 09:52:25', NULL),
(539, '550', '2', 'Attachment.pdf', NULL, 1, '2022-09-13 09:53:01', '2022-09-13 09:53:01', NULL),
(540, '551', '2', 'Attachment.pdf', NULL, 1, '2022-09-13 09:59:49', '2022-09-13 09:59:49', NULL),
(541, '552', '2', 'Attachment.pdf', NULL, 1, '2022-09-13 10:07:24', '2022-09-13 10:07:24', NULL),
(542, '553', '2', 'Attachment.pdf', NULL, 1, '2022-09-13 10:39:02', '2022-09-13 10:39:02', NULL),
(543, '554', '2', 'Attachment.pdf', NULL, 1, '2022-09-13 10:40:48', '2022-09-13 10:40:48', NULL),
(544, '555', '2', 'Attachment.pdf', NULL, 1, '2022-09-13 10:43:07', '2022-09-13 10:43:07', NULL);
INSERT INTO `caos_file_details` (`id`, `caos_file_id`, `document_type_id`, `attachment`, `remarks`, `status`, `created_at`, `updated_at`, `deleted_at`) VALUES
(545, '556', '2', 'Attachment.pdf', NULL, 1, '2022-09-13 10:45:43', '2022-09-13 10:45:43', NULL),
(546, '557', '2', 'Attachment.pdf', NULL, 1, '2022-09-13 10:46:42', '2022-09-13 10:46:42', NULL),
(547, '558', '2', 'Attachment.pdf', NULL, 1, '2022-09-13 10:50:41', '2022-09-13 10:50:41', NULL),
(548, '559', '2', 'Attachment.pdf', NULL, 1, '2022-09-13 11:10:01', '2022-09-13 11:10:01', NULL),
(549, '560', '2', 'Attachment.pdf', NULL, 1, '2022-09-14 04:33:05', '2022-09-14 04:33:05', NULL),
(550, '561', '2', 'Attachment.pdf', NULL, 1, '2022-09-14 04:43:19', '2022-09-14 04:43:19', NULL),
(551, '562', '2', 'Attachment.pdf', NULL, 1, '2022-09-14 04:47:03', '2022-09-14 04:47:03', NULL),
(552, '563', '2', 'Attachment.pdf', NULL, 1, '2022-09-14 05:05:40', '2022-09-14 05:05:40', NULL),
(553, '564', '2', 'Attachment.pdf', NULL, 1, '2022-09-14 05:09:33', '2022-09-14 05:09:33', NULL),
(554, '565', '2', 'Attachment.pdf', NULL, 1, '2022-09-14 05:18:12', '2022-09-14 05:18:12', NULL),
(555, '566', '2', 'Attachment.pdf', NULL, 1, '2022-09-14 05:25:40', '2022-09-14 05:25:40', NULL),
(556, '567', '2', 'Attachment.pdf', NULL, 1, '2022-09-14 05:26:10', '2022-09-14 05:26:10', NULL),
(557, '568', '2', 'Attachment.pdf', NULL, 1, '2022-09-14 05:28:45', '2022-09-14 05:28:45', NULL),
(558, '569', '2', 'Attachment.pdf', NULL, 1, '2022-09-14 05:38:06', '2022-09-14 05:38:06', NULL),
(559, '570', '2', 'Attachment.pdf', NULL, 1, '2022-09-14 05:41:26', '2022-09-14 05:41:26', NULL),
(560, '571', '2', 'Attachment.pdf', NULL, 1, '2022-09-14 05:47:29', '2022-09-14 05:47:29', NULL),
(561, '572', '2', 'Attachment.pdf', NULL, 1, '2022-09-14 05:49:01', '2022-09-14 05:49:01', NULL),
(562, '573', '2', 'Attachment.pdf', NULL, 1, '2022-09-14 06:20:34', '2022-09-14 06:20:34', NULL),
(563, '574', '2', 'Attachment.pdf', NULL, 1, '2022-09-14 06:57:29', '2022-09-14 06:57:29', NULL),
(564, '575', '2', 'Attachment.pdf', NULL, 1, '2022-09-14 07:00:27', '2022-09-14 07:00:27', NULL),
(565, '576', '2', 'Attachment.pdf', NULL, 1, '2022-09-14 07:00:41', '2022-09-14 07:00:41', NULL),
(566, '577', '2', 'Attachment.pdf', NULL, 1, '2022-09-14 07:02:20', '2022-09-14 07:02:20', NULL),
(567, '578', '2', 'Attachment.pdf', NULL, 1, '2022-09-14 07:04:19', '2022-09-14 07:04:19', NULL),
(568, '579', '2', 'Attachment.pdf', NULL, 1, '2022-09-14 07:04:43', '2022-09-14 07:04:43', NULL),
(569, '580', '2', 'Attachment.pdf', NULL, 1, '2022-09-14 07:06:17', '2022-09-14 07:06:17', NULL),
(570, '581', '2', 'Attachment.pdf', NULL, 1, '2022-09-14 07:08:38', '2022-09-14 07:08:38', NULL),
(571, '582', '2', 'Attachment.pdf', NULL, 1, '2022-09-14 07:09:29', '2022-09-14 07:09:29', NULL),
(572, '583', '2', 'Attachment.pdf', NULL, 1, '2022-09-14 07:13:03', '2022-09-14 07:13:03', NULL),
(573, '584', '2', 'Attachment.pdf', NULL, 1, '2022-09-14 07:15:15', '2022-09-14 07:15:15', NULL),
(574, '585', '2', 'Attachment.pdf', NULL, 1, '2022-09-14 07:16:56', '2022-09-14 07:16:56', NULL),
(575, '586', '2', 'Attachment.pdf', NULL, 1, '2022-09-14 07:17:57', '2022-09-14 07:17:57', NULL),
(576, '587', '2', 'Attachment.pdf', NULL, 1, '2022-09-14 07:21:57', '2022-09-14 07:21:57', NULL),
(577, '588', '2', 'Attachment.pdf', NULL, 1, '2022-09-14 07:24:30', '2022-09-14 07:24:30', NULL),
(578, '589', '2', 'Attachment.pdf', NULL, 1, '2022-09-14 07:26:13', '2022-09-14 07:26:13', NULL),
(579, '590', '2', 'Attachment.pdf', NULL, 1, '2022-09-14 07:35:12', '2022-09-14 07:35:12', NULL),
(580, '591', '2', 'Attachment.pdf', NULL, 1, '2022-09-14 08:13:57', '2022-09-14 08:13:57', NULL),
(581, '592', '2', 'Attachment.pdf', NULL, 1, '2022-09-14 08:17:44', '2022-09-14 08:17:44', NULL),
(582, '593', '2', 'Attachment.pdf', NULL, 1, '2022-09-14 08:21:03', '2022-09-14 08:21:03', NULL),
(583, '594', '2', 'Attachment.pdf', NULL, 1, '2022-09-14 09:06:13', '2022-09-14 09:06:13', NULL),
(584, '595', '2', 'Attachment.pdf', NULL, 1, '2022-09-14 09:14:37', '2022-09-14 09:14:37', NULL),
(585, '596', '2', 'Attachment.pdf', NULL, 1, '2022-09-14 09:19:31', '2022-09-14 09:19:31', NULL),
(586, '597', '2', 'Attachment.pdf', NULL, 1, '2022-09-14 09:41:46', '2022-09-14 09:41:46', NULL),
(587, '598', '2', 'Attachment.pdf', NULL, 1, '2022-09-14 09:45:56', '2022-09-14 09:45:56', NULL),
(588, '599', '2', 'Attachment.pdf', NULL, 1, '2022-09-14 09:53:32', '2022-09-14 09:53:32', NULL),
(589, '600', '2', 'Attachment.pdf', NULL, 1, '2022-09-14 10:10:59', '2022-09-14 10:10:59', NULL),
(590, '601', '2', 'Attachment.pdf', NULL, 1, '2022-09-14 10:14:57', '2022-09-14 10:14:57', NULL),
(591, '602', '2', 'Attachment.pdf', NULL, 1, '2022-09-14 10:34:14', '2022-09-14 10:34:14', NULL),
(592, '603', '2', 'Attachment.pdf', NULL, 1, '2022-09-14 10:36:22', '2022-09-14 10:36:22', NULL),
(593, '604', '2', 'Attachment.pdf', NULL, 1, '2022-09-14 10:43:18', '2022-09-14 10:43:18', NULL),
(594, '605', '2', 'Attachment.pdf', NULL, 1, '2022-09-14 10:45:47', '2022-09-14 10:45:47', NULL),
(595, '606', '2', 'Attachment.pdf', NULL, 1, '2022-09-14 10:48:25', '2022-09-14 10:48:25', NULL),
(596, '607', '2', 'Attachment.pdf', NULL, 1, '2022-09-14 10:50:12', '2022-09-14 10:50:12', NULL),
(597, '608', '2', 'Attachment.pdf', NULL, 1, '2022-09-14 11:04:06', '2022-09-14 11:04:06', NULL),
(598, '609', '2', 'Attachment.pdf', NULL, 1, '2022-09-14 11:07:54', '2022-09-14 11:07:54', NULL),
(599, '337', '2', 'Attachment.pdf', NULL, 1, '2022-09-14 11:29:35', '2022-09-14 11:29:35', NULL),
(600, '610', '2', 'Attachment.pdf', NULL, 1, '2022-09-15 03:35:56', '2022-09-15 03:35:56', NULL),
(601, '611', '2', 'Attachment.pdf', NULL, 1, '2022-09-15 03:43:17', '2022-09-15 03:43:17', NULL),
(602, '612', '2', 'Attachment.pdf', NULL, 1, '2022-09-15 04:19:23', '2022-09-15 04:19:23', NULL),
(603, '613', '2', 'Attachment.pdf', NULL, 1, '2022-09-15 04:31:38', '2022-09-15 04:31:38', NULL),
(604, '614', '2', 'Attachment.pdf', NULL, 1, '2022-09-15 04:34:53', '2022-09-15 04:34:53', NULL),
(605, '615', '2', 'Attachment.pdf', NULL, 1, '2022-09-15 04:55:00', '2022-09-15 04:55:00', NULL),
(606, '616', '2', 'Attachment.pdf', NULL, 1, '2022-09-15 04:57:42', '2022-09-15 04:57:42', NULL),
(607, '617', '2', 'Attachment.pdf', NULL, 1, '2022-09-15 05:10:10', '2022-09-15 05:10:10', NULL),
(608, '618', '2', 'Attachment.pdf', NULL, 1, '2022-09-15 05:13:52', '2022-09-15 05:13:52', NULL),
(609, '619', '2', 'Attachment.pdf', NULL, 1, '2022-09-15 05:40:46', '2022-09-15 05:40:46', NULL),
(610, '620', '2', 'Attachment.pdf', NULL, 1, '2022-09-15 06:19:50', '2022-09-15 06:19:50', NULL),
(611, '621', '2', 'Attachment.pdf', NULL, 1, '2022-09-15 06:31:44', '2022-09-15 06:31:44', NULL),
(612, '622', '2', 'Attachment.pdf', NULL, 1, '2022-09-15 06:51:32', '2022-09-15 06:51:32', NULL),
(613, '624', '2', 'Attachment.pdf', NULL, 1, '2022-09-15 06:53:29', '2022-09-15 06:53:29', NULL),
(614, '625', '2', 'Attachment.pdf', NULL, 1, '2022-09-15 07:14:56', '2022-09-15 07:14:56', NULL),
(615, '623', '2', 'Attachment.pdf', NULL, 1, '2022-09-15 07:50:09', '2022-09-15 07:50:09', NULL),
(616, '626', '2', 'Attachment.pdf', NULL, 1, '2022-09-15 08:40:01', '2022-09-15 08:40:01', NULL),
(617, '627', '2', 'Attachment.pdf', NULL, 1, '2022-09-15 08:56:46', '2022-09-15 08:56:46', NULL),
(618, '628', '2', 'Attachment.pdf', NULL, 1, '2022-09-15 09:01:06', '2022-09-15 09:01:06', NULL),
(619, '629', '2', 'Attachment.pdf', NULL, 1, '2022-09-15 09:03:56', '2022-09-15 09:03:56', NULL),
(620, '630', '2', 'Attachment.pdf', NULL, 1, '2022-09-15 09:47:39', '2022-09-15 09:47:39', NULL),
(621, '631', '2', 'Attachment.pdf', NULL, 1, '2022-09-15 09:55:44', '2022-09-15 09:55:44', NULL),
(622, '632', '2', 'Attachment.pdf', NULL, 1, '2022-09-15 10:01:50', '2022-09-15 10:01:50', NULL),
(623, '633', '2', 'Attachment.pdf', NULL, 1, '2022-09-15 10:05:42', '2022-09-15 10:05:42', NULL),
(624, '634', '2', 'Attachment.pdf', NULL, 1, '2022-09-15 10:13:10', '2022-09-15 10:13:10', NULL),
(625, '635', '2', 'Attachment.pdf', NULL, 1, '2022-09-15 10:48:19', '2022-09-15 10:48:19', NULL),
(626, '636', '2', 'Attachment.pdf', NULL, 1, '2022-09-15 10:52:39', '2022-09-15 10:52:39', NULL),
(627, '637', '2', 'Attachment.pdf', NULL, 1, '2022-09-18 03:37:18', '2022-09-18 03:37:18', NULL),
(628, '638', '2', 'Attachment.pdf', NULL, 1, '2022-09-18 03:38:41', '2022-09-18 03:38:41', NULL),
(629, '639', '2', 'Attachment.pdf', NULL, 1, '2022-09-18 03:43:12', '2022-09-18 03:43:12', NULL),
(630, '640', '2', 'Attachment.pdf', NULL, 1, '2022-09-18 03:53:32', '2022-09-18 03:53:32', NULL),
(631, '641', '2', 'Attachment.pdf', NULL, 1, '2022-09-18 03:58:37', '2022-09-18 03:58:37', NULL),
(632, '642', '2', 'Attachment.pdf', NULL, 1, '2022-09-18 04:01:50', '2022-09-18 04:01:50', NULL),
(633, '643', '2', 'Attachment.pdf', NULL, 1, '2022-09-18 04:12:25', '2022-09-18 04:12:25', NULL),
(634, '644', '2', 'Attachment.pdf', NULL, 1, '2022-09-18 05:04:58', '2022-09-18 05:04:58', NULL),
(635, '645', '2', 'Attachment.pdf', NULL, 1, '2022-09-18 05:25:50', '2022-09-18 05:25:50', NULL),
(636, '646', '2', 'Attachment.pdf', NULL, 1, '2022-09-18 05:31:54', '2022-09-18 05:31:54', NULL),
(637, '647', '2', 'Attachment.pdf', NULL, 1, '2022-09-18 05:35:19', '2022-09-18 05:35:19', NULL),
(638, '648', '2', 'Attachment.pdf', NULL, 1, '2022-09-18 05:57:12', '2022-09-18 05:57:12', NULL),
(639, '649', '2', 'Attachment.pdf', NULL, 1, '2022-09-18 06:00:12', '2022-09-18 06:00:12', NULL),
(640, '650', '2', 'Attachment.pdf', NULL, 1, '2022-09-18 06:09:06', '2022-09-18 06:09:06', NULL),
(641, '651', '2', 'Attachment.pdf', NULL, 1, '2022-09-18 06:09:58', '2022-09-18 06:09:58', NULL),
(642, '652', '2', 'Attachment.pdf', NULL, 1, '2022-09-18 06:11:10', '2022-09-18 06:11:10', NULL),
(643, '653', '2', 'Attachment.pdf', NULL, 1, '2022-09-18 06:15:05', '2022-09-18 06:15:05', NULL),
(644, '654', '2', 'Attachment.pdf', NULL, 1, '2022-09-18 06:16:52', '2022-09-18 06:16:52', NULL),
(645, '655', '2', 'Attachment.pdf', NULL, 1, '2022-09-18 06:28:13', '2022-09-18 06:28:13', NULL),
(646, '656', '2', 'Attachment.pdf', NULL, 1, '2022-09-18 06:29:54', '2022-09-18 06:29:54', NULL),
(647, '657', '2', 'Attachment.pdf', NULL, 1, '2022-09-18 06:30:47', '2022-09-18 06:30:47', NULL),
(648, '658', '2', 'Attachment.pdf', NULL, 1, '2022-09-18 06:32:48', '2022-09-18 06:32:48', NULL),
(649, '659', '2', 'Attachment.pdf', NULL, 1, '2022-09-18 06:42:45', '2022-09-18 06:42:45', NULL),
(650, '660', '2', 'Attachment.pdf', NULL, 1, '2022-09-18 06:43:56', '2022-09-18 06:43:56', NULL),
(651, '661', '2', 'Attachment.pdf', NULL, 1, '2022-09-18 07:11:22', '2022-09-18 07:11:22', NULL),
(652, '662', '2', 'Attachment.pdf', NULL, 1, '2022-09-18 07:18:06', '2022-09-18 07:18:06', NULL),
(653, '663', '2', 'Attachment.pdf', NULL, 1, '2022-09-18 07:27:52', '2022-09-18 07:27:52', NULL),
(654, '664', '2', 'Attachment.pdf', NULL, 1, '2022-09-18 07:55:46', '2022-09-18 07:55:46', NULL),
(655, '665', '2', 'Attachment.pdf', NULL, 1, '2022-09-18 08:00:50', '2022-09-18 08:00:50', NULL),
(656, '666', '2', 'Attachment.pdf', NULL, 1, '2022-09-18 08:05:56', '2022-09-18 08:05:56', NULL),
(657, '667', '2', 'Attachment.pdf', NULL, 1, '2022-09-18 08:20:33', '2022-09-18 08:20:33', NULL),
(658, '668', '2', 'Attachment.pdf', NULL, 1, '2022-09-18 08:24:36', '2022-09-18 08:24:36', NULL),
(659, '669', '2', 'Attachment.pdf', NULL, 1, '2022-09-18 08:33:47', '2022-09-18 08:33:47', NULL),
(660, '670', '2', 'Attachment.pdf', NULL, 1, '2022-09-18 09:14:58', '2022-09-18 09:14:58', NULL),
(661, '671', '2', 'Attachment.pdf', NULL, 1, '2022-09-18 10:05:37', '2022-09-18 10:05:37', NULL),
(662, '672', '2', 'Attachment.pdf', NULL, 1, '2022-09-18 11:49:10', '2022-09-18 11:49:10', NULL),
(663, '673', '2', 'Attachment.pdf', NULL, 1, '2022-09-18 11:50:25', '2022-09-18 11:50:25', NULL),
(664, '674', '2', 'Attachment.pdf', NULL, 1, '2022-09-18 11:51:56', '2022-09-18 11:51:56', NULL),
(665, '675', '2', 'Attachment.pdf', NULL, 1, '2022-09-19 03:15:55', '2022-09-19 03:15:55', NULL),
(666, '676', '2', 'Attachment.pdf', NULL, 1, '2022-09-19 04:09:05', '2022-09-19 04:09:05', NULL),
(667, '677', '2', 'Attachment.pdf', NULL, 1, '2022-09-19 04:17:21', '2022-09-19 04:17:21', NULL),
(668, '678', '2', 'Attachment.pdf', NULL, 1, '2022-09-19 04:38:16', '2022-09-19 04:38:16', NULL),
(669, '679', '2', 'Attachment.pdf', NULL, 1, '2022-09-19 04:44:06', '2022-09-19 04:44:06', NULL),
(670, '680', '2', 'Attachment.pdf', NULL, 1, '2022-09-19 04:45:38', '2022-09-19 04:45:38', NULL),
(671, '681', '2', 'Attachment.pdf', NULL, 1, '2022-09-19 04:47:01', '2022-09-19 04:47:01', NULL),
(672, '682', '2', 'Attachment.pdf', NULL, 1, '2022-09-19 04:51:35', '2022-09-19 04:51:35', NULL),
(673, '683', '2', 'Attachment.pdf', NULL, 1, '2022-09-19 04:58:24', '2022-09-19 04:58:24', NULL),
(674, '684', '2', 'Attachment.pdf', NULL, 1, '2022-09-19 06:51:35', '2022-09-19 06:51:35', NULL),
(675, '685', '2', 'Attachment.pdf', NULL, 1, '2022-09-19 07:37:00', '2022-09-19 07:37:00', NULL),
(676, '686', '2', 'Attachment.pdf', NULL, 1, '2022-09-19 08:30:20', '2022-09-19 08:30:20', NULL),
(677, '687', '2', 'Attachment.pdf', NULL, 1, '2022-09-19 08:33:35', '2022-09-19 08:33:35', NULL),
(678, '688', '2', 'Attachment.pdf', NULL, 1, '2022-09-19 08:34:24', '2022-09-19 08:34:24', NULL),
(679, '689', '2', 'Attachment.pdf', NULL, 1, '2022-09-19 08:36:59', '2022-09-19 08:36:59', NULL),
(680, '690', '2', 'Attachment.pdf', NULL, 1, '2022-09-19 08:46:31', '2022-09-19 08:46:31', NULL),
(681, '691', '2', 'Attachment.pdf', NULL, 1, '2022-09-19 08:49:31', '2022-09-19 08:49:31', NULL),
(682, '692', '2', 'Attachment.pdf', NULL, 1, '2022-09-19 08:58:27', '2022-09-19 08:58:27', NULL),
(683, '693', '2', 'Attachment.pdf', NULL, 1, '2022-09-19 09:46:09', '2022-09-19 09:46:09', NULL),
(684, '694', '2', 'Attachment.pdf', NULL, 1, '2022-09-19 09:49:17', '2022-09-19 09:49:17', NULL),
(685, '695', '2', 'Attachment.pdf', NULL, 1, '2022-09-19 10:31:24', '2022-09-19 10:31:24', NULL),
(686, '696', '2', 'Attachment.pdf', NULL, 1, '2022-09-19 10:34:43', '2022-09-19 10:34:43', NULL),
(687, '697', '2', 'Attachment.pdf', NULL, 1, '2022-09-19 10:36:44', '2022-09-19 10:36:44', NULL),
(688, '698', '2', 'Attachment.pdf', NULL, 1, '2022-09-19 10:36:54', '2022-09-19 10:36:54', NULL),
(689, '699', '2', 'Attachment.pdf', NULL, 1, '2022-09-19 10:40:40', '2022-09-19 10:40:40', NULL),
(690, '700', '2', 'Attachment.pdf', NULL, 1, '2022-09-19 10:47:55', '2022-09-19 10:47:55', NULL),
(691, '701', '2', 'Attachment.pdf', NULL, 1, '2022-09-19 10:51:42', '2022-09-19 10:51:42', NULL),
(692, '702', '2', 'Attachment.pdf', NULL, 1, '2022-09-19 10:56:17', '2022-09-19 10:56:17', NULL),
(693, '703', '2', 'Attachment.pdf', NULL, 1, '2022-09-19 10:59:01', '2022-09-19 10:59:01', NULL),
(694, '704', '2', 'Attachment.pdf', NULL, 1, '2022-09-19 10:59:01', '2022-09-19 10:59:01', NULL),
(695, '705', '2', 'Attachment.pdf', NULL, 1, '2022-09-19 11:02:13', '2022-09-19 11:02:13', NULL),
(696, '706', '2', 'Attachment.pdf', NULL, 1, '2022-09-19 11:05:11', '2022-09-19 11:05:11', NULL),
(697, '707', '2', 'Attachment.pdf', NULL, 1, '2022-09-19 11:12:59', '2022-09-19 11:12:59', NULL),
(698, '708', '2', 'Attachment.pdf', NULL, 1, '2022-09-20 03:23:57', '2022-09-20 03:23:57', NULL),
(699, '709', '2', 'Attachment.pdf', NULL, 1, '2022-09-20 03:30:51', '2022-09-20 03:30:51', NULL),
(700, '710', '2', 'Attachment.pdf', NULL, 1, '2022-09-20 03:37:34', '2022-09-20 03:37:34', NULL),
(701, '711', '2', 'Attachment.pdf', NULL, 1, '2022-09-20 03:41:50', '2022-09-20 03:41:50', NULL),
(702, '712', '2', 'Attachment.pdf', NULL, 1, '2022-09-20 04:10:49', '2022-09-20 04:10:49', NULL),
(703, '713', '2', 'Attachment.pdf', NULL, 1, '2022-09-20 04:46:57', '2022-09-20 04:46:57', NULL),
(704, '714', '2', 'Attachment.pdf', NULL, 1, '2022-09-20 05:57:18', '2022-09-20 05:57:18', NULL),
(705, '715', '2', 'Attachment.pdf', NULL, 1, '2022-09-20 06:08:16', '2022-09-20 06:08:16', NULL),
(706, '716', '2', 'Attachment.pdf', NULL, 1, '2022-09-20 06:28:56', '2022-09-20 06:28:56', NULL),
(707, '717', '2', 'Attachment.pdf', NULL, 1, '2022-09-20 07:13:01', '2022-09-20 07:13:01', NULL),
(708, '718', '2', 'Attachment.pdf', NULL, 1, '2022-09-20 07:21:33', '2022-09-20 07:21:33', NULL),
(709, '719', '2', 'Attachment.pdf', NULL, 1, '2022-09-20 08:41:58', '2022-09-20 08:41:58', NULL),
(710, '720', '2', 'Attachment.pdf', NULL, 1, '2022-09-20 09:03:39', '2022-09-20 09:03:39', NULL),
(711, '721', '2', 'Attachment.pdf', NULL, 1, '2022-09-20 09:07:21', '2022-09-20 09:07:21', NULL),
(712, '722', '2', 'Attachment.pdf', NULL, 1, '2022-09-20 09:27:53', '2022-09-20 09:27:53', NULL),
(713, '723', '2', 'Attachment.pdf', NULL, 1, '2022-09-20 09:28:16', '2022-09-20 09:28:16', NULL),
(714, '724', '2', 'Attachment.pdf', NULL, 1, '2022-09-20 10:21:33', '2022-09-20 10:21:33', NULL),
(715, '725', '2', 'Attachment.pdf', NULL, 1, '2022-09-20 10:21:41', '2022-09-20 10:21:41', NULL),
(716, '726', '2', 'Attachment.pdf', NULL, 1, '2022-09-20 10:23:58', '2022-09-20 10:23:58', NULL),
(717, '727', '2', 'Attachment.pdf', NULL, 1, '2022-09-20 10:26:42', '2022-09-20 10:26:42', NULL),
(718, '728', '2', 'Attachment.pdf', NULL, 1, '2022-09-20 10:28:26', '2022-09-20 10:28:26', NULL),
(719, '729', '2', 'Attachment.pdf', NULL, 1, '2022-09-20 10:31:07', '2022-09-20 10:31:07', NULL),
(720, '730', '2', 'Attachment.pdf', NULL, 1, '2022-09-20 10:32:12', '2022-09-20 10:32:12', NULL),
(721, '731', '2', 'Attachment.pdf', NULL, 1, '2022-09-20 10:33:13', '2022-09-20 10:33:13', NULL),
(722, '732', '2', 'Attachment.pdf', NULL, 1, '2022-09-20 10:34:37', '2022-09-20 10:34:37', NULL),
(723, '474', '2', 'Attachment.pdf', NULL, 1, '2022-09-20 10:35:55', '2022-09-20 10:35:55', NULL),
(724, '733', '2', 'Attachment.pdf', NULL, 1, '2022-09-20 10:36:15', '2022-09-20 10:36:15', NULL),
(725, '734', '2', 'Attachment.pdf', NULL, 1, '2022-09-20 10:37:20', '2022-09-20 10:37:20', NULL),
(726, '735', '2', 'Attachment.pdf', NULL, 1, '2022-09-20 10:41:59', '2022-09-20 10:41:59', NULL),
(727, '736', '2', 'Attachment.pdf', NULL, 1, '2022-09-20 10:48:18', '2022-09-20 10:48:18', NULL),
(728, '737', '2', 'Attachment.pdf', NULL, 1, '2022-09-20 11:05:23', '2022-09-20 11:05:23', NULL),
(729, '738', '2', 'Attachment.pdf', NULL, 1, '2022-09-20 11:37:37', '2022-09-20 11:37:37', NULL),
(730, '739', '2', 'Attachment.pdf', NULL, 1, '2022-09-20 12:04:40', '2022-09-20 12:04:40', NULL),
(731, '740', '2', 'Attachment.pdf', NULL, 1, '2022-09-21 02:41:37', '2022-09-21 02:41:37', NULL),
(732, '741', '2', 'Attachment.pdf', NULL, 1, '2022-09-21 03:06:49', '2022-09-21 03:06:49', NULL),
(733, '742', '2', 'Attachment.pdf', NULL, 1, '2022-09-21 05:26:25', '2022-09-21 05:26:25', NULL),
(734, '743', '2', 'Attachment.pdf', NULL, 1, '2022-09-21 05:37:27', '2022-09-21 05:37:27', NULL),
(735, '744', '2', 'Attachment.pdf', NULL, 1, '2022-09-21 05:42:52', '2022-09-21 05:42:52', NULL),
(736, '745', '2', 'Attachment.pdf', NULL, 1, '2022-09-21 06:27:28', '2022-09-21 06:27:28', NULL),
(737, '746', '2', 'Attachment.pdf', NULL, 1, '2022-09-21 06:44:00', '2022-09-21 06:44:00', NULL),
(738, '747', '2', 'Attachment.pdf', NULL, 1, '2022-09-21 07:51:30', '2022-09-21 07:51:30', NULL),
(739, '748', '2', 'Attachment.pdf', NULL, 1, '2022-09-21 07:57:10', '2022-09-21 07:57:10', NULL),
(740, '749', '2', 'Attachment.pdf', NULL, 1, '2022-09-21 08:24:28', '2022-09-21 08:24:28', NULL),
(741, '750', '2', 'Attachment.pdf', NULL, 1, '2022-09-21 08:26:35', '2022-09-21 08:26:35', NULL),
(742, '751', '2', 'Attachment.pdf', NULL, 1, '2022-09-21 08:27:43', '2022-09-21 08:27:43', NULL),
(743, '752', '2', 'Attachment.pdf', NULL, 1, '2022-09-21 08:30:18', '2022-09-21 08:30:18', NULL),
(744, '753', '2', 'Attachment.pdf', NULL, 1, '2022-09-21 08:33:04', '2022-09-21 08:33:04', NULL),
(745, '754', '2', 'Attachment.pdf', NULL, 1, '2022-09-21 08:35:31', '2022-09-21 08:35:31', NULL),
(746, '755', '2', 'Attachment.pdf', NULL, 1, '2022-09-21 08:37:28', '2022-09-21 08:37:28', NULL),
(747, '756', '2', 'Attachment.pdf', NULL, 1, '2022-09-21 08:38:51', '2022-09-21 08:38:51', NULL),
(748, '757', '2', 'Attachment.pdf', NULL, 1, '2022-09-21 08:40:19', '2022-09-21 08:40:19', NULL),
(749, '758', '2', 'Attachment.pdf', NULL, 1, '2022-09-21 08:46:46', '2022-09-21 08:46:46', NULL),
(750, '759', '2', 'Attachment.pdf', NULL, 1, '2022-09-21 09:11:56', '2022-09-21 09:11:56', NULL),
(751, '760', '2', 'Attachment.pdf', NULL, 1, '2022-09-21 09:31:36', '2022-09-21 09:31:36', NULL),
(752, '761', '2', 'Attachment.pdf', NULL, 1, '2022-09-21 09:36:16', '2022-09-21 09:36:16', NULL),
(753, '762', '2', 'Attachment.pdf', NULL, 1, '2022-09-21 09:39:54', '2022-09-21 09:39:54', NULL),
(754, '763', '2', 'Attachment.pdf', NULL, 1, '2022-09-21 10:05:53', '2022-09-21 10:05:53', NULL),
(755, '764', '2', 'Attachment.pdf', NULL, 1, '2022-09-21 10:16:04', '2022-09-21 10:16:04', NULL),
(756, '765', '2', 'Attachment.pdf', NULL, 1, '2022-09-21 10:35:25', '2022-09-21 10:35:25', NULL),
(757, '766', '2', 'Attachment.pdf', NULL, 1, '2022-09-21 10:43:37', '2022-09-21 10:43:37', NULL),
(758, '767', '2', 'Attachment.pdf', NULL, 1, '2022-09-21 11:03:48', '2022-09-21 11:03:48', NULL),
(759, '768', '2', 'Attachment.pdf', NULL, 1, '2022-09-21 11:06:05', '2022-09-21 11:06:05', NULL),
(760, '769', '2', 'Attachment.pdf', NULL, 1, '2022-09-21 11:09:13', '2022-09-21 11:09:13', NULL),
(761, '770', '2', 'Attachment.pdf', NULL, 1, '2022-09-22 03:32:30', '2022-09-22 03:32:30', NULL),
(762, '771', '2', 'Attachment.pdf', NULL, 1, '2022-09-22 04:20:21', '2022-09-22 04:20:21', NULL),
(763, '772', '2', 'Attachment.pdf', NULL, 1, '2022-09-22 04:21:14', '2022-09-22 04:21:14', NULL),
(764, '773', '2', 'Attachment.pdf', NULL, 1, '2022-09-22 04:32:32', '2022-09-22 04:32:32', NULL),
(765, '774', '2', 'Attachment.pdf', NULL, 1, '2022-09-22 05:15:29', '2022-09-22 05:15:29', NULL),
(766, '775', '2', 'Attachment.pdf', NULL, 1, '2022-09-22 05:28:04', '2022-09-22 05:28:04', NULL),
(767, '776', '2', 'Attachment.pdf', NULL, 1, '2022-09-22 05:36:44', '2022-09-22 05:36:44', NULL),
(768, '777', '2', 'Attachment.pdf', NULL, 1, '2022-09-22 06:04:11', '2022-09-22 06:04:11', NULL),
(769, '778', '2', 'Attachment.pdf', NULL, 1, '2022-09-22 06:19:03', '2022-09-22 06:19:03', NULL),
(770, '779', '2', 'Attachment.pdf', NULL, 1, '2022-09-22 06:26:50', '2022-09-22 06:26:50', NULL),
(771, '780', '2', 'Attachment.pdf', NULL, 1, '2022-09-22 06:29:57', '2022-09-22 06:29:57', NULL),
(772, '781', '2', 'Attachment.pdf', NULL, 1, '2022-09-22 06:32:26', '2022-09-22 06:32:26', NULL),
(773, '782', '2', 'Attachment.pdf', NULL, 1, '2022-09-22 06:43:34', '2022-09-22 06:43:34', NULL),
(774, '783', '2', 'Attachment.pdf', NULL, 1, '2022-09-22 07:11:18', '2022-09-22 07:11:18', NULL),
(775, '784', '2', 'Attachment.pdf', NULL, 1, '2022-09-22 07:15:12', '2022-09-22 07:15:12', NULL),
(776, '785', '2', 'Attachment.pdf', NULL, 1, '2022-09-22 07:15:57', '2022-09-22 07:15:57', NULL),
(777, '786', '2', 'Attachment.pdf', NULL, 1, '2022-09-22 07:31:20', '2022-09-22 07:31:20', NULL),
(778, '787', '2', 'Attachment.pdf', NULL, 1, '2022-09-22 07:43:49', '2022-09-22 07:43:49', NULL),
(779, '788', '2', 'Attachment.pdf', NULL, 1, '2022-09-22 08:02:50', '2022-09-22 08:02:50', NULL),
(780, '789', '2', 'Attachment.pdf', NULL, 1, '2022-09-22 08:05:22', '2022-09-22 08:05:22', NULL),
(781, '790', '2', 'Attachment.pdf', NULL, 1, '2022-09-22 08:44:56', '2022-09-22 08:44:56', NULL),
(782, '791', '2', 'Attachment.pdf', NULL, 1, '2022-09-22 08:51:34', '2022-09-22 08:51:34', NULL),
(783, '792', '2', 'Attachment.pdf', NULL, 1, '2022-09-22 08:52:59', '2022-09-22 08:52:59', NULL),
(784, '793', '2', 'Attachment.pdf', NULL, 1, '2022-09-22 09:06:46', '2022-09-22 09:06:46', NULL),
(785, '794', '2', 'Attachment.pdf', NULL, 1, '2022-09-22 09:09:59', '2022-09-22 09:09:59', NULL),
(786, '795', '2', 'Attachment.pdf', NULL, 1, '2022-09-22 09:37:38', '2022-09-22 09:37:38', NULL),
(787, '796', '2', 'Attachment.pdf', NULL, 1, '2022-09-22 09:54:27', '2022-09-22 09:54:27', NULL),
(788, '797', '2', 'Attachment.pdf', NULL, 1, '2022-09-22 09:56:39', '2022-09-22 09:56:39', NULL),
(789, '798', '2', 'Attachment.pdf', NULL, 1, '2022-09-22 09:58:40', '2022-09-22 09:58:40', NULL),
(790, '799', '2', 'Attachment.pdf', NULL, 1, '2022-09-22 10:00:08', '2022-09-22 10:00:08', NULL),
(791, '800', '2', 'Attachment.pdf', NULL, 1, '2022-09-22 10:17:19', '2022-09-22 10:17:19', NULL),
(792, '801', '2', 'Attachment.pdf', NULL, 1, '2022-09-22 10:56:17', '2022-09-22 10:56:17', NULL),
(793, '802', '2', 'Attachment.pdf', NULL, 1, '2022-09-22 11:15:55', '2022-09-22 11:15:55', NULL),
(794, '803', '2', 'Attachment.pdf', NULL, 1, '2022-09-22 11:19:18', '2022-09-22 11:19:18', NULL),
(795, '804', '2', 'Attachment.pdf', NULL, 1, '2022-09-22 11:35:18', '2022-09-22 11:35:18', NULL),
(796, '805', '2', 'Attachment.pdf', NULL, 1, '2022-09-22 11:37:16', '2022-09-22 11:37:16', NULL),
(797, '806', '2', 'Attachment.pdf', NULL, 1, '2022-09-25 03:51:53', '2022-09-25 03:51:53', NULL),
(798, '807', '2', 'Attachment.pdf', NULL, 1, '2022-09-25 03:55:09', '2022-09-25 03:55:09', NULL),
(799, '808', '2', 'Attachment.pdf', NULL, 1, '2022-09-25 03:56:11', '2022-09-25 03:56:11', NULL),
(800, '809', '2', 'Attachment.pdf', NULL, 1, '2022-09-25 03:59:36', '2022-09-25 03:59:36', NULL),
(801, '810', '2', 'Attachment.pdf', NULL, 1, '2022-09-25 04:03:17', '2022-09-25 04:03:17', NULL),
(802, '811', '2', 'Attachment.pdf', NULL, 1, '2022-09-25 04:06:02', '2022-09-25 04:06:02', NULL),
(803, '812', '2', 'Attachment.pdf', NULL, 1, '2022-09-25 04:06:44', '2022-09-25 04:06:44', NULL),
(804, '813', '2', 'Attachment.pdf', NULL, 1, '2022-09-25 04:12:55', '2022-09-25 04:12:55', NULL),
(805, '814', '2', 'Attachment.pdf', NULL, 1, '2022-09-25 04:17:33', '2022-09-25 04:17:33', NULL),
(806, '815', '2', 'Attachment.pdf', NULL, 1, '2022-09-25 04:18:26', '2022-09-25 04:18:26', NULL),
(807, '816', '2', 'Attachment.pdf', NULL, 1, '2022-09-25 04:31:55', '2022-09-25 04:31:55', NULL),
(808, '817', '2', 'Attachment.pdf', NULL, 1, '2022-09-25 04:34:42', '2022-09-25 04:34:42', NULL),
(809, '818', '2', 'Attachment.pdf', NULL, 1, '2022-09-25 04:39:48', '2022-09-25 04:39:48', NULL),
(810, '819', '2', 'Attachment.pdf', NULL, 1, '2022-09-25 04:43:54', '2022-09-25 04:43:54', NULL),
(811, '820', '2', 'Attachment.pdf', NULL, 1, '2022-09-25 04:44:11', '2022-09-25 04:44:11', NULL),
(812, '821', '2', 'Attachment.pdf', NULL, 1, '2022-09-25 05:57:18', '2022-09-25 05:57:18', NULL),
(813, '822', '2', 'Attachment.pdf', NULL, 1, '2022-09-25 06:10:46', '2022-09-25 06:10:46', NULL),
(814, '823', '2', 'Attachment.pdf', NULL, 1, '2022-09-25 06:35:12', '2022-09-25 06:35:12', NULL),
(815, '824', '2', 'Attachment.pdf', NULL, 1, '2022-09-25 06:36:14', '2022-09-25 06:36:14', NULL),
(816, '825', '2', 'Attachment.pdf', NULL, 1, '2022-09-25 06:38:44', '2022-09-25 06:38:44', NULL),
(817, '826', '2', 'Attachment.pdf', NULL, 1, '2022-09-25 06:53:46', '2022-09-25 06:53:46', NULL),
(818, '827', '2', 'Attachment.pdf', NULL, 1, '2022-09-25 07:01:42', '2022-09-25 07:01:42', NULL),
(819, '828', '2', 'Attachment.pdf', NULL, 1, '2022-09-25 07:04:44', '2022-09-25 07:04:44', NULL),
(820, '829', '2', 'Attachment.pdf', NULL, 1, '2022-09-25 07:13:07', '2022-09-25 07:13:07', NULL);

-- --------------------------------------------------------

--
-- Stand-in structure for view `correspondencefileview`
-- (See below for the actual view)
--
CREATE TABLE `correspondencefileview` (
`id` bigint(20) unsigned
,`acc_no` varchar(191)
,`identificationType` varchar(191)
,`identification_number` varchar(191)
,`cust_id` varchar(191)
,`cust_name` varchar(191)
,`phone_no` varchar(191)
,`created_at` timestamp
,`updated_at` timestamp
,`branch` varchar(191)
,`branchId` bigint(20) unsigned
,`status` tinyint(4)
,`debitStatus` varchar(4)
,`documentStatus` varchar(4)
,`documentRemarks` varchar(191)
,`parent` varchar(1)
);

-- --------------------------------------------------------

--
-- Table structure for table `correspondence_files`
--

CREATE TABLE `correspondence_files` (
  `id` bigint(20) UNSIGNED NOT NULL,
  `acc_no` varchar(191) COLLATE utf8mb4_unicode_ci NOT NULL,
  `attachment` varchar(191) COLLATE utf8mb4_unicode_ci NOT NULL,
  `remarks` varchar(191) COLLATE utf8mb4_unicode_ci DEFAULT NULL,
  `created_by` bigint(20) NOT NULL COMMENT 'system generated user id',
  `updated_by` bigint(20) DEFAULT NULL COMMENT 'system generated user id',
  `status` tinyint(1) NOT NULL DEFAULT 1 COMMENT '1:created | 2:processing | 3:verified',
  `created_at` timestamp NULL DEFAULT NULL,
  `updated_at` timestamp NULL DEFAULT NULL,
  `deleted_at` timestamp NULL DEFAULT NULL
) ENGINE=InnoDB DEFAULT CHARSET=utf8mb4 COLLATE=utf8mb4_unicode_ci;

--
-- Dumping data for table `correspondence_files`
--

INSERT INTO `correspondence_files` (`id`, `acc_no`, `attachment`, `remarks`, `created_by`, `updated_by`, `status`, `created_at`, `updated_at`, `deleted_at`) VALUES
(9, '0112000335089', '10082022_102853.pdf', 'Done', 32, 37, 3, '2022-08-10 04:28:53', '2022-08-10 04:35:17', NULL),
(10, '0112000203647', '11082022_131257.pdf', 'DONE', 5, 36, 3, '2022-08-11 07:12:57', '2022-08-11 08:03:18', NULL),
(11, '0112000320639', '11082022_134940.pdf', 'DONE', 34, 36, 3, '2022-08-11 07:49:40', '2022-08-11 08:04:09', NULL),
(12, '0112000320639', '11082022_134953.pdf', 'DONE', 34, 36, 3, '2022-08-11 07:49:53', '2022-08-11 08:04:22', NULL),
(13, '0112000085619', '11082022_154926.pdf', 'DONE', 10, 36, 3, '2022-08-11 09:49:26', '2022-08-11 09:58:41', NULL),
(14, '0112000203647', '11082022_173419.pdf', 'Inactive A/C, Branch issue.', 5, 37, 3, '2022-08-11 11:34:19', '2022-08-16 04:59:41', NULL),
(15, '0112900473338', '11082022_174005.pdf', 'Done', 5, 36, 3, '2022-08-11 11:40:05', '2022-08-14 04:22:41', NULL),
(16, '0134000518478', '11082022_175038.pdf', 'Wrong send', 34, 37, 3, '2022-08-11 11:50:38', '2022-08-28 09:02:41', NULL),
(17, '0112900518398', '14082022_164543.jpg', 'done', 30, 39, 3, '2022-08-14 10:45:43', '2022-08-16 12:17:05', NULL),
(18, '0112900518346', '24082022_103617.pdf', 'Done', 30, 37, 3, '2022-08-14 10:46:40', '2022-09-20 02:34:13', NULL),
(19, '0112000317966', '14082022_184332.pdf', 'Mobile number Done', 22, 37, 3, '2022-08-14 12:43:32', '2022-08-16 04:58:11', NULL),
(20, '0112700518366', '16082022_130703.pdf', 'done', 18, 39, 3, '2022-08-16 05:29:08', '2022-08-16 07:17:37', NULL),
(21, '0112900400573', '16082022_121938.pdf', 'Tin Return Done', 13, 37, 3, '2022-08-16 06:19:38', '2022-08-16 06:45:44', NULL),
(22, '0112000518574', '16082022_122141.pdf', 'Submit cheque book', 24, 37, 3, '2022-08-16 06:21:41', '2022-08-16 11:35:35', NULL),
(23, '0112000048472', '16082022_132123.pdf', 'Dormant Done', 10, 37, 3, '2022-08-16 07:21:23', '2022-08-16 09:54:45', NULL),
(24, '0112700518366', '16082022_133918.pdf', 'Submit Cards', 18, 37, 3, '2022-08-16 07:39:18', '2022-08-16 10:55:10', NULL),
(25, '0112000074615', '21082022_120043.pdf', 'Name Change Done', 6, 36, 3, '2022-08-16 11:02:52', '2022-08-21 06:21:47', NULL),
(26, '0112000319878', '17082022_122349.pdf', 'Dormant Done', 32, 37, 3, '2022-08-17 06:23:49', '2022-08-17 06:38:47', NULL),
(27, '0112000514846', '17082022_132156.pdf', 'Mobile- Done', 6, 36, 3, '2022-08-17 07:21:56', '2022-08-17 08:00:40', NULL),
(28, '0111100486995', '21082022_113729.pdf', 'Address Done', 22, 36, 3, '2022-08-17 11:23:01', '2022-08-21 05:58:03', NULL),
(29, '0112000153585', '21082022_112837.pdf', 'Dormant Done', 18, 37, 3, '2022-08-21 05:28:37', '2022-08-21 06:02:00', NULL),
(30, '0112000100144', '21082022_115238.pdf', 'Dormant Done', 14, 37, 3, '2022-08-21 05:52:38', '2022-08-21 06:01:42', NULL),
(31, '0112000242121', '21082022_152401.pdf', 'Name Amend', 22, 37, 3, '2022-08-21 09:24:01', '2022-08-21 10:14:47', NULL),
(32, '0112700518427', '21082022_162613.pdf', 'DONE', 31, 35, 3, '2022-08-21 10:26:13', '2022-08-23 09:53:39', NULL),
(33, '0112000203647', '21082022_164202.pdf', 'Mobile number Done', 5, 37, 3, '2022-08-21 10:42:02', '2022-08-21 10:46:15', NULL),
(34, '0112000100168', '22082022_130905.pdf', 'Done dormant', 13, 37, 3, '2022-08-22 07:05:22', '2022-08-22 07:14:52', NULL),
(35, '0112000100163', '22082022_130653.pdf', 'Dormant done', 13, 37, 3, '2022-08-22 07:06:53', '2022-08-22 07:13:33', NULL),
(36, '0112700519778', '22082022_134334.pdf', 'Done', 13, 37, 3, '2022-08-22 07:43:34', '2022-08-28 09:21:37', NULL),
(37, '0112700513897', '18092022_165201.pdf', 'Nominee Done', 22, 37, 3, '2022-08-22 09:12:55', '2022-09-21 09:31:58', NULL),
(38, '0112000207139', '22082022_163231.pdf', 'TIN- Done', 5, 36, 3, '2022-08-22 10:32:31', '2022-08-22 10:56:29', NULL),
(39, '0112700463820', '23082022_104901.pdf', 'Done Mobile Number', 10, 37, 3, '2022-08-23 04:49:01', '2022-08-23 05:50:07', NULL),
(40, '0112900519336', '23082022_104928.pdf', 'In nominee page only fill up Minor name as a nominee and completed all legal guardian information. Legal guardian KYC required (Individual form, Photo, NID req), Account Services form wrongly', 10, 37, 2, '2022-08-23 04:49:28', '2022-08-28 09:32:18', NULL),
(41, '0112700419144', '23082022_165057.pdf', 'Dormant Done', 24, 36, 3, '2022-08-23 10:50:57', '2022-08-23 11:03:08', NULL),
(42, '0112900518526', '23082022_165749.pdf', 'DONE', 13, 35, 3, '2022-08-23 10:57:49', '2022-09-21 10:29:52', NULL),
(43, '0112900480475', '24082022_113340.pdf', 'Tin Done', 22, 37, 3, '2022-08-24 05:33:40', '2022-08-24 07:48:25', NULL),
(44, '0112000376310', '24082022_123145.pdf', 'Dormant Done', 10, 37, 3, '2022-08-24 06:31:45', '2022-08-24 06:36:40', NULL),
(45, '0112700417532', '24082022_123918.pdf', 'Tin done', 18, 37, 3, '2022-08-24 06:39:18', '2022-08-24 07:47:49', NULL),
(46, '0112000049951', '24082022_124535.pdf', 'Dormant Done', 10, 37, 3, '2022-08-24 06:45:35', '2022-08-24 07:47:27', NULL),
(47, '0112000519815', '24082022_134730.pdf', 'WRONG SEND', 29, 36, 3, '2022-08-24 07:47:30', '2022-08-24 09:51:42', NULL),
(48, '0112100162213', '24082022_140949.pdf', 'Mail Done', 18, 37, 3, '2022-08-24 08:09:49', '2022-08-24 08:57:40', NULL),
(49, '0112000472973', '24082022_141020.pdf', 'Mail done', 18, 37, 3, '2022-08-24 08:10:20', '2022-08-24 08:57:07', NULL),
(50, '0112100368837', '24082022_141104.pdf', 'Mail done', 18, 37, 3, '2022-08-24 08:11:04', '2022-08-24 08:58:16', NULL),
(51, '0112700433787', '24082022_154333.pdf', 'Dormant- Done', 5, 36, 3, '2022-08-24 09:43:33', '2022-08-24 09:48:26', NULL),
(52, '0162400324295', '24082022_162350.pdf', 'Name Amend- Done', 5, 36, 3, '2022-08-24 10:23:50', '2022-08-24 10:43:58', NULL),
(53, '0112700431955', '25082022_141728.pdf', 'Dormant Done', 31, 37, 3, '2022-08-25 08:17:28', '2022-08-25 09:12:47', NULL),
(54, '0112000517961', '25082022_141839.pdf', 'Tax Return Done', 22, 37, 3, '2022-08-25 08:18:39', '2022-08-25 08:52:45', NULL),
(55, '0112700509066', '25082022_150724.pdf', 'MOB Done', 5, 37, 3, '2022-08-25 09:07:24', '2022-08-25 09:12:29', NULL),
(56, '0151200352391', '25082022_154420.pdf', 'NID Done', 31, 37, 3, '2022-08-25 09:44:20', '2022-08-25 11:05:00', NULL),
(57, '0112000276515', '28082022_112534.pdf', 'Dormant Done', 5, 37, 3, '2022-08-28 05:25:34', '2022-08-28 05:41:27', NULL),
(58, '0112000360555', '28082022_112722.pdf', 'Tin Done', 18, 37, 3, '2022-08-28 05:27:22', '2022-08-28 05:41:59', NULL),
(59, '0112700520798', '28082022_131154.pdf', 'Done', 23, 36, 3, '2022-08-28 07:11:54', '2022-08-30 06:07:40', NULL),
(60, '0112700424462', '28082022_132103.pdf', 'Please cancel previous signature, \'Signature Admitted\" seal required in signature card', 31, 37, 3, '2022-08-28 07:21:03', '2022-08-28 09:17:42', NULL),
(61, '0112900516072', '28082022_132346.pdf', 'Tin Done', 31, 37, 3, '2022-08-28 07:23:46', '2022-08-28 08:53:59', NULL),
(62, '0112000520556', '28082022_133102.pdf', NULL, 23, NULL, 1, '2022-08-28 07:31:02', '2022-08-28 07:31:02', NULL),
(63, '0112000093695', '28082022_142438.pdf', 'Dormant Done', 12, 37, 3, '2022-08-28 08:24:38', '2022-08-28 09:43:19', NULL),
(64, '0112900392055', '28082022_145315.pdf', 'Mobile Done', 32, 37, 3, '2022-08-28 08:53:15', '2022-08-28 08:58:19', NULL),
(65, '0111100156945', '28082022_153108.pdf', 'Dormant Done', 34, 37, 3, '2022-08-28 09:31:08', '2022-08-28 09:42:44', NULL),
(66, '0112000518714', '29082022_100059.pdf', NULL, 24, NULL, 1, '2022-08-29 04:00:59', '2022-08-29 04:00:59', NULL),
(67, '0112700422621', '29082022_123836.pdf', 'Mobile Done', 32, 37, 3, '2022-08-29 06:38:36', '2022-08-29 06:46:27', NULL),
(68, '0112100016704', '15092022_111242.pdf', 'Mobile Done', 32, 37, 3, '2022-08-29 06:39:06', '2022-09-15 05:28:52', NULL),
(69, '0112700514522', '29082022_133011.pdf', 'Name Amend- Done', 22, 36, 3, '2022-08-29 06:59:34', '2022-08-29 08:47:55', NULL),
(70, '0112700521295', '29082022_143104.pdf', 'Done', 57, 37, 3, '2022-08-29 08:31:04', '2022-09-22 05:00:10', NULL),
(71, '0112000481030', '29082022_150952.pdf', 'Mobile Done', 48, 37, 3, '2022-08-29 09:09:52', '2022-08-29 09:58:21', NULL),
(72, '0112000101258', '29082022_151049.pdf', 'Tin Done', 48, 37, 3, '2022-08-29 09:10:49', '2022-08-29 11:15:35', NULL),
(73, '0112000115651', '29082022_151117.pdf', 'Mobile- Done', 48, 36, 3, '2022-08-29 09:11:17', '2022-08-29 11:13:00', NULL),
(74, '0112000123476', '29082022_163814.pdf', 'Address-Done', 48, 36, 3, '2022-08-29 09:11:43', '2022-08-29 11:10:46', NULL),
(75, '0111100122622', '29082022_154520.pdf', 'Tin Done', 24, 37, 3, '2022-08-29 09:45:20', '2022-08-29 11:20:14', NULL),
(76, '0112900452323', '29082022_164955.pdf', 'Name Amend- Done', 55, 36, 3, '2022-08-29 10:49:55', '2022-08-29 11:04:52', NULL),
(77, '0112900459800', '29082022_174859.pdf', 'Mobile Done', 12, 37, 3, '2022-08-29 11:48:59', '2022-08-30 04:26:34', NULL),
(78, '0112000093003', '30082022_100211.pdf', 'A/C Inactive', 63, 36, 3, '2022-08-30 04:02:11', '2022-08-30 09:15:01', NULL),
(79, '0112000038645', '30082022_111234.pdf', 'Mobile Done', 48, 37, 3, '2022-08-30 05:12:34', '2022-08-30 06:09:51', NULL),
(80, '0112000093003', '30082022_123500.pdf', 'Mobile Done', 63, 37, 3, '2022-08-30 05:48:24', '2022-08-30 06:41:29', NULL),
(81, '0112900511522', '30082022_123501.jpg', 'Uploaded (Branch-GUL-2)', 9, 37, 3, '2022-08-30 06:35:01', '2022-09-07 10:28:34', NULL),
(82, '0111100511255', '30082022_123540.jpg', 'Uploaded (Branch-GUL 2)', 9, 37, 3, '2022-08-30 06:35:40', '2022-09-08 06:12:06', NULL),
(83, '0111100511255', '30082022_123546.jpg', 'Uploaded (Branch-GUL-2)', 9, 37, 3, '2022-08-30 06:35:46', '2022-09-13 03:43:16', NULL),
(84, '0112700455251', '30082022_123703.pdf', 'Test_1', 3, 37, 3, '2022-08-30 06:36:45', '2022-08-30 06:42:13', NULL),
(85, '0112000103524', '30082022_150918.pdf', 'DORMANT-DONE', 6, 36, 3, '2022-08-30 09:09:18', '2022-08-30 09:12:56', NULL),
(86, '0112700454336', '30082022_161632.pdf', 'Mobile Done', 18, 37, 3, '2022-08-30 10:16:32', '2022-08-30 10:51:38', NULL),
(87, '0112100010354', '30082022_161735.pdf', 'TIN Done', 18, 37, 3, '2022-08-30 10:17:35', '2022-08-30 10:49:12', NULL),
(88, '0112700427645', '30082022_164359.pdf', 'Mobile Done', 5, 37, 3, '2022-08-30 10:43:59', '2022-08-30 11:00:13', NULL),
(89, '0112700420643', '30082022_164438.pdf', 'TIN- Done', 5, 36, 3, '2022-08-30 10:44:38', '2022-08-30 11:01:23', NULL),
(90, '0112700514212', '30082022_165143.pdf', 'Tin Done (100179341)', 52, 37, 3, '2022-08-30 10:51:43', '2022-08-30 11:04:55', NULL),
(91, '0112700514212', '30082022_165302.pdf', 'Tin Done', 52, 37, 3, '2022-08-30 10:53:02', '2022-08-30 11:03:55', NULL),
(92, '0131100520380', '31082022_104045.pdf', 'DPS DONE', 34, 38, 3, '2022-08-31 04:40:45', '2022-08-31 05:23:47', NULL),
(93, '0134000518478', '31082022_104258.pdf', 'DBS DONE', 34, 38, 3, '2022-08-31 04:42:58', '2022-08-31 05:21:23', NULL),
(94, '0112900510979', '31082022_115948.pdf', 'Name Done', 53, 37, 3, '2022-08-31 05:59:48', '2022-08-31 06:20:05', NULL),
(95, '0112700471806', '31082022_125349.pdf', 'Name change- DONE', 49, 36, 3, '2022-08-31 06:53:49', '2022-08-31 08:02:54', NULL),
(96, '0112000520484', '31082022_140236.pdf', 'Done', 23, 37, 3, '2022-08-31 08:02:36', '2022-09-21 05:58:50', NULL),
(97, '0112000137011', '20092022_103610.pdf', 'Dormant (Wrong) send', 34, 37, 3, '2022-08-31 09:09:07', '2022-09-20 04:45:02', NULL),
(98, '0112000082349', '31082022_154359.pdf', 'Mobile Done', 51, 37, 3, '2022-08-31 09:43:59', '2022-08-31 10:51:58', NULL),
(99, '0112000179158', '31082022_163013.pdf', 'Mobile Done', 18, 37, 3, '2022-08-31 10:30:13', '2022-08-31 10:54:20', NULL),
(100, '0112900510979', '31082022_170117.pdf', 'EMAIL DONE', 53, 35, 3, '2022-08-31 11:01:17', '2022-08-31 11:34:16', NULL),
(101, '0112900518558', '01092022_102540.pdf', 'Done', 24, 37, 3, '2022-09-01 04:25:40', '2022-09-18 10:11:53', NULL),
(102, '0112900520300', '01092022_114154.pdf', 'NID VERFICATION DONE', 9, 35, 3, '2022-09-01 05:41:54', '2022-09-01 06:14:12', NULL),
(103, '0112000088469', '01092022_122825.pdf', 'Dormant Done', 13, 37, 3, '2022-09-01 06:28:25', '2022-09-01 06:39:24', NULL),
(104, '0112700473642', '01092022_134916.pdf', 'Mobile Done', 13, 37, 3, '2022-09-01 07:49:16', '2022-09-01 09:59:11', NULL),
(105, '0112900518318', '01092022_140418.pdf', NULL, 24, NULL, 1, '2022-09-01 08:04:18', '2022-09-01 08:04:18', NULL),
(106, '0112900389670', '01092022_141110.pdf', 'DORMENT DONE', 5, 35, 3, '2022-09-01 08:11:10', '2022-09-01 08:17:59', NULL),
(107, '0112000389470', '01092022_155135.pdf', 'Inactive  A/c', 23, 37, 3, '2022-09-01 09:51:35', '2022-09-01 10:25:41', NULL),
(108, '0112900406150', '04092022_125854.pdf', 'Email Done', 67, 37, 3, '2022-09-04 06:58:54', '2022-09-04 07:29:48', NULL),
(109, '0111100520561', '04092022_152658.pdf', 'Email Done', 53, 37, 3, '2022-09-04 09:26:58', '2022-09-04 10:43:17', NULL),
(110, '0111100520561', '04092022_152718.pdf', 'Wrong Send', 53, 37, 3, '2022-09-04 09:27:18', '2022-09-04 10:45:39', NULL),
(111, '0112000083142', '04092022_152814.pdf', 'Mobile Done', 13, 37, 3, '2022-09-04 09:28:14', '2022-09-04 10:39:32', NULL),
(112, '0112900519698', '04092022_160936.pdf', 'Mobile Done', 23, 37, 3, '2022-09-04 10:09:36', '2022-09-04 10:37:10', NULL),
(113, '0112000357283', '04092022_164003.pdf', 'Dormant Done', 23, 37, 3, '2022-09-04 10:40:03', '2022-09-04 10:47:19', NULL),
(114, '0112900511313', '04092022_164420.pdf', 'Email Done', 18, 37, 3, '2022-09-04 10:44:20', '2022-09-04 10:51:29', NULL),
(115, '0112000521766', '05092022_105447.pdf', 'Tin Done', 5, 37, 3, '2022-09-04 10:47:41', '2022-09-05 05:37:11', NULL),
(116, '0112000521984', '05092022_122003.pdf', 'FDR DONE', 22, 38, 3, '2022-09-05 06:20:03', '2022-09-05 07:13:30', NULL),
(117, '0130700521525', '05092022_122221.pdf', 'TDS DONE', 22, 38, 3, '2022-09-05 06:22:21', '2022-09-05 06:45:51', NULL),
(118, '0113900518256', '05092022_122314.pdf', 'FDR DONE', 22, 38, 3, '2022-09-05 06:23:14', '2022-09-05 06:49:13', NULL),
(119, '0131100519319', '05092022_122451.pdf', 'DPS DONE', 22, 38, 3, '2022-09-05 06:24:51', '2022-09-05 06:44:28', NULL),
(120, '0112700472794', '05092022_130652.pdf', 'Email Done', 29, 37, 3, '2022-09-05 07:06:52', '2022-09-05 07:11:57', NULL),
(121, '0112700429822', '05092022_135451.pdf', 'Dormant Done', 63, 37, 3, '2022-09-05 07:54:51', '2022-09-05 08:09:53', NULL),
(122, '0111100260457', '05092022_135719.pdf', 'Dormant Done', 18, 37, 3, '2022-09-05 07:57:19', '2022-09-05 08:35:08', NULL),
(123, '0112000123476', '05092022_164744.pdf', 'Address Done', 49, 37, 3, '2022-09-05 10:47:44', '2022-09-06 03:42:14', NULL),
(124, '0112700424131', '06092022_111245.pdf', 'Dormant Done', 18, 37, 3, '2022-09-06 04:58:24', '2022-09-06 05:32:35', NULL),
(125, '0112000429981', '06092022_120342.pdf', 'Mobile Done', 53, 37, 3, '2022-09-06 05:13:02', '2022-09-06 06:20:51', NULL),
(126, '0131100242869', '06092022_113059.pdf', NULL, 54, NULL, 1, '2022-09-06 05:30:59', '2022-09-06 05:30:59', NULL),
(127, '0131100242869', '08092022_143034.pdf', 'Tin Done', 54, 37, 3, '2022-09-06 05:33:19', '2022-09-08 09:17:54', NULL),
(128, '0112000293512', '06092022_113653.pdf', 'Dormant Done', 54, 37, 3, '2022-09-06 05:36:53', '2022-09-06 05:53:35', NULL),
(129, '0111100260457', '06092022_123109.pdf', 'Dormant Done', 18, 37, 3, '2022-09-06 06:31:09', '2022-09-06 07:15:37', NULL),
(130, '0112700438607', '06092022_123505.pdf', NULL, 18, NULL, 1, '2022-09-06 06:35:05', '2022-09-06 06:35:05', NULL),
(131, '0112000450099', '06092022_130629.pdf', NULL, 50, NULL, 1, '2022-09-06 07:06:29', '2022-09-06 07:06:29', NULL),
(132, '0131200450100', '06092022_130703.pdf', NULL, 50, NULL, 1, '2022-09-06 07:07:03', '2022-09-06 07:07:03', NULL),
(133, '0112000520206', '06092022_130844.pdf', 'Email Done', 53, 37, 3, '2022-09-06 07:08:44', '2022-09-06 07:19:00', NULL),
(134, '0112000520202', '06092022_135028.pdf', 'Email Done', 53, 37, 3, '2022-09-06 07:38:57', '2022-09-06 08:11:19', NULL),
(135, '0112000520203', '06092022_151602.pdf', 'Email Done', 53, 37, 3, '2022-09-06 09:16:02', '2022-09-06 10:59:58', NULL),
(136, '0112000247987', '06092022_155126.pdf', 'Tin Done', 22, 37, 3, '2022-09-06 09:51:26', '2022-09-06 10:55:41', NULL),
(137, '0151200259182', '06092022_155217.pdf', 'Tin Done', 22, 37, 3, '2022-09-06 09:52:17', '2022-09-06 10:51:10', NULL),
(138, '0112100519356', '06092022_160621.pdf', 'Mobile Done', 49, 37, 3, '2022-09-06 10:06:21', '2022-09-06 10:53:21', NULL),
(139, '0112700457206', '07092022_091337.pdf', 'Mobile Done', 49, 37, 3, '2022-09-07 03:13:37', '2022-09-07 04:14:58', NULL),
(140, '0112000326769', '07092022_091402.pdf', 'Email Done', 49, 37, 3, '2022-09-07 03:14:02', '2022-09-07 04:20:02', NULL),
(141, '0112000326769', '07092022_091822.pdf', 'Email Done', 49, 37, 3, '2022-09-07 03:18:22', '2022-09-07 04:17:34', NULL),
(142, '0113300345227', '07092022_091923.pdf', 'Mobile Done', 49, 37, 3, '2022-09-07 03:19:23', '2022-09-07 03:31:35', NULL),
(143, '0112700502588', '07092022_091956.pdf', 'Mobile Done (100269776)', 49, 37, 3, '2022-09-07 03:19:56', '2022-09-07 03:37:35', NULL),
(144, '0112700505927', '07092022_092018.pdf', 'Email Done', 49, 37, 3, '2022-09-07 03:20:18', '2022-09-07 03:33:38', NULL),
(145, '0112000450099', '07092022_112634.pdf', NULL, 50, NULL, 1, '2022-09-07 05:26:34', '2022-09-07 05:26:34', NULL),
(146, '0112900414429', '07092022_134317.pdf', 'NID, Mobile Done', 5, 37, 3, '2022-09-07 07:43:17', '2022-09-07 10:36:26', NULL),
(147, '0112700512837', '08092022_093450.pdf', 'Tin Done', 22, 37, 3, '2022-09-08 03:34:50', '2022-09-08 04:19:05', NULL),
(148, '0112000102808', '08092022_101218.pdf', 'Dormant Done', 13, 37, 3, '2022-09-08 04:12:18', '2022-09-08 04:20:30', NULL),
(149, '0112700434840', '08092022_103724.pdf', 'Dormant Done', 67, 37, 3, '2022-09-08 04:37:24', '2022-09-08 04:59:48', NULL),
(150, '0112000392889', '08092022_110902.pdf', 'Mobile Done', 5, 37, 3, '2022-09-08 05:09:02', '2022-09-08 06:07:14', NULL),
(151, '0112000450908', '08092022_112641.pdf', 'Mobile Done', 32, 37, 3, '2022-09-08 05:26:41', '2022-09-08 06:10:24', NULL),
(152, '0112000033087', '08092022_120145.pdf', 'Dormant Done', 34, 37, 3, '2022-09-08 06:01:45', '2022-09-08 06:04:59', NULL),
(153, '0112000234924', '08092022_120516.pdf', 'Dormant Done', 29, 37, 3, '2022-09-08 06:05:16', '2022-09-08 06:08:31', NULL),
(154, '0151300365920', '08092022_123447.pdf', 'Duplicate Send', 64, 37, 3, '2022-09-08 06:34:47', '2022-09-08 09:22:10', NULL),
(155, '0112900520670', '08092022_125132.pdf', 'Mobile Done', 51, 37, 3, '2022-09-08 06:51:32', '2022-09-08 07:52:09', NULL),
(156, '0151300365920', '08092022_145417.pdf', 'Mobile Done', 64, 37, 3, '2022-09-08 08:54:17', '2022-09-08 09:21:47', NULL),
(157, '0112000523081', '08092022_161658.pdf', NULL, 24, NULL, 1, '2022-09-08 10:16:58', '2022-09-08 10:16:58', NULL),
(158, '0112000522117', '08092022_164708.pdf', 'DONE', 34, 38, 3, '2022-09-08 10:47:08', '2022-09-08 10:52:26', NULL),
(159, '0112700503677', '08092022_164828.pdf', 'Mobile Done', 10, 37, 3, '2022-09-08 10:48:28', '2022-09-11 08:06:51', NULL),
(160, '0112700468005', '08092022_164945.pdf', 'Mobile Done', 10, 37, 3, '2022-09-08 10:49:45', '2022-09-11 08:08:41', NULL),
(161, '0112900504036', '08092022_165017.pdf', 'Mobile Done', 10, 37, 3, '2022-09-08 10:50:17', '2022-09-11 08:10:28', NULL),
(162, '0112100049571', '11092022_102727.pdf', 'Tin Done', 34, 37, 3, '2022-09-11 04:27:27', '2022-09-11 04:57:50', NULL),
(163, '0112000391943', '11092022_112527.pdf', 'Birth Place Done', 18, 37, 3, '2022-09-11 05:25:27', '2022-09-11 06:09:11', NULL),
(164, '0112000213496', '11092022_121920.pdf', 'Dormant & Name Done', 10, 37, 3, '2022-09-11 06:19:20', '2022-09-11 07:10:04', NULL),
(165, '0112700419775', '11092022_123320.pdf', 'Name Done', 10, 37, 3, '2022-09-11 06:33:20', '2022-09-11 07:22:24', NULL),
(166, '011290052444', '11092022_124923.pdf', 'Email Done', 6, 37, 3, '2022-09-11 06:49:23', '2022-09-11 07:13:50', NULL),
(167, '0112900522444', '11092022_154423.pdf', 'Please send card division', 6, 37, 2, '2022-09-11 09:44:23', '2022-09-11 10:27:50', NULL),
(168, '0112000378793', '11092022_165852.pdf', 'Mobile Done', 63, 37, 3, '2022-09-11 09:50:47', '2022-09-12 03:11:54', NULL),
(169, '0112100014171', '11092022_165959.pdf', 'Staff to General Covert Done', 50, 37, 3, '2022-09-11 10:37:59', '2022-09-11 11:05:13', NULL),
(170, '0112900518839', '11092022_163938.pdf', NULL, 31, NULL, 1, '2022-09-11 10:39:38', '2022-09-11 10:39:38', NULL),
(171, '0112000333831', '12092022_125920.pdf', 'Dormant Done', 63, 37, 3, '2022-09-12 06:59:20', '2022-09-12 07:03:20', NULL),
(172, '0112000273079', '12092022_130557.pdf', 'Mobile Done', 18, 37, 3, '2022-09-12 07:05:57', '2022-09-12 08:08:17', NULL),
(173, '0112000306598', '12092022_130630.pdf', 'Email Done', 18, 37, 3, '2022-09-12 07:06:30', '2022-09-12 08:09:47', NULL),
(174, '0112000520957', '12092022_130651.pdf', NULL, 18, NULL, 1, '2022-09-12 07:06:51', '2022-09-12 07:06:51', NULL),
(175, '0112000339919', '12092022_144724.pdf', 'Email Done', 64, 37, 3, '2022-09-12 08:47:24', '2022-09-12 09:14:50', NULL),
(176, '0112900523532', '12092022_145017.pdf', 'Mobile & Email Done', 64, 37, 3, '2022-09-12 08:48:39', '2022-09-12 09:10:42', NULL),
(177, '0112000165427', '12092022_154050.pdf', 'Name Done', 67, 37, 3, '2022-09-12 09:40:50', '2022-09-12 10:36:11', NULL),
(178, '0112000266792', '12092022_161916.pdf', 'Mobile Done', 57, 37, 3, '2022-09-12 10:19:16', '2022-09-12 10:30:24', NULL),
(179, '0112000509960', '13092022_105350.pdf', 'Email Done', 53, 37, 3, '2022-09-13 04:53:50', '2022-09-13 06:07:26', NULL),
(180, '0112000167384', '13092022_111204.pdf', 'Name Done', 49, 37, 3, '2022-09-13 05:12:04', '2022-09-13 05:51:58', NULL),
(181, '0112900510979', '13092022_113403.pdf', 'Tin Done', 53, 37, 3, '2022-09-13 05:34:03', '2022-09-13 05:58:35', NULL),
(182, '0112000193251', '13092022_123515.pdf', 'Required call back confirmation', 64, 37, 3, '2022-09-13 06:35:15', '2022-09-13 06:39:20', NULL),
(183, '0112000193251', '13092022_124311.pdf', 'Mobile Done', 64, 37, 3, '2022-09-13 06:43:11', '2022-09-13 06:51:04', NULL),
(184, '0150200224023', '13092022_130017.pdf', 'Tin Done', 18, 37, 3, '2022-09-13 07:00:17', '2022-09-13 07:10:40', NULL),
(185, '0112000328369', '13092022_131925.pdf', 'Dormant Done', 18, 37, 3, '2022-09-13 07:19:25', '2022-09-13 07:26:00', NULL),
(186, '0112000054028', '13092022_133525.pdf', 'Mobile Done', 10, 37, 3, '2022-09-13 07:35:25', '2022-09-13 08:05:15', NULL),
(187, '0112900513021', '13092022_154717.pdf', 'NID Done', 23, 37, 3, '2022-09-13 09:47:17', '2022-09-13 10:34:21', NULL),
(188, '0112700524015', '14092022_133441.pdf', 'DONE', 59, 38, 3, '2022-09-14 07:34:41', '2022-09-14 07:59:57', NULL),
(189, '0112700443980', '14092022_134224.pdf', 'Double send', 23, 37, 3, '2022-09-14 07:42:24', '2022-09-14 08:34:25', NULL),
(190, '0112700443980', '14092022_141302.pdf', 'Dormant Done', 24, 37, 3, '2022-09-14 08:13:02', '2022-09-14 08:33:42', NULL),
(191, '0112000105486', '14092022_180021.pdf', 'Tin Done', 55, 37, 3, '2022-09-14 12:00:21', '2022-09-15 04:26:09', NULL),
(192, '0134000374511', '15092022_140643.pdf', 'Tin Done', 18, 37, 3, '2022-09-15 08:06:43', '2022-09-15 08:45:07', NULL),
(193, '0112900418129', '15092022_140745.pdf', 'Done (Branch_Hasan)', 53, 37, 3, '2022-09-15 08:07:45', '2022-09-15 08:48:09', NULL),
(194, '0112000523553', '15092022_141456.pdf', 'DONE', 59, 35, 3, '2022-09-15 08:14:56', '2022-09-21 10:41:10', NULL),
(195, '0112900450168', '15092022_144010.pdf', 'Address Done', 6, 37, 3, '2022-09-15 08:40:10', '2022-09-15 08:58:33', NULL),
(196, '0112900424362', '18092022_111009.pdf', 'Dormant Done', 29, 37, 3, '2022-09-18 05:10:09', '2022-09-18 05:21:16', NULL),
(197, '0112900511681', '18092022_113800.pdf', 'Email Done', 9, 37, 3, '2022-09-18 05:38:00', '2022-09-18 06:22:06', NULL),
(198, '0112000050777', '18092022_145344.pdf', 'Mobile Done', 10, 37, 3, '2022-09-18 08:53:44', '2022-09-18 09:13:28', NULL),
(199, '0112700439948', '18092022_145414.pdf', 'Dormant Done', 10, 37, 3, '2022-09-18 08:54:14', '2022-09-18 09:13:45', NULL),
(200, '0112700439948', '18092022_145422.pdf', 'Dormant Done', 10, 37, 3, '2022-09-18 08:54:22', '2022-09-18 09:11:59', NULL),
(201, '0112000523553', '18092022_153711.pdf', 'DONE', 59, 38, 3, '2022-09-18 09:37:11', '2022-09-18 10:39:44', NULL),
(202, '0112700422113', '18092022_154753.pdf', 'Dormant Done', 68, 37, 3, '2022-09-18 09:47:53', '2022-09-18 10:09:47', NULL),
(203, '0112900501251', '19092022_121955.pdf', 'DOB Done', 55, 37, 3, '2022-09-19 06:19:55', '2022-09-19 07:23:54', NULL),
(204, '0112700438546', '19092022_132405.pdf', 'Email Done', 68, 37, 3, '2022-09-19 07:11:46', '2022-09-19 07:50:04', NULL),
(205, '0112100454890', '19092022_163649.pdf', 'Email Done', 18, 37, 3, '2022-09-19 09:06:30', '2022-09-19 10:56:24', NULL),
(206, '0112000301014', '19092022_170137.pdf', 'Mobile Done', 29, 37, 3, '2022-09-19 11:01:37', '2022-09-19 11:35:25', NULL),
(207, '0112000052458', '20092022_103738.pdf', 'Dormant Done', 34, 37, 3, '2022-09-20 04:27:22', '2022-09-20 04:44:05', NULL),
(208, '0112900398720', '20092022_114329.pdf', 'Mobile Done', 34, 37, 3, '2022-09-20 05:43:29', '2022-09-20 09:27:28', NULL),
(209, '0112000390707', '20092022_164638.pdf', 'Mobile- Done', 6, 36, 3, '2022-09-20 10:46:38', '2022-09-20 10:54:36', NULL),
(210, '0151400248302', '21092022_101054.pdf', 'TIN-Done', 53, 36, 3, '2022-09-21 04:10:54', '2022-09-21 04:16:42', NULL),
(211, '0112000092208', '21092022_105617.pdf', NULL, 18, NULL, 1, '2022-09-21 04:56:17', '2022-09-21 04:56:17', NULL),
(212, '0112000092208', '21092022_105647.pdf', 'Dormant Done', 18, 37, 3, '2022-09-21 04:56:47', '2022-09-21 05:31:21', NULL),
(213, '0112000211792', '21092022_105718.pdf', NULL, 18, NULL, 1, '2022-09-21 04:57:18', '2022-09-21 04:57:18', NULL),
(214, '0112000524769', '21092022_115529.pdf', 'KYC DONE', 34, 38, 3, '2022-09-21 05:55:29', '2022-09-21 07:48:02', NULL),
(215, '0112000462457', '21092022_124150.pdf', 'Done', 18, 37, 3, '2022-09-21 06:41:50', '2022-09-21 07:31:41', NULL),
(216, '0112000336669', '21092022_142652.pdf', 'Nominee Done', 49, 37, 3, '2022-09-21 08:26:52', '2022-09-21 09:47:36', NULL),
(217, '0112000089292', '21092022_150413.pdf', 'Dormant Done', 18, 37, 3, '2022-09-21 09:04:13', '2022-09-21 09:48:19', NULL),
(218, '0112900414342', '21092022_155113.pdf', 'Email Done', 51, 37, 3, '2022-09-21 09:51:13', '2022-09-21 10:25:05', NULL),
(219, '0112000304463', '21092022_162619.pdf', 'TIN-DONE', 6, 36, 3, '2022-09-21 10:26:19', '2022-09-21 10:35:05', NULL),
(220, '0112700433617', '22092022_102830.pdf', 'Mobile Done', 57, 37, 3, '2022-09-21 11:09:05', '2022-09-22 04:31:52', NULL),
(221, '0112000244498', '22092022_092318.pdf', 'Mobile Done', 49, 37, 3, '2022-09-22 03:23:18', '2022-09-22 03:43:41', NULL),
(222, '0112100521950', '22092022_092419.pdf', 'Email Done', 49, 37, 3, '2022-09-22 03:24:19', '2022-09-22 03:47:13', NULL),
(223, '0112000254920', '22092022_092839.pdf', 'Tin Done', 18, 37, 3, '2022-09-22 03:28:39', '2022-09-22 03:44:10', NULL),
(224, '0112000125606', '22092022_093545.pdf', 'Dormant Done', 18, 37, 3, '2022-09-22 03:35:45', '2022-09-22 03:43:05', NULL),
(225, '0112000137011', '22092022_102428.pdf', 'Dormant Done', 34, 37, 3, '2022-09-22 04:14:47', '2022-09-22 04:30:18', NULL),
(226, '0112000335211', '22092022_105041.pdf', 'Dormant Done', 61, 37, 3, '2022-09-22 04:50:41', '2022-09-22 04:52:03', NULL),
(227, '0112000089292', '22092022_122022.pdf', 'Dormant Done', 18, 37, 3, '2022-09-22 06:20:22', '2022-09-22 06:29:54', NULL),
(228, '0112000346787', '22092022_124930.pdf', 'Mobile Done', 18, 37, 3, '2022-09-22 06:49:30', '2022-09-22 08:05:28', NULL),
(229, '0112700436986', '22092022_125758.pdf', 'Dormant- Done', 29, 36, 3, '2022-09-22 06:57:58', '2022-09-22 07:01:51', NULL),
(230, '0112900524890', '22092022_151120.pdf', 'Email Done', 55, 37, 3, '2022-09-22 08:57:58', '2022-09-22 09:25:54', NULL),
(231, '0112700524457', '22092022_153508.pdf', 'Tin Done', 6, 37, 3, '2022-09-22 09:35:08', '2022-09-22 10:27:32', NULL),
(232, '0112900450280', '25092022_095923.pdf', 'Email Done', 59, 37, 3, '2022-09-25 03:59:23', '2022-09-25 04:14:06', NULL),
(233, '0112000446986', '25092022_095956.pdf', 'Mobile Done', 59, 37, 3, '2022-09-25 03:59:56', '2022-09-25 04:13:17', NULL),
(234, '0112700499139', '25092022_113417.pdf', 'Name Done', 59, 37, 3, '2022-09-25 05:34:17', '2022-09-25 06:36:57', NULL),
(235, '0112900522647', '25092022_125045.pdf', 'Email Done', 54, 37, 3, '2022-09-25 05:38:52', '2022-09-25 07:03:09', NULL),
(236, '0112000307753', '25092022_130704.pdf', NULL, 59, NULL, 1, '2022-09-25 07:07:04', '2022-09-25 07:07:04', NULL),
(237, '0112000243300', '25092022_132648.pdf', NULL, 18, NULL, 1, '2022-09-25 07:26:48', '2022-09-25 07:26:48', NULL);

-- --------------------------------------------------------

--
-- Table structure for table `correspondence_files_remarks`
--

CREATE TABLE `correspondence_files_remarks` (
  `id` bigint(20) UNSIGNED NOT NULL,
  `c_file_id` int(11) NOT NULL,
  `remarks` varchar(191) COLLATE utf8mb4_unicode_ci NOT NULL,
  `updated_by` bigint(20) NOT NULL,
  `created_at` timestamp NULL DEFAULT NULL,
  `updated_at` timestamp NULL DEFAULT NULL,
  `deleted_at` timestamp NULL DEFAULT NULL
) ENGINE=InnoDB DEFAULT CHARSET=utf8mb4 COLLATE=utf8mb4_unicode_ci;

-- --------------------------------------------------------

--
-- Table structure for table `documents`
--

CREATE TABLE `documents` (
  `id` bigint(20) UNSIGNED NOT NULL,
  `document_type` varchar(191) COLLATE utf8mb4_unicode_ci NOT NULL,
  `is_required` varchar(191) COLLATE utf8mb4_unicode_ci DEFAULT NULL,
  `ordinal` int(10) UNSIGNED DEFAULT NULL,
  `status` tinyint(1) NOT NULL DEFAULT 1 COMMENT '0:inactive | 1:active',
  `created_at` timestamp NULL DEFAULT NULL,
  `updated_at` timestamp NULL DEFAULT NULL,
  `deleted_at` timestamp NULL DEFAULT NULL
) ENGINE=InnoDB DEFAULT CHARSET=utf8mb4 COLLATE=utf8mb4_unicode_ci;

--
-- Dumping data for table `documents`
--

INSERT INTO `documents` (`id`, `document_type`, `is_required`, `ordinal`, `status`, `created_at`, `updated_at`, `deleted_at`) VALUES
(1, 'Photo', 'YES', 2, 1, '2022-05-24 04:37:32', '2022-08-02 03:37:55', '2022-08-02 03:37:55'),
(2, 'Attachment', 'YES', 1, 1, '2022-05-24 04:46:01', '2022-08-02 03:38:22', NULL),
(18, 'Signature Card', 'YES', 3, 1, '2022-08-02 01:59:20', '2022-08-02 02:08:48', '2022-08-02 02:08:48'),
(19, 'Nominee Photo', 'YES', 4, 1, '2022-08-02 01:59:55', '2022-08-02 02:08:52', '2022-08-02 02:08:52'),
(20, 'Nominee NID', 'YES', 5, 1, '2022-08-02 02:00:07', '2022-08-02 02:08:55', '2022-08-02 02:08:55'),
(21, 'Others', 'NO', 6, 1, '2022-08-02 02:00:18', '2022-08-02 02:08:59', '2022-08-02 02:08:59');

-- --------------------------------------------------------

--
-- Table structure for table `identification_type`
--

CREATE TABLE `identification_type` (
  `id` bigint(20) UNSIGNED NOT NULL,
  `type` varchar(191) COLLATE utf8mb4_unicode_ci NOT NULL,
  `value` varchar(191) COLLATE utf8mb4_unicode_ci NOT NULL,
  `status` tinyint(1) NOT NULL DEFAULT 1 COMMENT '0:inactive | 1:active',
  `created_at` timestamp NULL DEFAULT NULL,
  `updated_at` timestamp NULL DEFAULT NULL,
  `deleted_at` timestamp NULL DEFAULT NULL
) ENGINE=InnoDB DEFAULT CHARSET=utf8mb4 COLLATE=utf8mb4_unicode_ci;

--
-- Dumping data for table `identification_type`
--

INSERT INTO `identification_type` (`id`, `type`, `value`, `status`, `created_at`, `updated_at`, `deleted_at`) VALUES
(1, 'NID', 'NATIONAL.ID', 1, '2022-06-06 06:32:23', '2022-06-06 06:32:23', NULL),
(2, 'TIN', 'TIN', 1, '2022-06-06 06:32:23', '2022-06-06 06:32:23', NULL),
(3, 'Birth Certificate', 'Birth Certificate', 1, '2022-06-06 06:32:23', '2022-06-06 06:32:23', NULL),
(4, 'Passport Number', 'Passport Number', 1, '2022-06-06 06:32:23', '2022-06-06 06:32:23', NULL);

-- --------------------------------------------------------

--
-- Table structure for table `migrations`
--

CREATE TABLE `migrations` (
  `id` int(10) UNSIGNED NOT NULL,
  `migration` varchar(191) COLLATE utf8mb4_unicode_ci NOT NULL,
  `batch` int(11) NOT NULL
) ENGINE=InnoDB DEFAULT CHARSET=utf8mb4 COLLATE=utf8mb4_unicode_ci;

--
-- Dumping data for table `migrations`
--

INSERT INTO `migrations` (`id`, `migration`, `batch`) VALUES
(1, '2020_06_13_124805_create_sys_modules_table', 1),
(2, '2020_06_13_124895_create_sys_rules_table', 1),
(3, '2020_06_13_124947_create_sys_languages_table', 1),
(4, '2020_06_13_125229_create_sys_language_master_table', 1),
(5, '2020_06_13_125343_create_sys_language_master_details_table', 1),
(6, '2020_06_13_125539_create_sys_divisions_table', 1),
(7, '2020_06_13_125628_create_sys_branches_table', 1),
(8, '2020_06_13_130051_create_sys_groups_table', 1),
(9, '2020_06_13_130145_create_sys_users_table', 1),
(10, '2020_06_13_130305_create_sys_user_group_table', 1),
(11, '2020_06_13_131114_create_sys_group_branch_table', 1),
(12, '2020_06_13_131500_create_sys_group_rule_table', 1),
(13, '2020_06_13_131642_create_sys_logs_table', 1),
(14, '2020_06_13_131738_create_sys_log_details_table', 1),
(15, '2020_06_13_214005_create_products_table', 1),
(16, '2020_06_22_144301_create_sys_config_table', 1),
(17, '2020_06_27_034310_modify_column_in_products_table', 1),
(18, '2020_06_27_130302_add_columns_date_in_products_table', 1),
(19, '2020_07_03_154037_create_topics_table', 1),
(20, '2020_07_03_154134_create_articles_table', 1),
(21, '2020_07_03_154155_create_article_topic_table', 1),
(22, '2020_07_04_194114_create_banners_table', 1),
(23, '2020_07_05_215812_add_attachments_in_products_table', 1),
(24, '2020_07_08_223645_add_force_logout_column_in_sys_users_table', 1),
(25, '2020_12_19_032954_modify_column_email_verified_at_in_sys_users_table', 1),
(26, '2020_12_19_041128_modify_column_replaced_at_in_products_table', 1),
(27, '2020_12_19_041210_modify_column_posted_at_in_articles_table', 1),
(28, '2020_12_19_055717_add_og_columns_in_sys_config_table', 1),
(30, '2022_05_24_084108_create_documents_table', 2),
(32, '2022_05_25_041318_add_branch_id_to_sys_user_group_table', 3),
(39, '2022_06_06_062734_create_identificationtype_table', 8),
(42, '2022_05_25_092628_create_caos_file_details_table', 9),
(43, '2022_06_05_175030_create_caos_files_b_o_d_s_table', 9),
(44, '2022_05_25_050743_create_caos_file_uploads_table', 10),
(45, '2022_08_02_045924_create_bod_feedback_table', 11),
(46, '2022_08_02_050152_bod_feedback_remarks_trigger', 12),
(48, '2022_08_04_055935_create_table_correspondence_files', 13),
(49, '2022_08_04_060019_create_table_correspondence_files_remarks', 13);

-- --------------------------------------------------------

--
-- Table structure for table `products`
--

CREATE TABLE `products` (
  `id` bigint(20) UNSIGNED NOT NULL,
  `title` varchar(100) COLLATE utf8mb4_unicode_ci NOT NULL,
  `subtitle` varchar(100) COLLATE utf8mb4_unicode_ci DEFAULT NULL,
  `image` varchar(100) COLLATE utf8mb4_unicode_ci DEFAULT NULL,
  `description` text COLLATE utf8mb4_unicode_ci DEFAULT NULL,
  `purchase_date` date DEFAULT NULL,
  `expired_date` date DEFAULT NULL,
  `qty` int(10) UNSIGNED DEFAULT NULL,
  `attachments` text COLLATE utf8mb4_unicode_ci DEFAULT NULL,
  `status` tinyint(1) NOT NULL DEFAULT 1,
  `created_at` timestamp NULL DEFAULT NULL,
  `updated_at` timestamp NULL DEFAULT NULL,
  `deleted_at` timestamp NULL DEFAULT NULL,
  `replaced_at` datetime DEFAULT NULL
) ENGINE=InnoDB DEFAULT CHARSET=utf8mb4 COLLATE=utf8mb4_unicode_ci;

--
-- Dumping data for table `products`
--

INSERT INTO `products` (`id`, `title`, `subtitle`, `image`, `description`, `purchase_date`, `expired_date`, `qty`, `attachments`, `status`, `created_at`, `updated_at`, `deleted_at`, `replaced_at`) VALUES
(1, 'PageBuilder', 'PageBuilder (Build pages using content elements)', 'uploads/product/1593851803-product.jpg', '<p>PageBuilder (Build pages using content elements)</p>\r\n<p><a href=\"https://github.com/vickzkater/kiniditech-pagebuilder\">https://github.com/vickzkater/kiniditech-pagebuilder</a></p>', '2020-07-04', NULL, NULL, NULL, 1, '2020-06-14 07:32:50', '2020-07-04 09:36:43', NULL, NULL),
(2, 'Mailchimp API Helper - Laravel Library', 'Mailchimp API Helper - Laravel Library (MailchimpHelper)', 'uploads/product/1593851957-product.png', '<p><span style=\"color: #24292e; font-family: -apple-system, BlinkMacSystemFont, \'Segoe UI\', Helvetica, Arial, sans-serif, \'Apple Color Emoji\', \'Segoe UI Emoji\'; font-size: 16px; background-color: #ffffff;\">Mailchimp API Helper - Laravel Library (MailchimpHelper)</span></p>\r\n<p><a href=\"https://github.com/vickzkater/mailchimp-helper-laravel\">https://github.com/vickzkater/mailchimp-helper-laravel</a></p>', '2020-07-04', NULL, NULL, NULL, 1, '2020-06-14 07:54:24', '2020-07-04 09:39:17', NULL, NULL),
(3, 'GoSMSGateway API - Laravel Library', 'GoSMSGateway API - Laravel Library (GoSms)', 'uploads/product/1593851888-product.png', '<p>GoSMSGateway API - Laravel Library (GoSms)</p>\r\n<p><a href=\"https://github.com/vickzkater/gosms-laravel\">https://github.com/vickzkater/gosms-laravel</a></p>', '2020-07-04', NULL, NULL, NULL, 1, '2020-06-14 08:02:10', '2020-07-04 09:38:08', NULL, NULL);

-- --------------------------------------------------------

--
-- Table structure for table `sys_branches`
--

CREATE TABLE `sys_branches` (
  `id` bigint(20) UNSIGNED NOT NULL,
  `division_id` bigint(20) NOT NULL,
  `name` varchar(191) COLLATE utf8mb4_unicode_ci NOT NULL,
  `location` varchar(191) COLLATE utf8mb4_unicode_ci DEFAULT NULL,
  `gmaps` varchar(191) COLLATE utf8mb4_unicode_ci DEFAULT NULL,
  `phone` varchar(191) COLLATE utf8mb4_unicode_ci DEFAULT NULL,
  `status` tinyint(1) NOT NULL DEFAULT 1,
  `ordinal` int(10) UNSIGNED DEFAULT NULL,
  `created_at` timestamp NULL DEFAULT NULL,
  `updated_at` timestamp NULL DEFAULT NULL,
  `deleted_at` timestamp NULL DEFAULT NULL
) ENGINE=InnoDB DEFAULT CHARSET=utf8mb4 COLLATE=utf8mb4_unicode_ci;

--
-- Dumping data for table `sys_branches`
--

INSERT INTO `sys_branches` (`id`, `division_id`, `name`, `location`, `gmaps`, `phone`, `status`, `ordinal`, `created_at`, `updated_at`, `deleted_at`) VALUES
(1, 1, 'Aganagar Branch', NULL, NULL, NULL, 1, 1, '2020-08-09 10:50:59', '2020-08-09 10:50:59', NULL),
(2, 1, 'Bakshigonj Branch', 'wrw', NULL, '621251552145521', 1, 2, '2022-05-24 03:52:00', '2022-05-24 03:52:00', NULL),
(3, 1, 'Bashundhara Branch', 'qwreqre', NULL, '622143124124', 1, 3, '2022-05-24 03:56:26', '2022-05-24 03:56:26', NULL),
(4, 1, 'Bhulta Branch', NULL, NULL, NULL, 1, 4, '2022-05-24 03:56:26', '2022-05-24 03:56:26', NULL),
(5, 1, 'Bibir Bazar Branch', NULL, NULL, NULL, 1, 5, '2022-05-24 03:56:26', '2022-05-24 03:56:26', NULL),
(6, 1, 'Bogra Branch', NULL, NULL, NULL, 1, 6, '2022-05-24 03:56:26', '2022-05-24 03:56:26', NULL),
(7, 1, 'Brahmanbaria Branch', NULL, NULL, NULL, 1, 7, '2022-05-24 03:56:26', '2022-05-24 03:56:26', NULL),
(8, 1, 'Chandnighat Branch', NULL, NULL, NULL, 1, 8, '2022-05-24 03:56:26', '2022-05-24 03:56:26', NULL),
(9, 1, 'Chandpur Branch', NULL, NULL, NULL, 1, 9, '2022-05-24 03:56:26', '2022-05-24 03:56:26', NULL),
(10, 1, 'Chinishpur Branch', NULL, NULL, NULL, 1, 10, '2022-05-24 03:56:26', '2022-05-24 03:56:26', NULL),
(11, 1, 'Comilla Branch', NULL, NULL, NULL, 1, 11, '2022-05-24 03:56:26', '2022-05-24 03:56:26', NULL),
(12, 1, 'Dhanmondi Branch', NULL, NULL, NULL, 1, 12, '2022-05-24 03:56:26', '2022-05-24 03:56:26', NULL),
(13, 1, 'Dumki Branch', NULL, NULL, NULL, 1, 13, '2022-05-24 03:56:26', '2022-05-24 03:56:26', NULL),
(14, 1, 'GULSHAN 2 BRANCH', NULL, NULL, NULL, 1, 14, '2022-05-24 03:56:26', '2022-05-24 03:56:26', NULL),
(15, 1, 'Goalabazar Branch', NULL, NULL, NULL, 1, 15, '2022-05-24 03:56:26', '2022-05-24 03:56:26', NULL),
(16, 1, 'Gopalganj Branch', NULL, NULL, NULL, 1, 16, '2022-05-24 03:56:26', '2022-05-24 03:56:26', NULL),
(17, 1, 'Gridkalindiya Branch', NULL, NULL, NULL, 1, 17, '2022-05-24 03:56:26', '2022-05-24 03:56:26', NULL),
(18, 1, 'Gulshan Corporate Branch', NULL, NULL, NULL, 1, 18, '2022-05-24 03:56:26', '2022-05-24 03:56:26', NULL),
(19, 1, 'Gulshan South Avenue Branch', NULL, NULL, NULL, 1, 19, '2022-05-24 03:56:26', '2022-05-24 03:56:26', NULL),
(20, 1, 'Haluaghat Branch', NULL, NULL, NULL, 1, 20, '2022-05-24 03:56:26', '2022-05-24 03:56:26', NULL),
(21, 1, 'Hazigonj Branch', NULL, NULL, NULL, 1, 21, '2022-05-24 03:56:26', '2022-05-24 03:56:26', NULL),
(22, 1, 'Imamgonj Branch', NULL, NULL, NULL, 1, 22, '2022-05-24 03:56:26', '2022-05-24 03:56:26', NULL),
(23, 1, 'Islampur Branch', NULL, NULL, NULL, 1, 23, '2022-05-24 03:56:26', '2022-05-24 03:56:26', NULL),
(24, 1, 'Jamalpur Branch', NULL, NULL, NULL, 1, 24, '2022-05-24 03:56:26', '2022-05-24 03:56:26', NULL),
(25, 1, 'Jhenaigati Branch', NULL, NULL, NULL, 1, 25, '2022-05-24 03:56:26', '2022-05-24 03:56:26', NULL),
(26, 1, 'Joypara Branch', NULL, NULL, NULL, 1, 26, '2022-05-24 03:56:26', '2022-05-24 03:56:26', NULL),
(27, 1, 'Kachua Branch', NULL, NULL, NULL, 1, 27, '2022-05-24 03:56:26', '2022-05-24 03:56:26', NULL),
(28, 1, 'Kakrail Branch', NULL, NULL, NULL, 1, 28, '2022-05-24 03:56:26', '2022-05-24 03:56:26', NULL),
(29, 1, 'Kalashkathi Branch', NULL, NULL, NULL, 1, 29, '2022-05-24 03:56:26', '2022-05-24 03:56:26', NULL),
(30, 1, 'Kalmakanda Branch', NULL, NULL, NULL, 1, 30, '2022-05-24 03:56:26', '2022-05-24 03:56:26', NULL),
(31, 1, 'Kamrangirchar Branch', NULL, NULL, NULL, 1, 31, '2022-05-24 03:56:26', '2022-05-24 03:56:26', NULL),
(32, 1, 'Kazi Nazrul Islam Avenue Branch', NULL, NULL, NULL, 1, 32, '2022-05-24 03:56:26', '2022-05-24 03:56:26', NULL),
(33, 1, 'Keranihat Branch', NULL, NULL, NULL, 1, 33, '2022-05-24 03:56:26', '2022-05-24 03:56:26', NULL),
(34, 1, 'Khatungonj Branch', NULL, NULL, NULL, 1, 34, '2022-05-24 03:56:26', '2022-05-24 03:56:26', NULL),
(35, 1, 'Khulna Branch', NULL, NULL, NULL, 1, 35, '2022-05-24 03:56:26', '2022-05-24 03:56:26', NULL),
(36, 1, 'Lohagara Branch', NULL, NULL, NULL, 1, 36, '2022-05-24 03:56:26', '2022-05-24 03:56:26', NULL),
(37, 1, 'Mawna Branch', NULL, NULL, NULL, 1, 37, '2022-05-24 03:56:26', '2022-05-24 03:56:26', NULL),
(38, 1, 'Mirpur Branch', NULL, NULL, NULL, 1, 38, '2022-05-24 03:56:26', '2022-05-24 03:56:26', NULL),
(39, 1, 'Motijheel Branch', NULL, NULL, NULL, 1, 39, '2022-05-24 03:56:26', '2022-05-24 03:56:26', NULL),
(40, 1, 'Mymensingh Branch', NULL, NULL, NULL, 1, 40, '2022-05-24 03:56:26', '2022-05-24 03:56:26', NULL),
(41, 1, 'Nalitabari Branch', NULL, NULL, NULL, 1, 41, '2022-05-24 03:56:26', '2022-05-24 03:56:26', NULL),
(42, 1, 'Naogaon Branch', NULL, NULL, NULL, 1, 42, '2022-05-24 03:56:26', '2022-05-24 03:56:26', NULL),
(43, 1, 'Narayanpur Branch', NULL, NULL, NULL, 1, 43, '2022-05-24 03:56:26', '2022-05-24 03:56:26', NULL),
(44, 1, 'Netrokona Branch', NULL, NULL, NULL, 1, 44, '2022-05-24 03:56:26', '2022-05-24 03:56:26', NULL),
(45, 1, 'Nilphamari Branch', NULL, NULL, NULL, 1, 45, '2022-05-24 03:56:26', '2022-05-24 03:56:26', NULL),
(46, 1, 'Patuakhali Branch', NULL, NULL, NULL, 1, 46, '2022-05-24 03:56:26', '2022-05-24 03:56:26', NULL),
(47, 1, 'Polashbari Branch', NULL, NULL, NULL, 1, 47, '2022-05-24 03:56:26', '2022-05-24 03:56:26', NULL),
(48, 1, 'Pragati Sarani Branch', NULL, NULL, NULL, 1, 48, '2022-05-24 03:56:26', '2022-05-24 03:56:26', NULL),
(49, 1, 'Rahimanagar Bazar Branch', NULL, NULL, NULL, 1, 49, '2022-05-24 03:56:26', '2022-05-24 03:56:26', NULL),
(50, 1, 'Sherpur Branch', NULL, NULL, NULL, 1, 50, '2022-05-24 03:56:26', '2022-05-24 03:56:26', NULL),
(51, 1, 'Shyamgonj Kalibari Bazar Branch', NULL, NULL, NULL, 1, 51, '2022-05-24 03:56:26', '2022-05-24 03:56:26', NULL),
(52, 1, 'Shyampur Branch', NULL, NULL, NULL, 1, 52, '2022-05-24 03:56:26', '2022-05-24 03:56:26', NULL),
(53, 1, 'Siddhirgonj Branch', NULL, NULL, NULL, 1, 53, '2022-05-24 03:56:26', '2022-05-24 03:56:26', NULL),
(54, 1, 'Sreebardi Branch', NULL, NULL, NULL, 1, 54, '2022-05-24 03:56:26', '2022-05-24 03:56:26', NULL),
(55, 1, 'Subidkhali Branch', NULL, NULL, NULL, 1, 55, '2022-05-24 03:56:26', '2022-05-24 03:56:26', NULL),
(56, 1, 'Sujatpur Bazar Branch', NULL, NULL, NULL, 1, 56, '2022-05-24 03:56:26', '2022-05-24 03:56:26', NULL),
(57, 1, 'Tangail Branch', NULL, NULL, NULL, 1, 57, '2022-05-24 03:56:26', '2022-05-24 03:56:26', NULL),
(58, 1, 'Tarakanda Branch', NULL, NULL, NULL, 1, 58, '2022-05-24 03:56:26', '2022-05-24 03:56:26', NULL),
(59, 1, 'Uttara Branch', NULL, NULL, NULL, 1, 59, '2022-05-24 03:56:26', '2022-05-24 03:56:26', NULL),
(60, 1, 'Liability Operations Department', NULL, NULL, NULL, 1, 60, '2022-08-03 01:19:56', '2022-08-29 03:16:42', NULL),
(61, 1, 'Banasree Sub Branch', NULL, NULL, NULL, 1, 61, '2022-08-16 07:20:48', '2022-08-16 07:20:48', NULL);

-- --------------------------------------------------------

--
-- Table structure for table `sys_config`
--

CREATE TABLE `sys_config` (
  `id` bigint(20) UNSIGNED NOT NULL,
  `app_name` varchar(191) COLLATE utf8mb4_unicode_ci NOT NULL DEFAULT 'Lara-S-CMS',
  `app_url_site` varchar(191) COLLATE utf8mb4_unicode_ci NOT NULL DEFAULT 'http://localhost/lara-s-cms/public/',
  `app_url_main` varchar(191) COLLATE utf8mb4_unicode_ci DEFAULT 'http://localhost/lara-s-cms/public/',
  `app_version` varchar(10) COLLATE utf8mb4_unicode_ci NOT NULL DEFAULT '1.0',
  `app_favicon_type` varchar(10) COLLATE utf8mb4_unicode_ci NOT NULL DEFAULT 'ico',
  `app_favicon` varchar(191) COLLATE utf8mb4_unicode_ci NOT NULL DEFAULT 'favicon.ico',
  `app_logo` varchar(20) COLLATE utf8mb4_unicode_ci DEFAULT 'laptop' COMMENT 'using Font Awesome',
  `app_logo_image` varchar(191) COLLATE utf8mb4_unicode_ci DEFAULT 'uploads/config/logo-square.png',
  `help` varchar(191) COLLATE utf8mb4_unicode_ci NOT NULL DEFAULT 'Content Management System for Website Lara-S-CMS',
  `powered` varchar(191) COLLATE utf8mb4_unicode_ci DEFAULT 'KINIDI Tech',
  `powered_url` varchar(191) COLLATE utf8mb4_unicode_ci DEFAULT 'https://kiniditech.com',
  `meta_keywords` text COLLATE utf8mb4_unicode_ci DEFAULT NULL,
  `meta_title` varchar(191) COLLATE utf8mb4_unicode_ci NOT NULL DEFAULT 'Lara-S-CMS is a PHP Laravel Skeleton',
  `meta_description` text COLLATE utf8mb4_unicode_ci DEFAULT NULL,
  `meta_author` varchar(191) COLLATE utf8mb4_unicode_ci NOT NULL DEFAULT 'KINIDI Tech',
  `og_type` varchar(191) COLLATE utf8mb4_unicode_ci DEFAULT NULL,
  `og_site_name` varchar(191) COLLATE utf8mb4_unicode_ci DEFAULT NULL,
  `og_title` varchar(191) COLLATE utf8mb4_unicode_ci DEFAULT NULL,
  `og_image` varchar(191) COLLATE utf8mb4_unicode_ci DEFAULT NULL,
  `og_description` text COLLATE utf8mb4_unicode_ci DEFAULT NULL,
  `fb_app_id` varchar(191) COLLATE utf8mb4_unicode_ci DEFAULT NULL,
  `twitter_card` enum('summary','summary_large_image','app','player') COLLATE utf8mb4_unicode_ci NOT NULL DEFAULT 'summary',
  `twitter_site` varchar(191) COLLATE utf8mb4_unicode_ci DEFAULT NULL COMMENT '@username for the website used in the card footer. Used with summary, summary_large_image, app, player cards.',
  `twitter_site_id` varchar(191) COLLATE utf8mb4_unicode_ci DEFAULT NULL COMMENT 'Same as twitter:site, but the users Twitter ID. Either twitter:site or twitter:site:id is required. Used with summary, summary_large_image, player cards.',
  `twitter_creator` varchar(191) COLLATE utf8mb4_unicode_ci DEFAULT NULL COMMENT '@username for the content creator/author. Used with summary_large_image cards.',
  `twitter_creator_id` varchar(191) COLLATE utf8mb4_unicode_ci DEFAULT NULL COMMENT 'Twitter user ID of content creator. Used with summary, summary_large_image cards.',
  `created_at` timestamp NULL DEFAULT NULL,
  `updated_at` timestamp NULL DEFAULT NULL
) ENGINE=InnoDB DEFAULT CHARSET=utf8mb4 COLLATE=utf8mb4_unicode_ci;

--
-- Dumping data for table `sys_config`
--

INSERT INTO `sys_config` (`id`, `app_name`, `app_url_site`, `app_url_main`, `app_version`, `app_favicon_type`, `app_favicon`, `app_logo`, `app_logo_image`, `help`, `powered`, `powered_url`, `meta_keywords`, `meta_title`, `meta_description`, `meta_author`, `og_type`, `og_site_name`, `og_title`, `og_image`, `og_description`, `fb_app_id`, `twitter_card`, `twitter_site`, `twitter_site_id`, `twitter_creator`, `twitter_creator_id`, `created_at`, `updated_at`) VALUES
(1, 'Document Archival System', 'http://localhost/lara-s-cms/public/', 'http://localhost/lara-s-cms/public/', '1.0', 'ico', 'uploads/config/favicon-1659521296.png', 'laptop', 'uploads/config/document-archival-system-1659521296.png', 'Document Archival System', 'ICT Division', 'https://www.padmabankbd.com/', 'Opening System,Account,Padma Bank', 'Padma Bank Limited.', 'Padma Bank Document Archival System.', 'Padma Bank Limited.', 'website', 'Padma Bank Limited.', 'Padma Bank Limited.', 'uploads/config/document-archival-system-og-1659521296.png', 'Padma Bank Limited.', NULL, 'summary_large_image', NULL, NULL, NULL, NULL, '2020-06-22 16:08:07', '2022-08-10 01:12:19');

-- --------------------------------------------------------

--
-- Table structure for table `sys_divisions`
--

CREATE TABLE `sys_divisions` (
  `id` bigint(20) UNSIGNED NOT NULL,
  `name` varchar(191) COLLATE utf8mb4_unicode_ci NOT NULL,
  `description` text COLLATE utf8mb4_unicode_ci DEFAULT NULL,
  `status` tinyint(1) NOT NULL DEFAULT 1,
  `ordinal` int(10) UNSIGNED DEFAULT NULL,
  `created_at` timestamp NULL DEFAULT NULL,
  `updated_at` timestamp NULL DEFAULT NULL,
  `deleted_at` timestamp NULL DEFAULT NULL
) ENGINE=InnoDB DEFAULT CHARSET=utf8mb4 COLLATE=utf8mb4_unicode_ci;

--
-- Dumping data for table `sys_divisions`
--

INSERT INTO `sys_divisions` (`id`, `name`, `description`, `status`, `ordinal`, `created_at`, `updated_at`, `deleted_at`) VALUES
(1, 'Padma Bank Limited', 'Padma Bank Limited, a fourth-generation bank, inaugurated operations on January 29, 2019, with a new vision and view to become a trusted custodian of financial assets belonging to all valued clients in Bangladesh. The Bank has occupied a unique position through a first-time-ever collaboration in the banking industry that records the inclusion of 4- state-owned commercial banks i.e. Sonali Bank Limited, Janata Bank Limited, Agrani Bank Limited & Rupali Bank Limited, and Investment Corporation of Bangladesh [ICB] as 68% stakeholders.\r\n\r\nWe strive for becoming the first choice of our customers as a distinct financial service provider- Trusted, Respected, and Valued by all our customers and stakeholders. Padma Bank is not growing just to get bigger. We are growing to satisfy the continued demand for a bank that focuses on service. We prioritize ensuring our quality, and integrity, and working with a customer-centric model of services and products. With 59 branches and about 1200 employees, our mix of competitive products, combined with a high level of service and a focus on relationships is an overwhelming value proposition for our customers.\r\n\r\nWe are committed to providing each relationship with an unmatched level of service. While we offer competitive products, services, rates, and technology, the level of service we provide and our commitment to building relationships is what sets us apart from our competitors.\r\n\r\nPadma Bank is backed by the safest and sound patrons and has a history of secure banking practices that would allow us to navigate through changing economic environments. Because of this, our shareholders, employees, customers, and communities can rely on us to be their banking partners for decades to come.', 1, 1, '2020-08-09 10:50:41', '2022-07-30 23:48:15', NULL);

-- --------------------------------------------------------

--
-- Table structure for table `sys_groups`
--

CREATE TABLE `sys_groups` (
  `id` bigint(20) UNSIGNED NOT NULL,
  `name` varchar(191) COLLATE utf8mb4_unicode_ci NOT NULL,
  `status` tinyint(1) NOT NULL DEFAULT 1,
  `created_at` timestamp NULL DEFAULT NULL,
  `updated_at` timestamp NULL DEFAULT NULL,
  `deleted_at` timestamp NULL DEFAULT NULL
) ENGINE=InnoDB DEFAULT CHARSET=utf8mb4 COLLATE=utf8mb4_unicode_ci;

--
-- Dumping data for table `sys_groups`
--

INSERT INTO `sys_groups` (`id`, `name`, `status`, `created_at`, `updated_at`, `deleted_at`) VALUES
(1, 'Super Administrator', 1, '2019-09-17 04:09:35', '2019-09-17 04:09:36', NULL),
(2, 'LOD', 1, '2022-05-24 03:50:53', '2022-08-31 06:00:31', NULL),
(3, 'Branch', 1, '2022-05-25 03:59:34', '2022-05-25 03:59:34', NULL);

-- --------------------------------------------------------

--
-- Table structure for table `sys_group_branch`
--

CREATE TABLE `sys_group_branch` (
  `group` bigint(20) NOT NULL,
  `branch` bigint(20) NOT NULL
) ENGINE=InnoDB DEFAULT CHARSET=utf8mb4 COLLATE=utf8mb4_unicode_ci;

-- --------------------------------------------------------

--
-- Table structure for table `sys_group_rule`
--

CREATE TABLE `sys_group_rule` (
  `group_id` bigint(20) NOT NULL,
  `rule_id` bigint(20) NOT NULL
) ENGINE=InnoDB DEFAULT CHARSET=utf8mb4 COLLATE=utf8mb4_unicode_ci;

--
-- Dumping data for table `sys_group_rule`
--

INSERT INTO `sys_group_rule` (`group_id`, `rule_id`) VALUES
(3, 66),
(3, 45),
(3, 59),
(3, 65),
(3, 61),
(3, 60),
(3, 62),
(3, 64),
(3, 63),
(3, 46),
(3, 47),
(3, 67),
(3, 51),
(3, 50),
(2, 40),
(2, 41),
(2, 66),
(2, 45),
(2, 58),
(2, 44),
(2, 59),
(2, 65),
(2, 64),
(2, 63),
(2, 56),
(2, 67);

-- --------------------------------------------------------

--
-- Table structure for table `sys_languages`
--

CREATE TABLE `sys_languages` (
  `id` bigint(20) UNSIGNED NOT NULL,
  `name` varchar(191) COLLATE utf8mb4_unicode_ci NOT NULL,
  `alias` varchar(191) COLLATE utf8mb4_unicode_ci NOT NULL,
  `status` tinyint(1) NOT NULL DEFAULT 1,
  `ordinal` int(10) UNSIGNED DEFAULT NULL,
  `created_at` timestamp NULL DEFAULT NULL,
  `updated_at` timestamp NULL DEFAULT NULL
) ENGINE=InnoDB DEFAULT CHARSET=utf8mb4 COLLATE=utf8mb4_unicode_ci;

--
-- Dumping data for table `sys_languages`
--

INSERT INTO `sys_languages` (`id`, `name`, `alias`, `status`, `ordinal`, `created_at`, `updated_at`) VALUES
(1, 'English', 'EN', 1, NULL, '2020-06-07 07:59:23', '2020-06-07 07:59:23'),
(2, 'Indonesia', 'ID', 1, NULL, '2020-06-07 07:59:42', '2020-06-13 04:23:08');

-- --------------------------------------------------------

--
-- Table structure for table `sys_language_master`
--

CREATE TABLE `sys_language_master` (
  `id` bigint(20) UNSIGNED NOT NULL,
  `phrase` varchar(191) COLLATE utf8mb4_unicode_ci NOT NULL,
  `status` tinyint(1) NOT NULL DEFAULT 1,
  `created_at` timestamp NULL DEFAULT NULL,
  `updated_at` timestamp NULL DEFAULT NULL
) ENGINE=InnoDB DEFAULT CHARSET=utf8mb4 COLLATE=utf8mb4_unicode_ci;

--
-- Dumping data for table `sys_language_master`
--

INSERT INTO `sys_language_master` (`id`, `phrase`, `status`, `created_at`, `updated_at`) VALUES
(1, 'admin login form', 1, '2020-06-07 06:43:11', '2020-06-07 06:43:11'),
(2, 'username', 1, '2020-06-07 06:43:21', '2020-06-07 06:43:21'),
(3, 'password', 1, '2020-06-07 06:43:27', '2020-06-07 06:43:27'),
(4, 'log in', 1, '2020-06-07 06:43:37', '2020-06-07 06:43:37'),
(5, 'Powered by', 1, '2020-06-07 06:44:29', '2020-06-07 06:44:29'),
(6, 'dictionary', 1, '2020-06-07 06:44:54', '2020-06-07 06:44:54'),
(7, 'add new', 1, '2020-06-07 06:45:06', '2020-06-07 06:45:06'),
(8, 'data list', 1, '2020-06-07 06:45:15', '2020-06-07 06:45:15'),
(9, 'phrase', 1, '2020-06-07 06:45:23', '2020-06-07 06:45:23'),
(10, 'status', 1, '2020-06-07 06:45:29', '2020-06-07 06:45:29'),
(11, 'created', 1, '2020-06-07 06:45:35', '2020-06-07 06:45:35'),
(12, 'last updated', 1, '2020-06-07 06:45:41', '2020-06-07 06:45:41'),
(13, 'action', 1, '2020-06-07 06:45:45', '2020-06-07 06:45:45'),
(14, 'new', 1, '2020-06-07 06:49:36', '2020-06-07 06:49:36'),
(15, 'edit', 1, '2020-06-07 06:49:39', '2020-06-07 06:49:39'),
(16, 'form details', 1, '2020-06-07 06:52:43', '2020-06-07 06:52:43'),
(17, 'save', 1, '2020-06-07 06:55:41', '2020-06-07 06:55:41'),
(18, 'submit', 1, '2020-06-07 06:55:44', '2020-06-07 06:55:44'),
(19, 'add new again', 1, '2020-06-07 06:55:58', '2020-06-07 06:55:58'),
(20, 'cancel', 1, '2020-06-07 06:56:06', '2020-06-07 06:56:06'),
(21, 'disabled', 1, '2020-06-07 07:05:43', '2020-06-07 07:05:43'),
(22, 'enabled', 1, '2020-06-07 07:06:01', '2020-06-07 07:06:01'),
(23, 'field is required', 1, '2020-06-07 07:13:14', '2020-06-07 07:13:14'),
(24, 'has already been taken, please input another data', 1, '2020-06-07 07:13:24', '2020-06-07 07:14:01'),
(25, 'Invalid format for #item', 1, '2020-06-07 07:14:20', '2020-06-07 09:16:04'),
(26, 'Successfully added a new #item : #name', 1, '2020-06-07 07:21:12', '2020-06-07 09:09:48'),
(27, 'Oops, failed to add a new #item. Please try again.', 1, '2020-06-07 07:21:18', '2020-06-07 09:08:56'),
(28, '#item ID is invalid, please recheck your link again', 1, '2020-06-07 07:29:30', '2020-06-07 09:02:33'),
(29, '#item not found, please recheck your link again', 1, '2020-06-07 07:45:51', '2020-06-07 09:03:20'),
(30, '#item not found, please reload your page before resubmit', 1, '2020-06-07 07:55:31', '2020-06-07 09:03:13'),
(31, 'Successfully updated #item : #name', 1, '2020-06-07 07:56:33', '2020-06-07 09:06:26'),
(32, 'Oops, failed to update #item. Please try again.', 1, '2020-06-07 07:57:23', '2020-06-07 09:07:04'),
(33, 'please try again', 1, '2020-06-07 07:58:31', '2020-06-07 07:58:31'),
(34, 'main menu', 1, '2020-06-07 08:14:30', '2020-06-07 08:14:30'),
(35, 'dashboard', 1, '2020-06-07 08:14:39', '2020-06-07 08:14:39'),
(36, 'my profile', 1, '2020-06-07 08:14:44', '2020-06-07 08:14:44'),
(37, 'division', 1, '2020-06-07 08:15:02', '2020-06-07 08:15:02'),
(38, 'branch', 1, '2020-06-07 08:15:07', '2020-06-07 08:15:07'),
(39, 'rules', 1, '2020-06-07 08:15:30', '2020-06-07 08:15:30'),
(40, 'usergroup', 1, '2020-06-07 08:15:51', '2020-06-07 08:15:51'),
(41, 'user', 1, '2020-06-07 08:15:59', '2020-06-07 08:15:59'),
(42, 'language', 1, '2020-06-07 08:16:06', '2020-06-07 08:16:06'),
(43, 'logs', 1, '2020-06-07 08:16:35', '2020-06-07 08:16:35'),
(44, 'administration', 1, '2020-06-07 08:16:45', '2020-06-07 08:16:45'),
(45, 'banner', 1, '2020-06-07 08:16:55', '2020-06-07 08:16:55'),
(46, 'brand', 1, '2020-06-07 08:17:00', '2020-06-07 08:17:00'),
(47, 'customer', 1, '2020-06-07 08:17:04', '2020-06-07 08:17:04'),
(48, 'restore data', 1, '2020-06-07 08:17:20', '2020-06-07 08:17:20'),
(49, 'topic', 1, '2020-06-07 08:17:34', '2020-06-07 08:17:34'),
(50, 'blog', 1, '2020-06-07 08:17:38', '2020-06-07 08:17:38'),
(51, 'log out', 1, '2020-06-07 08:20:55', '2020-06-07 08:20:55'),
(52, 'set language', 1, '2020-06-07 08:21:10', '2020-06-07 08:21:10'),
(53, 'active', 1, '2020-06-07 08:21:18', '2020-06-07 08:21:18'),
(54, 'welcome', 1, '2020-06-07 08:22:48', '2020-06-07 08:22:48'),
(55, 'view website', 1, '2020-06-07 08:23:07', '2020-06-07 08:25:03'),
(56, 'help', 1, '2020-06-07 08:23:11', '2020-06-07 08:23:11'),
(57, 'master translation', 1, '2020-06-07 09:14:00', '2020-06-07 09:14:00'),
(58, 'deleted #item', 1, '2020-06-07 09:28:23', '2020-06-07 09:28:23'),
(59, 'no data available', 1, '2020-06-07 09:36:13', '2020-06-07 09:36:13'),
(60, 'ago', 1, '2020-06-07 09:56:21', '2020-06-07 09:56:21'),
(61, 'second', 1, '2020-06-07 09:56:33', '2020-06-07 09:56:33'),
(62, 'minute', 1, '2020-06-07 09:56:37', '2020-06-07 09:56:37'),
(63, 'hour', 1, '2020-06-07 09:56:42', '2020-06-07 09:56:42'),
(64, 'day', 1, '2020-06-07 09:56:59', '2020-06-07 09:56:59'),
(65, 'week', 1, '2020-06-07 09:57:02', '2020-06-07 09:57:02'),
(66, 'month', 1, '2020-06-07 09:57:05', '2020-06-07 09:57:05'),
(67, 'year', 1, '2020-06-07 09:57:09', '2020-06-07 09:57:09'),
(68, 'decade', 1, '2020-06-07 09:57:13', '2020-06-07 09:57:13'),
(69, 'delete', 1, '2020-06-07 11:07:38', '2020-06-07 11:07:38'),
(70, 'Are you sure to delete this #item?', 1, '2020-06-07 11:12:43', '2020-06-07 11:12:43'),
(71, 'success', 1, '2020-06-07 11:14:52', '2020-06-07 11:14:52'),
(72, 'error', 1, '2020-06-07 11:15:20', '2020-06-07 11:15:20'),
(73, 'warning', 1, '2020-06-07 11:15:24', '2020-06-07 11:15:24'),
(74, 'info', 1, '2020-06-07 11:15:32', '2020-06-07 11:15:32'),
(75, 'description', 1, '2020-06-07 11:20:37', '2020-06-07 11:20:37'),
(76, 'name', 1, '2020-06-07 11:22:21', '2020-06-07 11:22:21'),
(77, 'Successfully deleted #item : #name', 1, '2020-06-07 11:29:05', '2020-06-07 11:29:05'),
(78, 'Oops, failed to delete #item. Please try again.', 1, '2020-06-07 11:32:07', '2020-06-07 11:32:07'),
(79, 'restore', 1, '2020-06-07 11:39:40', '2020-06-07 11:39:40'),
(80, 'Are you sure to restore this #item?', 1, '2020-06-07 11:39:58', '2020-06-07 11:39:58'),
(81, 'Successfully restored #item : #name', 1, '2020-06-07 11:45:40', '2020-06-07 11:45:40'),
(82, 'Oops, failed to restore #item. Please try again.', 1, '2020-06-07 11:45:49', '2020-06-07 11:45:49'),
(83, 'deleted at', 1, '2020-06-07 11:49:12', '2020-06-07 11:49:12'),
(84, 'please choose one', 1, '2020-06-07 12:30:22', '2020-06-07 12:30:22'),
(85, 'phone', 1, '2020-06-07 12:30:36', '2020-06-07 12:30:36'),
(86, 'How-To: Open Google Maps &gt; Search location &gt; Share &gt; Copy link &gt; Paste here', 1, '2020-06-07 12:32:50', '2020-06-07 12:32:50'),
(87, 'ordinal', 1, '2020-06-07 12:33:33', '2020-06-07 12:33:33'),
(88, '#item must be chosen at least one', 1, '2020-06-07 12:41:04', '2020-06-07 12:41:04'),
(89, 'module', 1, '2020-06-07 14:33:41', '2020-06-07 14:33:41'),
(90, 'rule', 1, '2020-06-07 14:33:46', '2020-06-07 14:33:46'),
(91, 'package', 1, '2020-06-07 15:23:51', '2020-06-07 15:23:51'),
(92, 'Successfully added a new #item package', 1, '2020-06-07 15:24:05', '2020-06-07 15:24:05'),
(93, 'Oops, failed to add a new #item package. Please try again.', 1, '2020-06-07 15:24:12', '2020-06-07 15:24:12'),
(94, 'here', 1, '2020-06-08 14:53:07', '2020-06-08 14:53:07'),
(95, 'NO DIVISION and/or BRANCHES ARE AVAILABLE, please create a new division', 1, '2020-06-08 14:53:12', '2020-06-08 14:53:12'),
(96, 'and a new branch', 1, '2020-06-08 14:53:43', '2020-06-08 14:53:43'),
(97, 'access', 1, '2020-06-08 14:54:43', '2020-06-08 14:54:43'),
(98, 'check all', 1, '2020-06-08 14:55:18', '2020-06-08 14:55:18'),
(99, 'NO RULES AVAILABLE, please make a new rule', 1, '2020-06-08 14:58:10', '2020-06-08 14:58:10'),
(100, 'Logout successfully', 1, '2020-06-09 11:56:07', '2020-06-09 11:56:07'),
(101, 'current #item', 1, '2020-06-09 14:41:38', '2020-06-13 04:08:56'),
(102, 'Successfully enabled #item : #name', 1, '2020-06-09 14:41:47', '2020-06-13 04:17:32'),
(103, 'email', 1, '2020-06-09 14:41:51', '2020-06-09 14:41:51'),
(104, '#item is wrong', 1, '2020-06-09 14:46:56', '2020-06-09 14:46:56'),
(105, '#item has been successfully updated', 1, '2020-06-10 14:50:52', '2020-06-10 14:50:52'),
(106, 'Are you sure to #action this #item?', 1, '2020-06-10 14:59:38', '2020-06-10 14:59:38'),
(107, 'Input fields below to change password or leave it blank', 1, '2020-06-13 03:13:02', '2020-06-13 03:13:02'),
(108, 'new #item', 1, '2020-06-13 03:14:13', '2020-06-13 03:14:13'),
(109, 'must be the same as the password above', 1, '2020-06-13 03:18:12', '2020-06-13 03:18:12'),
(110, 'confirm #item', 1, '2020-06-13 03:18:14', '2020-06-13 03:18:14'),
(111, 'Recommendations: at least 8 characters &amp; use a combination of alphabet, numbers and special characters (!?_-.)', 1, '2020-06-13 03:18:22', '2020-06-13 03:18:22'),
(112, 'must be unique', 1, '2020-06-13 03:24:42', '2020-06-13 03:24:42'),
(113, 'Superadmin user can only be changed by himself', 1, '2020-06-13 03:50:13', '2020-06-13 03:50:13'),
(114, 'Superadmin cannot be deleted', 1, '2020-06-13 03:58:36', '2020-06-13 03:58:36'),
(115, 'Successfully disabled #item : #name', 1, '2020-06-13 04:17:39', '2020-06-13 04:17:39'),
(116, 'Oops, failed to enable #item. Please try again.', 1, '2020-06-13 04:17:50', '2020-06-13 04:17:50'),
(117, 'Oops, failed to disable #item. Please try again.', 1, '2020-06-13 04:17:52', '2020-06-13 04:17:52'),
(118, 'Are you sure to disable this #item?', 1, '2020-06-13 04:21:57', '2020-06-13 04:21:57'),
(119, 'Are you sure to enable this #item?', 1, '2020-06-13 04:22:04', '2020-06-13 04:22:04'),
(120, 'save changes', 1, '2020-06-13 10:56:40', '2020-06-13 10:56:40'),
(121, 'input here if want to change password', 1, '2020-06-13 10:57:19', '2020-06-13 10:57:19'),
(122, 'profile details', 1, '2020-06-13 10:57:34', '2020-06-13 10:57:34'),
(123, 'confirmation does not match', 1, '2020-06-13 10:57:40', '2020-06-13 10:57:40'),
(124, 'Username or Password is wrong!', 1, '2020-06-13 10:57:48', '2020-06-13 10:57:48'),
(125, 'Login failed! Because your account has been disabled!', 1, '2020-06-13 10:57:54', '2020-06-13 10:57:54'),
(126, 'system logs', 1, '2020-06-13 11:17:30', '2020-06-13 11:17:30'),
(127, 'timestamp', 1, '2020-06-13 11:20:43', '2020-06-13 11:20:43'),
(128, 'You must login first!', 1, '2020-06-13 11:20:43', '2020-06-13 11:20:43'),
(129, 'Oops, failed to upload image. Please try again or try upload another one.', 1, '2020-06-14 03:44:13', '2020-06-14 03:44:13'),
(130, 'title', 1, '2020-06-14 03:44:22', '2020-06-14 03:44:22'),
(131, 'subtitle', 1, '2020-06-14 03:44:27', '2020-06-14 03:44:27'),
(132, 'image', 1, '2020-06-14 03:44:34', '2020-06-14 03:44:34'),
(133, 'product', 1, '2020-06-14 03:44:51', '2020-06-14 03:44:51'),
(134, 'must be an image', 1, '2020-06-14 03:55:12', '2020-06-14 03:55:12'),
(135, 'must be a file of type: #item', 1, '2020-06-14 03:56:48', '2020-06-14 03:56:48'),
(136, 'Failed to upload the image, please upload image with allowed extensions #item', 1, '2020-11-06 07:43:09', '2020-11-06 07:43:09'),
(137, 'Successfully uploaded the image, but failed to generate thumbnail as supported formats are only #item', 1, '2020-11-06 08:06:18', '2020-11-06 08:06:18'),
(138, 'may not be greater than #item', 1, '2020-11-06 08:14:37', '2020-11-06 08:14:37'),
(139, 'article', 1, '2020-11-06 08:17:32', '2020-11-06 08:17:32'),
(140, 'config', 1, '2020-11-06 08:18:03', '2020-11-06 08:18:03'),
(141, 'keywords', 1, '2020-11-06 08:18:34', '2020-11-06 08:18:34'),
(142, 'summary', 1, '2020-11-06 08:18:39', '2020-11-06 08:18:39'),
(143, 'author', 1, '2020-11-06 08:19:33', '2020-11-06 08:19:33'),
(144, 'published', 1, '2020-11-06 08:20:34', '2020-11-06 08:20:34'),
(145, 'posted date', 1, '2020-11-06 08:20:39', '2020-11-06 08:20:39'),
(146, 'Must be unique. If left empty, system will auto-generate this.', 1, '2020-11-06 08:24:49', '2020-11-06 08:24:49'),
(147, 'The image will be cropped & resized to #widthx#height px as a thumbnail image', 1, '2020-11-06 08:25:47', '2020-11-06 08:25:47'),
(148, 'separate with commas', 1, '2020-11-06 08:26:05', '2020-11-06 08:26:05'),
(149, 'close', 1, '2020-11-06 08:27:58', '2020-11-06 08:27:58'),
(150, 'article content', 1, '2020-11-06 08:28:29', '2020-11-06 08:28:29'),
(151, 'add #item', 1, '2020-11-06 08:29:06', '2020-11-06 08:29:06'),
(152, 'text', 1, '2020-11-06 08:33:54', '2020-11-06 08:33:54'),
(153, 'content element', 1, '2020-11-06 08:35:45', '2020-11-06 08:35:45'),
(154, 'image & text', 1, '2020-11-06 08:36:49', '2020-11-06 08:36:49'),
(155, 'video', 1, '2020-11-06 08:36:53', '2020-11-06 08:36:53'),
(156, 'video & text', 1, '2020-11-06 08:36:59', '2020-11-06 08:36:59'),
(157, 'plain text', 1, '2020-11-06 08:37:10', '2020-11-06 08:37:10'),
(158, 'has been used, please input another data', 1, '2020-11-06 08:39:55', '2020-11-06 08:39:55');

-- --------------------------------------------------------

--
-- Table structure for table `sys_language_master_details`
--

CREATE TABLE `sys_language_master_details` (
  `language_id` bigint(20) NOT NULL,
  `language_master_id` bigint(20) NOT NULL,
  `translate` varchar(191) COLLATE utf8mb4_unicode_ci NOT NULL,
  `status` tinyint(1) NOT NULL DEFAULT 1,
  `created_at` timestamp NULL DEFAULT NULL,
  `updated_at` timestamp NULL DEFAULT NULL
) ENGINE=InnoDB DEFAULT CHARSET=utf8mb4 COLLATE=utf8mb4_unicode_ci;

--
-- Dumping data for table `sys_language_master_details`
--

INSERT INTO `sys_language_master_details` (`language_id`, `language_master_id`, `translate`, `status`, `created_at`, `updated_at`) VALUES
(2, 105, '#item telah berhasil diperbarui', 1, '2020-11-06 08:40:44', '2020-11-06 08:40:44'),
(2, 28, '#item ID tidak valid, periksa kembali tautan Anda', 1, '2020-11-06 08:40:44', '2020-11-06 08:40:44'),
(2, 104, '#item salah', 1, '2020-11-06 08:40:44', '2020-11-06 08:40:44'),
(2, 88, '#item harus dipilih salah satu', 1, '2020-11-06 08:40:44', '2020-11-06 08:40:44'),
(2, 29, '#item tidak ditemukan, periksa kembali tautan Anda', 1, '2020-11-06 08:40:44', '2020-11-06 08:40:44'),
(2, 30, '#item tidak ditemukan, muat ulang halaman Anda sebelum menyimpan lagi', 1, '2020-11-06 08:40:44', '2020-11-06 08:40:44'),
(2, 97, 'akses', 1, '2020-11-06 08:40:44', '2020-11-06 08:40:44'),
(2, 13, 'aksi', 1, '2020-11-06 08:40:44', '2020-11-06 08:40:44'),
(2, 53, 'aktif', 1, '2020-11-06 08:40:44', '2020-11-06 08:40:44'),
(2, 151, 'tambahkan #item', 1, '2020-11-06 08:40:44', '2020-11-06 08:40:44'),
(2, 7, 'tambah baru', 1, '2020-11-06 08:40:44', '2020-11-06 08:40:44'),
(2, 19, 'tambah baru lagi', 1, '2020-11-06 08:40:44', '2020-11-06 08:40:44'),
(2, 1, 'form login admin', 1, '2020-11-06 08:40:44', '2020-11-06 08:40:44'),
(2, 44, 'administrasi', 1, '2020-11-06 08:40:44', '2020-11-06 08:40:44'),
(2, 60, 'yang lalu', 1, '2020-11-06 08:40:44', '2020-11-06 08:40:44'),
(2, 96, 'dan cabang baru', 1, '2020-11-06 08:40:44', '2020-11-06 08:40:44'),
(2, 106, 'Apakah Anda yakin untuk #action #item ini?', 1, '2020-11-06 08:40:44', '2020-11-06 08:40:44'),
(2, 70, 'Apakah Anda yakin untuk menghapus #item ini?', 1, '2020-11-06 08:40:44', '2020-11-06 08:40:44'),
(2, 118, 'Apakah Anda yakin untuk menonaktifkan #item ini?', 1, '2020-11-06 08:40:44', '2020-11-06 08:40:44'),
(2, 119, 'Apakah Anda yakin untuk mengaktifkan #item ini?', 1, '2020-11-06 08:40:44', '2020-11-06 08:40:44'),
(2, 80, 'Apakah Anda yakin untuk memulihkan kembali #item ini?', 1, '2020-11-06 08:40:44', '2020-11-06 08:40:44'),
(2, 139, 'artikel', 1, '2020-11-06 08:40:44', '2020-11-06 08:40:44'),
(2, 150, 'konten artikel', 1, '2020-11-06 08:40:44', '2020-11-06 08:40:44'),
(2, 143, 'penulis', 1, '2020-11-06 08:40:44', '2020-11-06 08:40:44'),
(2, 45, 'banner', 1, '2020-11-06 08:40:44', '2020-11-06 08:40:44'),
(2, 50, 'blog', 1, '2020-11-06 08:40:44', '2020-11-06 08:40:44'),
(2, 38, 'cabang', 1, '2020-11-06 08:40:44', '2020-11-06 08:40:44'),
(2, 46, 'merek', 1, '2020-11-06 08:40:44', '2020-11-06 08:40:44'),
(2, 20, 'batal', 1, '2020-11-06 08:40:44', '2020-11-06 08:40:44'),
(2, 98, 'centang semua', 1, '2020-11-06 08:40:44', '2020-11-06 08:40:44'),
(2, 149, 'tutup', 1, '2020-11-06 08:40:44', '2020-11-06 08:40:44'),
(2, 140, 'konfigurasi', 1, '2020-11-06 08:40:44', '2020-11-06 08:40:44'),
(2, 110, 'konfirmasi #item', 1, '2020-11-06 08:40:44', '2020-11-06 08:40:44'),
(2, 123, 'yang dikonfirmasi tidak cocok', 1, '2020-11-06 08:40:44', '2020-11-06 08:40:44'),
(2, 153, 'elemen konten', 1, '2020-11-06 08:40:44', '2020-11-06 08:40:44'),
(2, 11, 'dibuat', 1, '2020-11-06 08:40:44', '2020-11-06 08:40:44'),
(2, 101, '#item saat ini', 1, '2020-11-06 08:40:44', '2020-11-06 08:40:44'),
(2, 47, 'klien', 1, '2020-11-06 08:40:44', '2020-11-06 08:40:44'),
(2, 35, 'dasbor', 1, '2020-11-06 08:40:44', '2020-11-06 08:40:44'),
(2, 8, 'list data', 1, '2020-11-06 08:40:44', '2020-11-06 08:40:44'),
(2, 64, 'hari', 1, '2020-11-06 08:40:44', '2020-11-06 08:40:44'),
(2, 68, 'dekade', 1, '2020-11-06 08:40:44', '2020-11-06 08:40:44'),
(2, 69, 'hapus', 1, '2020-11-06 08:40:44', '2020-11-06 08:40:44'),
(2, 58, '#item yang dihapus', 1, '2020-11-06 08:40:44', '2020-11-06 08:40:44'),
(2, 83, 'dihapus', 1, '2020-11-06 08:40:44', '2020-11-06 08:40:44'),
(2, 75, 'deskripsi', 1, '2020-11-06 08:40:44', '2020-11-06 08:40:44'),
(2, 6, 'kamus', 1, '2020-11-06 08:40:44', '2020-11-06 08:40:44'),
(2, 21, 'non-aktif', 1, '2020-11-06 08:40:44', '2020-11-06 08:40:44'),
(2, 37, 'divisi', 1, '2020-11-06 08:40:44', '2020-11-06 08:40:44'),
(2, 15, 'ubah', 1, '2020-11-06 08:40:44', '2020-11-06 08:40:44'),
(2, 103, 'email', 1, '2020-11-06 08:40:44', '2020-11-06 08:40:44'),
(2, 22, 'aktif', 1, '2020-11-06 08:40:44', '2020-11-06 08:40:44'),
(2, 72, 'gagal', 1, '2020-11-06 08:40:44', '2020-11-06 08:40:44'),
(2, 136, 'Gagal mengunggah gambar, mohon unggah gambar dengan ekstensi yang didudukung #item', 1, '2020-11-06 08:40:44', '2020-11-06 08:40:44'),
(2, 23, 'wajib diisi', 1, '2020-11-06 08:40:44', '2020-11-06 08:40:44'),
(2, 16, 'detail form', 1, '2020-11-06 08:40:44', '2020-11-06 08:40:44'),
(2, 24, 'telah digunakan, silakan masukkan data lain', 1, '2020-11-06 08:40:44', '2020-11-06 08:40:44'),
(2, 158, 'telah digunakan, silakan masukkan data lain', 1, '2020-11-06 08:40:44', '2020-11-06 08:40:44'),
(2, 56, 'bantuan', 1, '2020-11-06 08:40:44', '2020-11-06 08:40:44'),
(2, 94, 'di sini', 1, '2020-11-06 08:40:44', '2020-11-06 08:40:44'),
(2, 63, 'jam', 1, '2020-11-06 08:40:44', '2020-11-06 08:40:44'),
(2, 86, 'Caranya: Buka Google Maps > Cari Lokasi > Bagikan > Copy link > Paste di sini', 1, '2020-11-06 08:40:44', '2020-11-06 08:40:44'),
(2, 132, 'gambar', 1, '2020-11-06 08:40:44', '2020-11-06 08:40:44'),
(2, 154, 'gambar & teks', 1, '2020-11-06 08:40:44', '2020-11-06 08:40:44'),
(2, 74, 'info', 1, '2020-11-06 08:40:44', '2020-11-06 08:40:44'),
(2, 107, 'Isi kolom di bawah ini untuk ganti password atau biarkan kosong', 1, '2020-11-06 08:40:44', '2020-11-06 08:40:44'),
(2, 121, 'isi di sini jika ingin ubah passwrod', 1, '2020-11-06 08:40:44', '2020-11-06 08:40:44'),
(2, 25, 'Format tidak valid untuk', 1, '2020-11-06 08:40:44', '2020-11-06 08:40:44'),
(2, 141, 'kata kunci', 1, '2020-11-06 08:40:44', '2020-11-06 08:40:44'),
(2, 42, 'bahasa', 1, '2020-11-06 08:40:44', '2020-11-06 08:40:44'),
(2, 12, 'terakhir  diubah', 1, '2020-11-06 08:40:44', '2020-11-06 08:40:44'),
(2, 4, 'masuk', 1, '2020-11-06 08:40:44', '2020-11-06 08:40:44'),
(2, 51, 'keluar', 1, '2020-11-06 08:40:44', '2020-11-06 08:40:44'),
(2, 125, 'Gagal login! Karena akun Anda telah dinon-aktifkan', 1, '2020-11-06 08:40:44', '2020-11-06 08:40:44'),
(2, 100, 'Berhasil keluar', 1, '2020-11-06 08:40:44', '2020-11-06 08:40:44'),
(2, 43, 'log', 1, '2020-11-06 08:40:44', '2020-11-06 08:40:44'),
(2, 34, 'menu utama', 1, '2020-11-06 08:40:44', '2020-11-06 08:40:44'),
(2, 57, 'list terjemahan', 1, '2020-11-06 08:40:44', '2020-11-06 08:40:44'),
(2, 138, 'tidak boleh lebih dari #item', 1, '2020-11-06 08:40:44', '2020-11-06 08:40:44'),
(2, 62, 'menit', 1, '2020-11-06 08:40:44', '2020-11-06 08:40:44'),
(2, 89, 'modul', 1, '2020-11-06 08:40:44', '2020-11-06 08:40:44'),
(2, 66, 'bulan', 1, '2020-11-06 08:40:44', '2020-11-06 08:40:44'),
(2, 135, 'harus berupa sebuah file dengan ekstension: #item', 1, '2020-11-06 08:40:44', '2020-11-06 08:40:44'),
(2, 134, 'harus sebuah gambar', 1, '2020-11-06 08:40:44', '2020-11-06 08:40:44'),
(2, 109, 'harus sama dengan password di atas', 1, '2020-11-06 08:40:44', '2020-11-06 08:40:44'),
(2, 112, 'harus unik', 1, '2020-11-06 08:40:44', '2020-11-06 08:40:44'),
(2, 146, 'Wajib unik. Bila dikosongkan, sistem akan buatkan secara otomatis.', 1, '2020-11-06 08:40:44', '2020-11-06 08:40:44'),
(2, 36, 'profil saya', 1, '2020-11-06 08:40:44', '2020-11-06 08:40:44'),
(2, 76, 'nama', 1, '2020-11-06 08:40:44', '2020-11-06 08:40:44'),
(2, 14, 'baru', 1, '2020-11-06 08:40:44', '2020-11-06 08:40:44'),
(2, 108, '#item baru', 1, '2020-11-06 08:40:44', '2020-11-06 08:40:44'),
(2, 59, 'tidak ada data yang tersedia', 1, '2020-11-06 08:40:44', '2020-11-06 08:40:44'),
(2, 95, 'TIDAK ADA DIVISI dan/atau CABANG YANG TERSEDIA, silahkan buat divisi baru', 1, '2020-11-06 08:40:44', '2020-11-06 08:40:44'),
(2, 99, 'TIDAK ADA ATURAN YANG TERSEDIA, silahkan buat aturan baru', 1, '2020-11-06 08:40:44', '2020-11-06 08:40:44'),
(2, 93, 'Ups, gagal menambahkan sepaket #item baru. Mohon coba lagi.', 1, '2020-11-06 08:40:44', '2020-11-06 08:40:44'),
(2, 27, 'Ups, gagal menambahkan #item baru. Mohon coba lagi.', 1, '2020-11-06 08:40:44', '2020-11-06 08:40:44'),
(2, 78, 'Ups, gagal menghapus #item. Mohon coba lagi.', 1, '2020-11-06 08:40:44', '2020-11-06 08:40:44'),
(2, 117, 'Ups, gagal menonaktifkan #item. Mohon coba lagi.', 1, '2020-11-06 08:40:44', '2020-11-06 08:40:44'),
(2, 116, 'Ups, gagal mengaktifkan #item. Mohon coba lagi.', 1, '2020-11-06 08:40:44', '2020-11-06 08:40:44'),
(2, 82, 'Ups, gagal memulihkan #item. Mohon coba lagi.', 1, '2020-11-06 08:40:44', '2020-11-06 08:40:44'),
(2, 32, 'Ups, gagal memperbarui #item. Mohon coba lagi.', 1, '2020-11-06 08:40:44', '2020-11-06 08:40:44'),
(2, 129, 'Ups, gagal mengunggah gambar. Mohon coba lagi atau coba unggah gambar lain.', 1, '2020-11-06 08:40:44', '2020-11-06 08:40:44'),
(2, 87, 'nomor urutan', 1, '2020-11-06 08:40:44', '2020-11-06 08:40:44'),
(2, 91, 'paket', 1, '2020-11-06 08:40:44', '2020-11-06 08:40:44'),
(2, 3, 'password', 1, '2020-11-06 08:40:44', '2020-11-06 08:40:44'),
(2, 85, 'telepon', 1, '2020-11-06 08:40:44', '2020-11-06 08:40:44'),
(2, 9, 'istilah', 1, '2020-11-06 08:40:44', '2020-11-06 08:40:44'),
(2, 157, 'teks polos', 1, '2020-11-06 08:40:44', '2020-11-06 08:40:44'),
(2, 84, 'pilih salah satu', 1, '2020-11-06 08:40:44', '2020-11-06 08:40:44'),
(2, 33, 'mohon coba lagi', 1, '2020-11-06 08:40:44', '2020-11-06 08:40:44'),
(2, 145, 'tanggal diposting', 1, '2020-11-06 08:40:44', '2020-11-06 08:40:44'),
(2, 5, 'dipersembahkan oleh', 1, '2020-11-06 08:40:44', '2020-11-06 08:40:44'),
(2, 133, 'produk', 1, '2020-11-06 08:40:44', '2020-11-06 08:40:44'),
(2, 122, 'detail profil', 1, '2020-11-06 08:40:44', '2020-11-06 08:40:44'),
(2, 144, 'ditampilkan', 1, '2020-11-06 08:40:44', '2020-11-06 08:40:44'),
(2, 111, 'Rekomendasi: minimal 8 karakter & gunakan kombinasi dari alfabet, angka, dan karakter spesial (!?_-.)', 1, '2020-11-06 08:40:44', '2020-11-06 08:40:44'),
(2, 79, 'pulihkan', 1, '2020-11-06 08:40:44', '2020-11-06 08:40:44'),
(2, 48, 'pulihkan data', 1, '2020-11-06 08:40:44', '2020-11-06 08:40:44'),
(2, 90, 'aturan', 1, '2020-11-06 08:40:44', '2020-11-06 08:40:44'),
(2, 39, 'aturan', 1, '2020-11-06 08:40:44', '2020-11-06 08:40:44'),
(2, 17, 'simpan', 1, '2020-11-06 08:40:44', '2020-11-06 08:40:44'),
(2, 120, 'simpan perubahan', 1, '2020-11-06 08:40:44', '2020-11-06 08:40:44'),
(2, 61, 'detik', 1, '2020-11-06 08:40:44', '2020-11-06 08:40:44'),
(2, 148, 'pisahkan dengan koma', 1, '2020-11-06 08:40:44', '2020-11-06 08:40:44'),
(2, 52, 'atur bahasa', 1, '2020-11-06 08:40:44', '2020-11-06 08:40:44'),
(2, 10, 'status', 1, '2020-11-06 08:40:44', '2020-11-06 08:40:44'),
(2, 18, 'kirim', 1, '2020-11-06 08:40:44', '2020-11-06 08:40:44'),
(2, 131, 'sub judul', 1, '2020-11-06 08:40:44', '2020-11-06 08:40:44'),
(2, 71, 'berhasil', 1, '2020-11-06 08:40:44', '2020-11-06 08:40:44'),
(2, 26, 'Berhasil menambahkan #item baru : #name', 1, '2020-11-06 08:40:44', '2020-11-06 08:40:44'),
(2, 92, 'Berhasil menambahkan sepaket #item baru', 1, '2020-11-06 08:40:44', '2020-11-06 08:40:44'),
(2, 77, 'Berhasil menghapus #item : #name', 1, '2020-11-06 08:40:44', '2020-11-06 08:40:44'),
(2, 115, 'Berhasil menonaktifkan #item : #name', 1, '2020-11-06 08:40:44', '2020-11-06 08:40:44'),
(2, 102, 'Berhasil mengaktifkan #item : #name', 1, '2020-11-06 08:40:44', '2020-11-06 08:40:44'),
(2, 81, 'Berhasil memulihkan #item : #name', 1, '2020-11-06 08:40:44', '2020-11-06 08:40:44'),
(2, 31, 'Berhasil memperbarui #item : #name', 1, '2020-11-06 08:40:44', '2020-11-06 08:40:44'),
(2, 137, 'Berhasil mengunggah gambar, namun gagal membuat thumbnail karena hanya mendukung format #item', 1, '2020-11-06 08:40:44', '2020-11-06 08:40:44'),
(2, 142, 'ringkasan', 1, '2020-11-06 08:40:44', '2020-11-06 08:40:44'),
(2, 114, 'Superadmin tidak dapat dihapus', 1, '2020-11-06 08:40:44', '2020-11-06 08:40:44'),
(2, 113, 'Akun Superadmin hanya dapat diubah oleh dirinya sendiri', 1, '2020-11-06 08:40:44', '2020-11-06 08:40:44'),
(2, 126, 'catatan log sistem', 1, '2020-11-06 08:40:44', '2020-11-06 08:40:44'),
(2, 152, 'teks', 1, '2020-11-06 08:40:44', '2020-11-06 08:40:44'),
(2, 147, 'Gambar akan dipotong & diubah ukurannya menjadi #widthx#height px sebagai thumbnail', 1, '2020-11-06 08:40:44', '2020-11-06 08:40:44'),
(2, 127, 'cap waktu', 1, '2020-11-06 08:40:44', '2020-11-06 08:40:44'),
(2, 130, 'judul', 1, '2020-11-06 08:40:44', '2020-11-06 08:40:44'),
(2, 49, 'topik', 1, '2020-11-06 08:40:44', '2020-11-06 08:40:44'),
(2, 41, 'pengguna', 1, '2020-11-06 08:40:44', '2020-11-06 08:40:44'),
(2, 40, 'grup pengguna', 1, '2020-11-06 08:40:44', '2020-11-06 08:40:44'),
(2, 2, 'username', 1, '2020-11-06 08:40:44', '2020-11-06 08:40:44'),
(2, 124, 'Username atau Password salah!', 1, '2020-11-06 08:40:44', '2020-11-06 08:40:44'),
(2, 155, 'video', 1, '2020-11-06 08:40:44', '2020-11-06 08:40:44'),
(2, 156, 'video & teks', 1, '2020-11-06 08:40:44', '2020-11-06 08:40:44'),
(2, 55, 'lihat website', 1, '2020-11-06 08:40:44', '2020-11-06 08:40:44'),
(2, 73, 'peringatan', 1, '2020-11-06 08:40:44', '2020-11-06 08:40:44'),
(2, 65, 'minggu', 1, '2020-11-06 08:40:44', '2020-11-06 08:40:44'),
(2, 54, 'selamat datang', 1, '2020-11-06 08:40:44', '2020-11-06 08:40:44'),
(2, 67, 'tahun', 1, '2020-11-06 08:40:44', '2020-11-06 08:40:44'),
(2, 128, 'Anda harus masuk terlebih dulu!', 1, '2020-11-06 08:40:44', '2020-11-06 08:40:44');

-- --------------------------------------------------------

--
-- Table structure for table `sys_logs`
--

CREATE TABLE `sys_logs` (
  `id` bigint(20) UNSIGNED NOT NULL,
  `subject` bigint(20) UNSIGNED NOT NULL,
  `action` bigint(20) UNSIGNED NOT NULL,
  `object` bigint(20) UNSIGNED DEFAULT NULL,
  `created_at` timestamp NULL DEFAULT NULL,
  `updated_at` timestamp NULL DEFAULT NULL
) ENGINE=InnoDB DEFAULT CHARSET=utf8mb4 COLLATE=utf8mb4_unicode_ci;

--
-- Dumping data for table `sys_logs`
--

INSERT INTO `sys_logs` (`id`, `subject`, `action`, `object`, `created_at`, `updated_at`) VALUES
(1, 1, 1, NULL, '2022-05-24 02:10:53', '2022-05-24 02:10:53'),
(2, 1, 21, 2, '2022-05-24 03:50:54', '2022-05-24 03:50:54'),
(3, 1, 4, 2, '2022-05-24 03:51:16', '2022-05-24 03:51:16'),
(4, 1, 2, NULL, '2022-05-24 03:51:23', '2022-05-24 03:51:23'),
(5, 2, 1, NULL, '2022-05-24 03:51:30', '2022-05-24 03:51:30'),
(6, 2, 13, 2, '2022-05-24 03:52:00', '2022-05-24 03:52:00'),
(7, 1, 1, NULL, '2022-05-24 03:55:47', '2022-05-24 03:55:47'),
(8, 1, 22, 2, '2022-05-24 03:56:13', '2022-05-24 03:56:13'),
(9, 2, 13, 3, '2022-05-24 03:56:26', '2022-05-24 03:56:26'),
(10, 1, 22, 2, '2022-05-24 03:56:41', '2022-05-24 03:56:41'),
(11, 2, 2, NULL, '2022-05-24 03:56:49', '2022-05-24 03:56:49'),
(12, 2, 1, NULL, '2022-05-24 03:56:57', '2022-05-24 03:56:57'),
(13, 1, 22, 2, '2022-05-24 03:59:20', '2022-05-24 03:59:20'),
(14, 2, 2, NULL, '2022-05-24 03:59:26', '2022-05-24 03:59:26'),
(15, 2, 1, NULL, '2022-05-24 03:59:34', '2022-05-24 03:59:34'),
(16, 1, 22, 2, '2022-05-24 03:59:53', '2022-05-24 03:59:53'),
(17, 2, 2, NULL, '2022-05-24 04:00:00', '2022-05-24 04:00:00'),
(18, 2, 1, NULL, '2022-05-24 04:00:08', '2022-05-24 04:00:08'),
(19, 1, 17, 35, '2022-05-24 04:03:19', '2022-05-24 04:03:19'),
(20, 1, 17, 36, '2022-05-24 04:03:35', '2022-05-24 04:03:35'),
(21, 1, 22, 2, '2022-05-24 04:03:57', '2022-05-24 04:03:57'),
(22, 2, 2, NULL, '2022-05-24 04:04:04', '2022-05-24 04:04:04'),
(23, 2, 1, NULL, '2022-05-24 04:04:13', '2022-05-24 04:04:13'),
(24, 1, 17, 37, '2022-05-24 04:12:44', '2022-05-24 04:12:44'),
(25, 1, 17, 38, '2022-05-24 04:13:09', '2022-05-24 04:13:09'),
(26, 1, 17, 39, '2022-05-24 04:13:18', '2022-05-24 04:13:18'),
(27, 1, 22, 2, '2022-05-24 04:13:38', '2022-05-24 04:13:38'),
(28, 2, 2, NULL, '2022-05-24 04:13:45', '2022-05-24 04:13:45'),
(29, 2, 1, NULL, '2022-05-24 04:13:54', '2022-05-24 04:13:54'),
(30, 2, 2, NULL, '2022-05-24 05:46:10', '2022-05-24 05:46:10'),
(31, 1, 1, NULL, '2022-05-24 22:06:59', '2022-05-24 22:06:59'),
(32, 1, 5, 2, '2022-05-24 22:35:24', '2022-05-24 22:35:24'),
(33, 1, 4, 3, '2022-05-24 22:42:23', '2022-05-24 22:42:23'),
(34, 1, 2, NULL, '2022-05-25 00:52:11', '2022-05-25 00:52:11'),
(35, 3, 1, NULL, '2022-05-25 00:52:14', '2022-05-25 00:52:14'),
(36, 3, 2, NULL, '2022-05-25 00:52:32', '2022-05-25 00:52:32'),
(37, 1, 1, NULL, '2022-05-25 00:52:41', '2022-05-25 00:52:41'),
(38, 1, 21, 3, '2022-05-25 03:59:34', '2022-05-25 03:59:34'),
(39, 1, 1, NULL, '2022-06-05 11:22:08', '2022-06-05 11:22:08'),
(40, 1, 2, NULL, '2022-06-05 12:10:18', '2022-06-05 12:10:18'),
(41, 1, 1, NULL, '2022-06-05 12:10:20', '2022-06-05 12:10:20'),
(42, 1, 2, NULL, '2022-06-05 14:09:46', '2022-06-05 14:09:46'),
(43, 1, 1, NULL, '2022-06-05 14:12:23', '2022-06-05 14:12:23'),
(44, 1, 1, NULL, '2022-06-05 22:43:45', '2022-06-05 22:43:45'),
(45, 1, 2, NULL, '2022-06-05 22:44:14', '2022-06-05 22:44:14'),
(46, 1, 1, NULL, '2022-06-05 22:44:41', '2022-06-05 22:44:41'),
(47, 1, 2, NULL, '2022-06-05 22:45:23', '2022-06-05 22:45:23'),
(48, 1, 1, NULL, '2022-06-05 22:46:02', '2022-06-05 22:46:02'),
(49, 1, 2, NULL, '2022-06-05 23:31:38', '2022-06-05 23:31:38'),
(50, 1, 1, NULL, '2022-06-05 23:31:40', '2022-06-05 23:31:40'),
(51, 1, 2, NULL, '2022-06-06 00:49:22', '2022-06-06 00:49:22'),
(52, 1, 1, NULL, '2022-06-06 00:50:05', '2022-06-06 00:50:05'),
(53, 1, 1, NULL, '2022-06-06 05:56:28', '2022-06-06 05:56:28'),
(54, 1, 2, NULL, '2022-06-06 06:12:01', '2022-06-06 06:12:01'),
(55, 1, 1, NULL, '2022-06-06 06:59:17', '2022-06-06 06:59:17'),
(56, 1, 1, NULL, '2022-06-06 07:03:07', '2022-06-06 07:03:07'),
(57, 1, 1, NULL, '2022-07-30 23:46:27', '2022-07-30 23:46:27'),
(58, 1, 10, 1, '2022-07-30 23:48:16', '2022-07-30 23:48:16'),
(59, 1, 2, NULL, '2022-07-31 00:55:33', '2022-07-31 00:55:33'),
(60, 1, 1, NULL, '2022-07-31 00:55:36', '2022-07-31 00:55:36'),
(61, 1, 1, NULL, '2022-07-31 22:05:15', '2022-07-31 22:05:15'),
(62, 1, 1, NULL, '2022-08-02 00:46:41', '2022-08-02 00:46:41'),
(63, 1, 17, 40, '2022-08-02 01:02:11', '2022-08-02 01:02:11'),
(64, 1, 17, 41, '2022-08-02 01:02:12', '2022-08-02 01:02:12'),
(65, 1, 17, 42, '2022-08-02 01:02:12', '2022-08-02 01:02:12'),
(66, 1, 17, 43, '2022-08-02 01:02:12', '2022-08-02 01:02:12'),
(67, 1, 17, 44, '2022-08-02 01:02:12', '2022-08-02 01:02:12'),
(68, 1, 17, 45, '2022-08-02 01:02:12', '2022-08-02 01:02:12'),
(69, 1, 17, 46, '2022-08-02 01:04:33', '2022-08-02 01:04:33'),
(70, 1, 17, 47, '2022-08-02 01:04:33', '2022-08-02 01:04:33'),
(71, 1, 17, 48, '2022-08-02 01:04:33', '2022-08-02 01:04:33'),
(72, 1, 17, 49, '2022-08-02 01:04:33', '2022-08-02 01:04:33'),
(73, 1, 17, 50, '2022-08-02 01:04:33', '2022-08-02 01:04:33'),
(74, 1, 17, 51, '2022-08-02 01:04:33', '2022-08-02 01:04:33'),
(75, 1, 17, 52, '2022-08-02 01:04:42', '2022-08-02 01:04:42'),
(76, 1, 17, 53, '2022-08-02 01:04:42', '2022-08-02 01:04:42'),
(77, 1, 17, 54, '2022-08-02 01:04:42', '2022-08-02 01:04:42'),
(78, 1, 17, 55, '2022-08-02 01:04:42', '2022-08-02 01:04:42'),
(79, 1, 17, 56, '2022-08-02 01:04:42', '2022-08-02 01:04:42'),
(80, 1, 17, 57, '2022-08-02 01:04:42', '2022-08-02 01:04:42'),
(81, 1, 22, 2, '2022-08-02 01:06:24', '2022-08-02 01:06:24'),
(82, 1, 22, 3, '2022-08-02 01:06:52', '2022-08-02 01:06:52'),
(83, 1, 5, 3, '2022-08-02 01:07:36', '2022-08-02 01:07:36'),
(84, 1, 2, NULL, '2022-08-02 01:07:40', '2022-08-02 01:07:40'),
(85, 3, 1, NULL, '2022-08-02 01:07:50', '2022-08-02 01:07:50'),
(86, 3, 2, NULL, '2022-08-02 01:08:13', '2022-08-02 01:08:13'),
(87, 1, 1, NULL, '2022-08-02 01:10:34', '2022-08-02 01:10:34'),
(88, 3, 1, NULL, '2022-08-02 01:13:23', '2022-08-02 01:13:23'),
(89, 1, 1, NULL, '2022-08-02 22:16:20', '2022-08-02 22:16:20'),
(90, 1, 13, 60, '2022-08-03 01:19:56', '2022-08-03 01:19:56'),
(91, 1, 5, 2, '2022-08-03 01:28:54', '2022-08-03 01:28:54'),
(92, 2, 1, NULL, '2022-08-03 01:29:30', '2022-08-03 01:29:30'),
(93, 1, 22, 2, '2022-08-03 01:30:47', '2022-08-03 01:30:47'),
(94, 2, 2, NULL, '2022-08-03 01:30:56', '2022-08-03 01:30:56'),
(95, 2, 1, NULL, '2022-08-03 01:31:04', '2022-08-03 01:31:04'),
(96, 2, 2, NULL, '2022-08-03 02:24:26', '2022-08-03 02:24:26'),
(97, 3, 1, NULL, '2022-08-03 02:24:37', '2022-08-03 02:24:37'),
(98, 1, 2, NULL, '2022-08-03 02:25:01', '2022-08-03 02:25:01'),
(99, 2, 1, NULL, '2022-08-03 02:25:09', '2022-08-03 02:25:09'),
(100, 2, 2, NULL, '2022-08-03 02:26:19', '2022-08-03 02:26:19'),
(101, 1, 1, NULL, '2022-08-03 02:26:22', '2022-08-03 02:26:22'),
(102, 1, 5, 2, '2022-08-03 02:28:09', '2022-08-03 02:28:09'),
(103, 1, 2, NULL, '2022-08-03 02:28:51', '2022-08-03 02:28:51'),
(104, 2, 1, NULL, '2022-08-03 02:29:23', '2022-08-03 02:29:23'),
(105, 1, 2, NULL, '2022-08-03 04:06:59', '2022-08-03 04:06:59'),
(106, 1, 1, NULL, '2022-08-03 04:07:50', '2022-08-03 04:07:50'),
(107, 1, 2, NULL, '2022-08-03 04:08:23', '2022-08-03 04:08:23'),
(108, 1, 1, NULL, '2022-08-03 04:08:34', '2022-08-03 04:08:34'),
(109, 1, 2, NULL, '2022-08-03 04:09:00', '2022-08-03 04:09:00'),
(110, 3, 1, NULL, '2022-08-03 04:09:07', '2022-08-03 04:09:07'),
(111, 3, 2, NULL, '2022-08-03 04:13:11', '2022-08-03 04:13:11'),
(112, 3, 2, NULL, '2022-08-03 04:13:41', '2022-08-03 04:13:41'),
(113, 3, 1, NULL, '2022-08-03 04:13:47', '2022-08-03 04:13:47'),
(114, 2, 1, NULL, '2022-08-03 04:43:57', '2022-08-03 04:43:57'),
(115, 3, 2, NULL, '2022-08-03 04:45:16', '2022-08-03 04:45:16'),
(116, 1, 1, NULL, '2022-08-03 04:45:19', '2022-08-03 04:45:19'),
(117, 1, 22, 3, '2022-08-03 04:45:35', '2022-08-03 04:45:35'),
(118, 1, 2, NULL, '2022-08-03 04:45:39', '2022-08-03 04:45:39'),
(119, 3, 1, NULL, '2022-08-03 04:45:45', '2022-08-03 04:45:45'),
(120, 3, 2, NULL, '2022-08-03 04:50:41', '2022-08-03 04:50:41'),
(121, 1, 1, NULL, '2022-08-03 04:50:48', '2022-08-03 04:50:48'),
(122, 1, 22, 3, '2022-08-03 04:52:07', '2022-08-03 04:52:07'),
(123, 2, 2, NULL, '2022-08-03 04:52:14', '2022-08-03 04:52:14'),
(124, 3, 1, NULL, '2022-08-03 04:52:17', '2022-08-03 04:52:17'),
(125, 1, 17, 58, '2022-08-03 05:06:53', '2022-08-03 05:06:53'),
(126, 1, 22, 2, '2022-08-03 05:07:10', '2022-08-03 05:07:10'),
(127, 1, 22, 3, '2022-08-03 05:07:25', '2022-08-03 05:07:25'),
(128, 1, 2, NULL, '2022-08-03 05:07:29', '2022-08-03 05:07:29'),
(129, 3, 1, NULL, '2022-08-03 05:07:31', '2022-08-03 05:07:31'),
(130, 3, 1, NULL, '2022-08-04 00:41:03', '2022-08-04 00:41:03'),
(131, 3, 2, NULL, '2022-08-04 00:41:11', '2022-08-04 00:41:11'),
(132, 2, 1, NULL, '2022-08-04 05:16:48', '2022-08-04 05:16:48'),
(133, 3, 1, NULL, '2022-08-04 07:03:12', '2022-08-04 07:03:12'),
(134, 3, 2, NULL, '2022-08-04 07:05:43', '2022-08-04 07:05:43'),
(135, 2, 1, NULL, '2022-08-04 07:06:04', '2022-08-04 07:06:04'),
(136, 2, 2, NULL, '2022-08-04 07:09:29', '2022-08-04 07:09:29'),
(137, 3, 1, NULL, '2022-08-04 07:09:39', '2022-08-04 07:09:39'),
(138, 3, 2, NULL, '2022-08-04 07:12:00', '2022-08-04 07:12:00'),
(139, 2, 1, NULL, '2022-08-04 07:12:10', '2022-08-04 07:12:10'),
(140, 2, 2, NULL, '2022-08-04 07:25:49', '2022-08-04 07:25:49'),
(141, 3, 1, NULL, '2022-08-04 07:26:00', '2022-08-04 07:26:00'),
(142, 3, 2, NULL, '2022-08-04 07:30:37', '2022-08-04 07:30:37'),
(143, 2, 1, NULL, '2022-08-04 07:30:48', '2022-08-04 07:30:48'),
(144, 2, 2, NULL, '2022-08-04 07:45:12', '2022-08-04 07:45:12'),
(145, 3, 1, NULL, '2022-08-06 21:40:47', '2022-08-06 21:40:47'),
(146, 3, 2, NULL, '2022-08-06 21:47:09', '2022-08-06 21:47:09'),
(147, 2, 1, NULL, '2022-08-06 21:47:23', '2022-08-06 21:47:23'),
(148, 2, 2, NULL, '2022-08-06 21:48:54', '2022-08-06 21:48:54'),
(149, 2, 1, NULL, '2022-08-06 23:03:05', '2022-08-06 23:03:05'),
(150, 2, 1, NULL, '2022-08-06 23:06:35', '2022-08-06 23:06:35'),
(151, 2, 1, NULL, '2022-08-06 23:09:41', '2022-08-06 23:09:41'),
(152, 2, 1, NULL, '2022-08-06 23:10:13', '2022-08-06 23:10:13'),
(153, 2, 1, NULL, '2022-08-06 23:21:28', '2022-08-06 23:21:28'),
(154, 2, 2, NULL, '2022-08-06 23:31:22', '2022-08-06 23:31:22'),
(155, 3, 1, NULL, '2022-08-06 23:32:30', '2022-08-06 23:32:30'),
(156, 3, 2, NULL, '2022-08-06 23:50:24', '2022-08-06 23:50:24'),
(157, 2, 1, NULL, '2022-08-06 23:50:35', '2022-08-06 23:50:35'),
(158, 2, 2, NULL, '2022-08-07 00:12:04', '2022-08-07 00:12:04'),
(159, 3, 1, NULL, '2022-08-07 00:12:28', '2022-08-07 00:12:28'),
(160, 2, 2, NULL, '2022-08-07 00:26:28', '2022-08-07 00:26:28'),
(161, 3, 1, NULL, '2022-08-07 00:26:30', '2022-08-07 00:26:30'),
(162, 3, 2, NULL, '2022-08-07 00:36:26', '2022-08-07 00:36:26'),
(163, 2, 1, NULL, '2022-08-07 00:36:46', '2022-08-07 00:36:46'),
(164, 2, 2, NULL, '2022-08-07 00:39:18', '2022-08-07 00:39:18'),
(165, 3, 1, NULL, '2022-08-07 00:40:00', '2022-08-07 00:40:00'),
(166, 2, 1, NULL, '2022-08-07 00:40:32', '2022-08-07 00:40:32'),
(167, 3, 2, NULL, '2022-08-07 00:41:02', '2022-08-07 00:41:02'),
(168, 2, 1, NULL, '2022-08-07 00:41:15', '2022-08-07 00:41:15'),
(169, 2, 2, NULL, '2022-08-07 00:42:42', '2022-08-07 00:42:42'),
(170, 2, 1, NULL, '2022-08-07 00:42:52', '2022-08-07 00:42:52'),
(171, 2, 2, NULL, '2022-08-07 00:45:15', '2022-08-07 00:45:15'),
(172, 2, 1, NULL, '2022-08-07 00:45:28', '2022-08-07 00:45:28'),
(173, 2, 2, NULL, '2022-08-07 00:50:32', '2022-08-07 00:50:32'),
(174, 3, 1, NULL, '2022-08-07 00:50:44', '2022-08-07 00:50:44'),
(175, 2, 2, NULL, '2022-08-07 01:01:01', '2022-08-07 01:01:01'),
(176, 3, 1, NULL, '2022-08-07 01:01:04', '2022-08-07 01:01:04'),
(177, 3, 2, NULL, '2022-08-07 01:02:07', '2022-08-07 01:02:07'),
(178, 1, 1, NULL, '2022-08-07 01:02:50', '2022-08-07 01:02:50'),
(179, 1, 22, 3, '2022-08-07 01:03:13', '2022-08-07 01:03:13'),
(180, 3, 2, NULL, '2022-08-07 01:04:29', '2022-08-07 01:04:29'),
(181, 3, 1, NULL, '2022-08-07 01:04:46', '2022-08-07 01:04:46'),
(182, 1, 22, 2, '2022-08-07 01:04:59', '2022-08-07 01:04:59'),
(183, 3, 2, NULL, '2022-08-07 01:05:12', '2022-08-07 01:05:12'),
(184, 2, 1, NULL, '2022-08-07 01:05:17', '2022-08-07 01:05:17'),
(185, 2, 2, NULL, '2022-08-07 01:05:34', '2022-08-07 01:05:34'),
(186, 3, 2, NULL, '2022-08-07 01:11:00', '2022-08-07 01:11:00'),
(187, 2, 1, NULL, '2022-08-07 01:11:04', '2022-08-07 01:11:04'),
(188, 2, 1, NULL, '2022-08-07 01:11:09', '2022-08-07 01:11:09'),
(189, 1, 2, NULL, '2022-08-07 01:16:33', '2022-08-07 01:16:33'),
(190, 3, 1, NULL, '2022-08-07 01:16:36', '2022-08-07 01:16:36'),
(191, 3, 2, NULL, '2022-08-07 01:18:05', '2022-08-07 01:18:05'),
(192, 3, 1, NULL, '2022-08-07 01:18:08', '2022-08-07 01:18:08'),
(193, 2, 2, NULL, '2022-08-07 01:31:01', '2022-08-07 01:31:01'),
(194, 3, 1, NULL, '2022-08-07 01:31:12', '2022-08-07 01:31:12'),
(195, 3, 2, NULL, '2022-08-07 01:32:27', '2022-08-07 01:32:27'),
(196, 1, 1, NULL, '2022-08-07 01:32:30', '2022-08-07 01:32:30'),
(197, 1, 22, 3, '2022-08-07 01:32:50', '2022-08-07 01:32:50'),
(198, 1, 2, NULL, '2022-08-07 01:32:53', '2022-08-07 01:32:53'),
(199, 3, 1, NULL, '2022-08-07 01:32:56', '2022-08-07 01:32:56'),
(200, 3, 2, NULL, '2022-08-07 01:38:53', '2022-08-07 01:38:53'),
(201, 2, 1, NULL, '2022-08-07 01:39:09', '2022-08-07 01:39:09'),
(202, 2, 2, NULL, '2022-08-07 01:41:47', '2022-08-07 01:41:47'),
(203, 3, 1, NULL, '2022-08-07 01:41:56', '2022-08-07 01:41:56'),
(204, 3, 2, NULL, '2022-08-07 03:16:12', '2022-08-07 03:16:12'),
(205, 2, 1, NULL, '2022-08-07 03:16:29', '2022-08-07 03:16:29'),
(206, 2, 2, NULL, '2022-08-07 03:44:45', '2022-08-07 03:44:45'),
(207, 2, 1, NULL, '2022-08-07 03:45:20', '2022-08-07 03:45:20'),
(208, 2, 2, NULL, '2022-08-07 03:50:46', '2022-08-07 03:50:46'),
(209, 3, 1, NULL, '2022-08-07 03:50:58', '2022-08-07 03:50:58'),
(210, 2, 1, NULL, '2022-08-07 04:55:10', '2022-08-07 04:55:10'),
(211, 2, 2, NULL, '2022-08-07 04:57:37', '2022-08-07 04:57:37'),
(212, 3, 1, NULL, '2022-08-07 04:57:45', '2022-08-07 04:57:45'),
(213, 2, 1, NULL, '2022-08-07 07:44:32', '2022-08-07 07:44:32'),
(214, 2, 2, NULL, '2022-08-07 07:44:56', '2022-08-07 07:44:56'),
(215, 3, 1, NULL, '2022-08-07 07:44:58', '2022-08-07 07:44:58'),
(216, 3, 2, NULL, '2022-08-07 07:48:05', '2022-08-07 07:48:05'),
(217, 2, 1, NULL, '2022-08-07 07:48:11', '2022-08-07 07:48:11'),
(218, 2, 1, NULL, '2022-08-07 22:31:23', '2022-08-07 22:31:23'),
(219, 2, 2, NULL, '2022-08-07 22:36:11', '2022-08-07 22:36:11'),
(220, 3, 1, NULL, '2022-08-07 22:36:21', '2022-08-07 22:36:21'),
(221, 3, 1, NULL, '2022-08-07 22:42:15', '2022-08-07 22:42:15'),
(222, 3, 2, NULL, '2022-08-07 22:42:26', '2022-08-07 22:42:26'),
(223, 1, 1, NULL, '2022-08-07 22:42:29', '2022-08-07 22:42:29'),
(224, 3, 2, NULL, '2022-08-07 22:42:46', '2022-08-07 22:42:46'),
(225, 3, 1, NULL, '2022-08-07 22:50:33', '2022-08-07 22:50:33'),
(226, 1, 17, 59, '2022-08-07 22:54:47', '2022-08-07 22:54:47'),
(227, 1, 17, 60, '2022-08-07 22:54:47', '2022-08-07 22:54:47'),
(228, 1, 17, 61, '2022-08-07 22:54:47', '2022-08-07 22:54:47'),
(229, 1, 17, 62, '2022-08-07 22:54:47', '2022-08-07 22:54:47'),
(230, 1, 17, 63, '2022-08-07 22:54:47', '2022-08-07 22:54:47'),
(231, 1, 17, 64, '2022-08-07 22:54:47', '2022-08-07 22:54:47'),
(232, 1, 17, 65, '2022-08-07 22:55:13', '2022-08-07 22:55:13'),
(233, 1, 22, 2, '2022-08-07 22:56:27', '2022-08-07 22:56:27'),
(234, 1, 22, 3, '2022-08-07 22:56:44', '2022-08-07 22:56:44'),
(235, 1, 2, NULL, '2022-08-07 22:56:49', '2022-08-07 22:56:49'),
(236, 3, 1, NULL, '2022-08-07 22:56:53', '2022-08-07 22:56:53'),
(237, 3, 2, NULL, '2022-08-07 23:01:12', '2022-08-07 23:01:12'),
(238, 2, 1, NULL, '2022-08-07 23:01:19', '2022-08-07 23:01:19'),
(239, 3, 2, NULL, '2022-08-07 23:40:35', '2022-08-07 23:40:35'),
(240, 3, 1, NULL, '2022-08-07 23:40:47', '2022-08-07 23:40:47'),
(241, 3, 2, NULL, '2022-08-07 23:46:30', '2022-08-07 23:46:30'),
(242, 2, 1, NULL, '2022-08-07 23:46:44', '2022-08-07 23:46:44'),
(243, 2, 2, NULL, '2022-08-07 23:50:24', '2022-08-07 23:50:24'),
(244, 3, 1, NULL, '2022-08-07 23:50:34', '2022-08-07 23:50:34'),
(245, 3, 2, NULL, '2022-08-07 23:52:54', '2022-08-07 23:52:54'),
(246, 2, 1, NULL, '2022-08-07 23:53:02', '2022-08-07 23:53:02'),
(247, 2, 2, NULL, '2022-08-08 01:14:21', '2022-08-08 01:14:21'),
(248, 3, 1, NULL, '2022-08-08 01:14:27', '2022-08-08 01:14:27'),
(249, 2, 1, NULL, '2022-08-08 01:15:10', '2022-08-08 01:15:10'),
(250, 3, 2, NULL, '2022-08-08 01:15:54', '2022-08-08 01:15:54'),
(251, 1, 1, NULL, '2022-08-08 01:15:58', '2022-08-08 01:15:58'),
(252, 1, 22, 2, '2022-08-08 01:16:40', '2022-08-08 01:16:40'),
(253, 2, 2, NULL, '2022-08-08 01:16:50', '2022-08-08 01:16:50'),
(254, 2, 1, NULL, '2022-08-08 01:16:53', '2022-08-08 01:16:53'),
(255, 1, 22, 2, '2022-08-08 01:18:58', '2022-08-08 01:18:58'),
(256, 2, 2, NULL, '2022-08-08 01:19:02', '2022-08-08 01:19:02'),
(257, 2, 2, NULL, '2022-08-08 01:19:05', '2022-08-08 01:19:05'),
(258, 2, 1, NULL, '2022-08-08 01:19:08', '2022-08-08 01:19:08'),
(259, 3, 1, NULL, '2022-08-08 01:19:15', '2022-08-08 01:19:15'),
(260, 1, 22, 2, '2022-08-08 01:20:30', '2022-08-08 01:20:30'),
(261, 2, 2, NULL, '2022-08-08 01:20:43', '2022-08-08 01:20:43'),
(262, 2, 1, NULL, '2022-08-08 01:20:55', '2022-08-08 01:20:55'),
(263, 1, 22, 2, '2022-08-08 01:21:15', '2022-08-08 01:21:15'),
(264, 2, 2, NULL, '2022-08-08 01:21:30', '2022-08-08 01:21:30'),
(265, 2, 1, NULL, '2022-08-08 01:21:34', '2022-08-08 01:21:34'),
(266, 3, 2, NULL, '2022-08-08 01:24:52', '2022-08-08 01:24:52'),
(267, 2, 1, NULL, '2022-08-08 01:25:11', '2022-08-08 01:25:11'),
(268, 2, 2, NULL, '2022-08-08 01:26:38', '2022-08-08 01:26:38'),
(269, 3, 1, NULL, '2022-08-08 01:26:51', '2022-08-08 01:26:51'),
(270, 2, 2, NULL, '2022-08-08 02:02:13', '2022-08-08 02:02:13'),
(271, 1, 1, NULL, '2022-08-08 02:02:17', '2022-08-08 02:02:17'),
(272, 3, 2, NULL, '2022-08-08 02:02:19', '2022-08-08 02:02:19'),
(273, 2, 1, NULL, '2022-08-08 02:02:36', '2022-08-08 02:02:36'),
(274, 1, 22, 3, '2022-08-08 02:02:56', '2022-08-08 02:02:56'),
(275, 1, 2, NULL, '2022-08-08 03:07:15', '2022-08-08 03:07:15'),
(276, 3, 1, NULL, '2022-08-08 03:07:28', '2022-08-08 03:07:28'),
(277, 1, 2, NULL, '2022-08-08 03:13:59', '2022-08-08 03:13:59'),
(278, 2, 1, NULL, '2022-08-08 03:14:11', '2022-08-08 03:14:11'),
(279, 2, 2, NULL, '2022-08-08 03:31:35', '2022-08-08 03:31:35'),
(280, 1, 1, NULL, '2022-08-08 03:31:40', '2022-08-08 03:31:40'),
(281, 1, 4, 4, '2022-08-08 03:33:32', '2022-08-08 03:33:32'),
(282, 3, 2, NULL, '2022-08-08 03:33:46', '2022-08-08 03:33:46'),
(283, 4, 1, NULL, '2022-08-08 03:33:51', '2022-08-08 03:33:51'),
(284, 4, 2, NULL, '2022-08-08 03:34:16', '2022-08-08 03:34:16'),
(285, 1, 1, NULL, '2022-08-08 03:35:57', '2022-08-08 03:35:57'),
(286, 1, 4, 5, '2022-08-08 03:47:13', '2022-08-08 03:47:13'),
(287, 1, 4, 6, '2022-08-08 03:49:03', '2022-08-08 03:49:03'),
(288, 1, 4, 7, '2022-08-08 03:49:41', '2022-08-08 03:49:41'),
(289, 1, 4, 8, '2022-08-08 03:51:01', '2022-08-08 03:51:01'),
(290, 1, 1, NULL, '2022-08-08 03:51:02', '2022-08-08 03:51:02'),
(291, 1, 4, 9, '2022-08-08 03:51:46', '2022-08-08 03:51:46'),
(292, 1, 4, 10, '2022-08-08 03:52:26', '2022-08-08 03:52:26'),
(293, 1, 4, 11, '2022-08-08 03:53:01', '2022-08-08 03:53:01'),
(294, 1, 4, 12, '2022-08-08 04:06:34', '2022-08-08 04:06:34'),
(295, 1, 4, 13, '2022-08-08 04:07:32', '2022-08-08 04:07:32'),
(296, 1, 4, 14, '2022-08-08 04:08:19', '2022-08-08 04:08:19'),
(297, 1, 4, 15, '2022-08-08 04:08:52', '2022-08-08 04:08:52'),
(298, 1, 4, 16, '2022-08-08 04:09:29', '2022-08-08 04:09:29'),
(299, 1, 4, 17, '2022-08-08 04:10:06', '2022-08-08 04:10:06'),
(300, 1, 4, 18, '2022-08-08 04:10:39', '2022-08-08 04:10:39'),
(301, 1, 4, 19, '2022-08-08 04:11:11', '2022-08-08 04:11:11'),
(302, 1, 4, 20, '2022-08-08 04:11:52', '2022-08-08 04:11:52'),
(303, 1, 4, 21, '2022-08-08 04:12:27', '2022-08-08 04:12:27'),
(304, 1, 4, 22, '2022-08-08 04:24:13', '2022-08-08 04:24:13'),
(305, 1, 4, 23, '2022-08-08 04:24:55', '2022-08-08 04:24:55'),
(306, 1, 4, 24, '2022-08-08 04:25:48', '2022-08-08 04:25:48'),
(307, 1, 4, 25, '2022-08-08 04:26:56', '2022-08-08 04:26:56'),
(308, 1, 4, 26, '2022-08-08 04:27:33', '2022-08-08 04:27:33'),
(309, 1, 4, 27, '2022-08-08 04:28:07', '2022-08-08 04:28:07'),
(310, 1, 4, 28, '2022-08-08 04:28:39', '2022-08-08 04:28:39'),
(311, 1, 4, 29, '2022-08-08 04:29:14', '2022-08-08 04:29:14'),
(312, 1, 4, 30, '2022-08-08 04:30:01', '2022-08-08 04:30:01'),
(313, 1, 4, 31, '2022-08-08 04:30:42', '2022-08-08 04:30:42'),
(314, 1, 4, 32, '2022-08-08 04:31:33', '2022-08-08 04:31:33'),
(315, 1, 4, 33, '2022-08-08 04:32:10', '2022-08-08 04:32:10'),
(316, 1, 4, 34, '2022-08-08 04:32:39', '2022-08-08 04:32:39'),
(317, 3, 1, NULL, '2022-08-08 04:41:55', '2022-08-08 04:41:55'),
(318, 1, 2, NULL, '2022-08-08 04:42:43', '2022-08-08 04:42:43'),
(319, 2, 1, NULL, '2022-08-08 04:42:47', '2022-08-08 04:42:47'),
(320, 2, 2, NULL, '2022-08-08 04:42:54', '2022-08-08 04:42:54'),
(321, 1, 1, NULL, '2022-08-08 04:42:57', '2022-08-08 04:42:57'),
(322, 1, 17, 66, '2022-08-08 04:43:48', '2022-08-08 04:43:48'),
(323, 1, 22, 2, '2022-08-08 04:44:14', '2022-08-08 04:44:14'),
(324, 1, 22, 3, '2022-08-08 04:44:19', '2022-08-08 04:44:19'),
(325, 1, 2, NULL, '2022-08-08 04:44:25', '2022-08-08 04:44:25'),
(326, 2, 1, NULL, '2022-08-08 04:44:29', '2022-08-08 04:44:29'),
(327, 2, 2, NULL, '2022-08-08 04:44:54', '2022-08-08 04:44:54'),
(328, 1, 1, NULL, '2022-08-08 04:44:57', '2022-08-08 04:44:57'),
(329, 1, 17, 67, '2022-08-08 04:45:10', '2022-08-08 04:45:10'),
(330, 1, 22, 2, '2022-08-08 04:45:28', '2022-08-08 04:45:28'),
(331, 1, 22, 3, '2022-08-08 04:45:54', '2022-08-08 04:45:54'),
(332, 1, 2, NULL, '2022-08-08 04:46:09', '2022-08-08 04:46:09'),
(333, 2, 1, NULL, '2022-08-08 04:46:11', '2022-08-08 04:46:11'),
(334, 2, 2, NULL, '2022-08-08 04:46:14', '2022-08-08 04:46:14'),
(335, 3, 1, NULL, '2022-08-08 04:46:17', '2022-08-08 04:46:17'),
(336, 31, 1, NULL, '2022-08-08 04:46:49', '2022-08-08 04:46:49'),
(337, 1, 2, NULL, '2022-08-08 04:47:23', '2022-08-08 04:47:23'),
(338, 2, 1, NULL, '2022-08-08 04:47:35', '2022-08-08 04:47:35'),
(339, 2, 2, NULL, '2022-08-08 04:51:08', '2022-08-08 04:51:08'),
(340, 1, 1, NULL, '2022-08-08 04:51:11', '2022-08-08 04:51:11'),
(341, 3, 2, NULL, '2022-08-08 04:51:54', '2022-08-08 04:51:54'),
(342, 27, 1, NULL, '2022-08-08 04:52:00', '2022-08-08 04:52:00'),
(343, 1, 2, NULL, '2022-08-08 04:52:34', '2022-08-08 04:52:34'),
(344, 2, 1, NULL, '2022-08-08 04:52:37', '2022-08-08 04:52:37'),
(345, 2, 2, NULL, '2022-08-08 04:56:22', '2022-08-08 04:56:22'),
(346, 3, 2, NULL, '2022-08-08 04:56:34', '2022-08-08 04:56:34'),
(347, 2, 1, NULL, '2022-08-08 04:56:57', '2022-08-08 04:56:57'),
(348, 23, 1, NULL, '2022-08-08 04:57:50', '2022-08-08 04:57:50'),
(349, 23, 3, NULL, '2022-08-08 04:59:15', '2022-08-08 04:59:15'),
(350, 23, 8, NULL, '2022-08-08 04:59:15', '2022-08-08 04:59:15'),
(351, 27, 2, NULL, '2022-08-08 04:59:22', '2022-08-08 04:59:22'),
(352, 1, 1, NULL, '2022-08-08 04:59:25', '2022-08-08 04:59:25'),
(353, 2, 2, NULL, '2022-08-08 05:00:04', '2022-08-08 05:00:04'),
(354, 8, 1, NULL, '2022-08-08 05:00:10', '2022-08-08 05:00:10'),
(355, 8, 2, NULL, '2022-08-08 05:00:27', '2022-08-08 05:00:27'),
(356, 8, 1, NULL, '2022-08-08 05:00:33', '2022-08-08 05:00:33'),
(357, 23, 1, NULL, '2022-08-08 05:02:11', '2022-08-08 05:02:11'),
(358, 8, 2, NULL, '2022-08-08 05:07:46', '2022-08-08 05:07:46'),
(359, 2, 1, NULL, '2022-08-08 05:07:51', '2022-08-08 05:07:51'),
(360, 1, 4, 35, '2022-08-08 05:14:35', '2022-08-08 05:14:35'),
(361, 1, 4, 36, '2022-08-08 05:15:25', '2022-08-08 05:15:25'),
(362, 1, 4, 37, '2022-08-08 05:15:58', '2022-08-08 05:15:58'),
(363, 1, 4, 38, '2022-08-08 05:17:18', '2022-08-08 05:17:18'),
(364, 1, 4, 39, '2022-08-08 05:17:48', '2022-08-08 05:17:48'),
(365, 1, 4, 40, '2022-08-08 05:18:20', '2022-08-08 05:18:20'),
(366, 37, 1, NULL, '2022-08-08 05:18:30', '2022-08-08 05:18:30'),
(367, 37, 2, NULL, '2022-08-08 05:19:18', '2022-08-08 05:19:18'),
(368, 40, 1, NULL, '2022-08-08 05:19:38', '2022-08-08 05:19:38'),
(369, 30, 1, NULL, '2022-08-08 05:25:31', '2022-08-08 05:25:31'),
(370, 3, 1, NULL, '2022-08-08 05:26:16', '2022-08-08 05:26:16'),
(371, 3, 2, NULL, '2022-08-08 05:30:12', '2022-08-08 05:30:12'),
(372, 2, 1, NULL, '2022-08-08 05:30:21', '2022-08-08 05:30:21'),
(373, 2, 2, NULL, '2022-08-08 05:31:41', '2022-08-08 05:31:41'),
(374, 3, 1, NULL, '2022-08-08 05:31:48', '2022-08-08 05:31:48'),
(375, 3, 2, NULL, '2022-08-08 05:32:33', '2022-08-08 05:32:33'),
(376, 2, 1, NULL, '2022-08-08 05:32:40', '2022-08-08 05:32:40'),
(377, 2, 2, NULL, '2022-08-08 05:33:49', '2022-08-08 05:33:49'),
(378, 3, 1, NULL, '2022-08-08 05:33:57', '2022-08-08 05:33:57'),
(379, 3, 2, NULL, '2022-08-08 05:34:51', '2022-08-08 05:34:51'),
(380, 2, 1, NULL, '2022-08-08 05:34:57', '2022-08-08 05:34:57'),
(381, 2, 2, NULL, '2022-08-08 05:38:17', '2022-08-08 05:38:17'),
(382, 3, 1, NULL, '2022-08-08 05:38:25', '2022-08-08 05:38:25'),
(383, 35, 1, NULL, '2022-08-08 05:44:10', '2022-08-08 05:44:10'),
(384, 36, 1, NULL, '2022-08-08 05:44:40', '2022-08-08 05:44:40'),
(385, 38, 1, NULL, '2022-08-08 05:45:34', '2022-08-08 05:45:34'),
(386, 39, 1, NULL, '2022-08-08 05:45:41', '2022-08-08 05:45:41'),
(387, 35, 1, NULL, '2022-08-08 05:46:13', '2022-08-08 05:46:13'),
(388, 40, 1, NULL, '2022-08-08 05:48:01', '2022-08-08 05:48:01'),
(389, 38, 1, NULL, '2022-08-08 05:49:14', '2022-08-08 05:49:14'),
(390, 35, 2, NULL, '2022-08-08 05:49:29', '2022-08-08 05:49:29'),
(391, 34, 1, NULL, '2022-08-08 05:50:33', '2022-08-08 05:50:33'),
(392, 34, 3, NULL, '2022-08-08 05:51:20', '2022-08-08 05:51:20'),
(393, 34, 8, NULL, '2022-08-08 05:51:20', '2022-08-08 05:51:20'),
(394, 34, 1, NULL, '2022-08-08 05:51:32', '2022-08-08 05:51:32'),
(395, 1, 2, NULL, '2022-08-08 05:52:39', '2022-08-08 05:52:39'),
(396, 40, 3, NULL, '2022-08-08 05:54:16', '2022-08-08 05:54:16'),
(397, 38, 1, NULL, '2022-08-08 05:55:25', '2022-08-08 05:55:25'),
(398, 6, 1, NULL, '2022-08-08 05:55:47', '2022-08-08 05:55:47'),
(399, 40, 1, NULL, '2022-08-08 05:56:42', '2022-08-08 05:56:42'),
(400, 30, 3, NULL, '2022-08-08 05:56:49', '2022-08-08 05:56:49'),
(401, 30, 8, NULL, '2022-08-08 05:56:49', '2022-08-08 05:56:49'),
(402, 30, 1, NULL, '2022-08-08 05:57:03', '2022-08-08 05:57:03'),
(403, 39, 2, NULL, '2022-08-08 05:57:32', '2022-08-08 05:57:32'),
(404, 38, 2, NULL, '2022-08-08 06:00:10', '2022-08-08 06:00:10'),
(405, 6, 2, NULL, '2022-08-08 06:02:19', '2022-08-08 06:02:19'),
(406, 35, 1, NULL, '2022-08-08 06:02:47', '2022-08-08 06:02:47'),
(407, 35, 2, NULL, '2022-08-08 06:07:43', '2022-08-08 06:07:43'),
(408, 6, 1, NULL, '2022-08-08 06:08:06', '2022-08-08 06:08:06'),
(409, 34, 2, NULL, '2022-08-08 06:13:21', '2022-08-08 06:13:21'),
(410, 33, 1, NULL, '2022-08-08 06:13:36', '2022-08-08 06:13:36'),
(411, 30, 2, NULL, '2022-08-08 06:13:40', '2022-08-08 06:13:40'),
(412, 33, 2, NULL, '2022-08-08 06:14:34', '2022-08-08 06:14:34'),
(413, 14, 1, NULL, '2022-08-08 06:17:13', '2022-08-08 06:17:13'),
(414, 14, 2, NULL, '2022-08-08 06:19:50', '2022-08-08 06:19:50'),
(415, 14, 1, NULL, '2022-08-08 06:21:49', '2022-08-08 06:21:49'),
(416, 34, 1, NULL, '2022-08-08 06:40:39', '2022-08-08 06:40:39'),
(417, 37, 1, NULL, '2022-08-09 21:47:21', '2022-08-09 21:47:21'),
(418, 39, 1, NULL, '2022-08-09 21:58:10', '2022-08-09 21:58:10'),
(419, 39, 1, NULL, '2022-08-09 21:58:23', '2022-08-09 21:58:23'),
(420, 14, 1, NULL, '2022-08-09 22:15:13', '2022-08-09 22:15:13'),
(421, 14, 2, NULL, '2022-08-09 22:23:55', '2022-08-09 22:23:55'),
(422, 40, 1, NULL, '2022-08-09 22:35:11', '2022-08-09 22:35:11'),
(423, 1, 1, NULL, '2022-08-09 22:35:21', '2022-08-09 22:35:21'),
(424, 35, 1, NULL, '2022-08-09 22:36:15', '2022-08-09 22:36:15'),
(425, 38, 1, NULL, '2022-08-09 22:36:44', '2022-08-09 22:36:44'),
(426, 36, 1, NULL, '2022-08-09 22:37:15', '2022-08-09 22:37:15'),
(427, 1, 4, 41, '2022-08-09 22:38:13', '2022-08-09 22:38:13'),
(428, 39, 1, NULL, '2022-08-09 22:38:49', '2022-08-09 22:38:49'),
(429, 40, 2, NULL, '2022-08-09 22:39:28', '2022-08-09 22:39:28'),
(430, 40, 1, NULL, '2022-08-09 22:39:36', '2022-08-09 22:39:36'),
(431, 36, 2, NULL, '2022-08-09 22:41:46', '2022-08-09 22:41:46'),
(432, 36, 1, NULL, '2022-08-09 22:41:50', '2022-08-09 22:41:50'),
(433, 36, 2, NULL, '2022-08-09 22:42:33', '2022-08-09 22:42:33'),
(434, 36, 1, NULL, '2022-08-09 22:42:39', '2022-08-09 22:42:39'),
(435, 9, 1, NULL, '2022-08-09 23:21:30', '2022-08-09 23:21:30'),
(436, 39, 2, NULL, '2022-08-09 23:35:19', '2022-08-09 23:35:19'),
(437, 39, 1, NULL, '2022-08-09 23:35:22', '2022-08-09 23:35:22'),
(438, 39, 2, NULL, '2022-08-09 23:35:32', '2022-08-09 23:35:32'),
(439, 39, 1, NULL, '2022-08-09 23:44:08', '2022-08-09 23:44:08'),
(440, 41, 1, NULL, '2022-08-09 23:44:33', '2022-08-09 23:44:33'),
(441, 14, 1, NULL, '2022-08-10 00:26:13', '2022-08-10 00:26:13'),
(442, 14, 3, NULL, '2022-08-10 00:27:59', '2022-08-10 00:27:59'),
(443, 14, 8, NULL, '2022-08-10 00:27:59', '2022-08-10 00:27:59'),
(444, 14, 1, NULL, '2022-08-10 00:28:22', '2022-08-10 00:28:22'),
(445, 2, 1, NULL, '2022-08-10 00:48:07', '2022-08-10 00:48:07'),
(446, 2, 2, NULL, '2022-08-10 00:48:21', '2022-08-10 00:48:21'),
(447, 3, 1, NULL, '2022-08-10 00:48:24', '2022-08-10 00:48:24'),
(448, 3, 2, NULL, '2022-08-10 00:49:52', '2022-08-10 00:49:52'),
(449, 2, 1, NULL, '2022-08-10 00:49:55', '2022-08-10 00:49:55'),
(450, 2, 2, NULL, '2022-08-10 01:11:36', '2022-08-10 01:11:36'),
(451, 2, 1, NULL, '2022-08-10 01:11:41', '2022-08-10 01:11:41'),
(452, 2, 2, NULL, '2022-08-10 01:11:46', '2022-08-10 01:11:46'),
(453, 1, 1, NULL, '2022-08-10 01:11:54', '2022-08-10 01:11:54'),
(454, 1, 2, NULL, '2022-08-10 01:12:31', '2022-08-10 01:12:31'),
(455, 1, 1, NULL, '2022-08-10 01:13:03', '2022-08-10 01:13:03'),
(456, 1, 2, NULL, '2022-08-10 01:13:58', '2022-08-10 01:13:58'),
(457, 29, 1, NULL, '2022-08-10 01:16:32', '2022-08-10 01:16:32'),
(458, 29, 3, NULL, '2022-08-10 01:16:48', '2022-08-10 01:16:48'),
(459, 29, 3, NULL, '2022-08-10 01:17:18', '2022-08-10 01:17:18'),
(460, 29, 8, NULL, '2022-08-10 01:17:18', '2022-08-10 01:17:18'),
(461, 29, 1, NULL, '2022-08-10 01:17:27', '2022-08-10 01:17:27'),
(462, 14, 2, NULL, '2022-08-10 01:23:24', '2022-08-10 01:23:24'),
(463, 18, 1, NULL, '2022-08-10 01:23:55', '2022-08-10 01:23:55'),
(464, 18, 3, NULL, '2022-08-10 01:24:38', '2022-08-10 01:24:38'),
(465, 18, 8, NULL, '2022-08-10 01:24:38', '2022-08-10 01:24:38'),
(466, 18, 1, NULL, '2022-08-10 01:24:51', '2022-08-10 01:24:51'),
(467, 18, 2, NULL, '2022-08-10 01:27:10', '2022-08-10 01:27:10'),
(468, 14, 1, NULL, '2022-08-10 01:28:25', '2022-08-10 01:28:25'),
(469, 39, 1, NULL, '2022-08-10 01:38:38', '2022-08-10 01:38:38'),
(470, 39, 1, NULL, '2022-08-10 01:41:34', '2022-08-10 01:41:34'),
(471, 14, 2, NULL, '2022-08-10 02:02:01', '2022-08-10 02:02:01'),
(472, 10, 1, NULL, '2022-08-10 02:06:52', '2022-08-10 02:06:52'),
(473, 38, 1, NULL, '2022-08-10 02:08:39', '2022-08-10 02:08:39'),
(474, 10, 2, NULL, '2022-08-10 02:08:58', '2022-08-10 02:08:58'),
(475, 9, 1, NULL, '2022-08-10 02:15:27', '2022-08-10 02:15:27'),
(476, 18, 1, NULL, '2022-08-10 02:25:33', '2022-08-10 02:25:33'),
(477, 37, 2, NULL, '2022-08-10 02:29:26', '2022-08-10 02:29:26'),
(478, 37, 1, NULL, '2022-08-10 02:29:37', '2022-08-10 02:29:37'),
(479, 37, 2, NULL, '2022-08-10 02:31:35', '2022-08-10 02:31:35'),
(480, 37, 1, NULL, '2022-08-10 02:31:48', '2022-08-10 02:31:48'),
(481, 36, 1, NULL, '2022-08-10 02:31:48', '2022-08-10 02:31:48'),
(482, 2, 1, NULL, '2022-08-10 02:42:13', '2022-08-10 02:42:13'),
(483, 2, 2, NULL, '2022-08-10 02:42:43', '2022-08-10 02:42:43'),
(484, 37, 1, NULL, '2022-08-10 02:42:57', '2022-08-10 02:42:57'),
(485, 1, 1, NULL, '2022-08-10 02:43:47', '2022-08-10 02:43:47'),
(486, 1, 5, 37, '2022-08-10 02:47:56', '2022-08-10 02:47:56'),
(487, 37, 2, NULL, '2022-08-10 02:48:05', '2022-08-10 02:48:05'),
(488, 37, 1, NULL, '2022-08-10 02:48:10', '2022-08-10 02:48:10'),
(489, 37, 2, NULL, '2022-08-10 02:48:47', '2022-08-10 02:48:47'),
(490, 37, 1, NULL, '2022-08-10 02:48:58', '2022-08-10 02:48:58'),
(491, 41, 1, NULL, '2022-08-10 02:57:34', '2022-08-10 02:57:34'),
(492, 18, 2, NULL, '2022-08-10 03:05:54', '2022-08-10 03:05:54'),
(493, 18, 1, NULL, '2022-08-10 03:06:12', '2022-08-10 03:06:12'),
(494, 5, 1, NULL, '2022-08-10 03:34:57', '2022-08-10 03:34:57'),
(495, 37, 2, NULL, '2022-08-10 03:51:03', '2022-08-10 03:51:03'),
(496, 5, 2, NULL, '2022-08-10 03:55:34', '2022-08-10 03:55:34'),
(497, 2, 1, NULL, '2022-08-10 04:03:15', '2022-08-10 04:03:15'),
(498, 6, 1, NULL, '2022-08-10 04:20:08', '2022-08-10 04:20:08'),
(499, 18, 2, NULL, '2022-08-10 04:20:52', '2022-08-10 04:20:52'),
(500, 32, 1, NULL, '2022-08-10 04:26:55', '2022-08-10 04:26:55'),
(501, 32, 2, NULL, '2022-08-10 04:31:59', '2022-08-10 04:31:59'),
(502, 6, 1, NULL, '2022-08-10 04:47:06', '2022-08-10 04:47:06'),
(503, 2, 2, NULL, '2022-08-10 05:28:56', '2022-08-10 05:28:56'),
(504, 5, 1, NULL, '2022-08-10 05:32:02', '2022-08-10 05:32:02'),
(505, 24, 1, NULL, '2022-08-10 05:38:20', '2022-08-10 05:38:20'),
(506, 24, 3, NULL, '2022-08-10 05:41:37', '2022-08-10 05:41:37'),
(507, 24, 8, NULL, '2022-08-10 05:41:37', '2022-08-10 05:41:37'),
(508, 24, 1, NULL, '2022-08-10 05:41:54', '2022-08-10 05:41:54'),
(509, 10, 1, NULL, '2022-08-10 05:48:39', '2022-08-10 05:48:39'),
(510, 37, 2, NULL, '2022-08-10 05:51:24', '2022-08-10 05:51:24'),
(511, 3, 1, NULL, '2022-08-10 05:51:33', '2022-08-10 05:51:33'),
(512, 3, 2, NULL, '2022-08-10 05:53:49', '2022-08-10 05:53:49'),
(513, 38, 2, NULL, '2022-08-10 06:06:43', '2022-08-10 06:06:43'),
(514, 37, 1, NULL, '2022-08-10 06:43:17', '2022-08-10 06:43:17'),
(515, 41, 2, NULL, '2022-08-10 06:48:00', '2022-08-10 06:48:00'),
(516, 41, 1, NULL, '2022-08-10 06:49:14', '2022-08-10 06:49:14'),
(517, 41, 2, NULL, '2022-08-10 06:49:54', '2022-08-10 06:49:54'),
(518, 29, 1, NULL, '2022-08-10 06:59:24', '2022-08-10 06:59:24'),
(519, 2, 1, NULL, '2022-08-10 07:04:29', '2022-08-10 07:04:29'),
(520, 2, 2, NULL, '2022-08-10 07:14:20', '2022-08-10 07:14:20'),
(521, 3, 1, NULL, '2022-08-10 07:14:22', '2022-08-10 07:14:22'),
(522, 29, 2, NULL, '2022-08-10 13:17:05', '2022-08-10 13:17:05'),
(523, 41, 1, NULL, '2022-08-11 03:48:17', '2022-08-11 03:48:17'),
(524, 14, 1, NULL, '2022-08-11 03:48:31', '2022-08-11 03:48:31'),
(525, 39, 1, NULL, '2022-08-11 03:48:49', '2022-08-11 03:48:49'),
(526, 37, 1, NULL, '2022-08-11 03:51:05', '2022-08-11 03:51:05'),
(527, 40, 1, NULL, '2022-08-11 03:51:10', '2022-08-11 03:51:10'),
(528, 36, 1, NULL, '2022-08-11 04:07:15', '2022-08-11 04:07:15'),
(529, 38, 1, NULL, '2022-08-11 04:07:21', '2022-08-11 04:07:21'),
(530, 35, 1, NULL, '2022-08-11 04:11:08', '2022-08-11 04:11:08'),
(531, 24, 1, NULL, '2022-08-11 04:29:56', '2022-08-11 04:29:56'),
(532, 12, 1, NULL, '2022-08-11 04:30:35', '2022-08-11 04:30:35'),
(533, 29, 1, NULL, '2022-08-11 04:42:17', '2022-08-11 04:42:17'),
(534, 2, 1, NULL, '2022-08-11 04:51:46', '2022-08-11 04:51:46'),
(535, 39, 2, NULL, '2022-08-11 05:12:42', '2022-08-11 05:12:42'),
(536, 39, 1, NULL, '2022-08-11 05:12:45', '2022-08-11 05:12:45'),
(537, 38, 2, NULL, '2022-08-11 05:13:05', '2022-08-11 05:13:05'),
(538, 38, 1, NULL, '2022-08-11 05:13:18', '2022-08-11 05:13:18'),
(539, 39, 2, NULL, '2022-08-11 05:14:06', '2022-08-11 05:14:06'),
(540, 39, 1, NULL, '2022-08-11 05:14:09', '2022-08-11 05:14:09'),
(541, 41, 2, NULL, '2022-08-11 05:14:12', '2022-08-11 05:14:12'),
(542, 41, 1, NULL, '2022-08-11 05:14:23', '2022-08-11 05:14:23'),
(543, 38, 2, NULL, '2022-08-11 05:14:25', '2022-08-11 05:14:25'),
(544, 38, 1, NULL, '2022-08-11 05:14:56', '2022-08-11 05:14:56'),
(545, 18, 1, NULL, '2022-08-11 05:16:12', '2022-08-11 05:16:12'),
(546, 37, 2, NULL, '2022-08-11 05:18:06', '2022-08-11 05:18:06'),
(547, 37, 1, NULL, '2022-08-11 05:18:16', '2022-08-11 05:18:16'),
(548, 35, 2, NULL, '2022-08-11 05:20:55', '2022-08-11 05:20:55'),
(549, 35, 1, NULL, '2022-08-11 05:20:58', '2022-08-11 05:20:58'),
(550, 41, 2, NULL, '2022-08-11 05:21:59', '2022-08-11 05:21:59'),
(551, 41, 1, NULL, '2022-08-11 05:27:04', '2022-08-11 05:27:04'),
(552, 40, 2, NULL, '2022-08-11 05:31:43', '2022-08-11 05:31:43'),
(553, 40, 1, NULL, '2022-08-11 05:32:37', '2022-08-11 05:32:37'),
(554, 40, 2, NULL, '2022-08-11 05:36:26', '2022-08-11 05:36:26'),
(555, 40, 1, NULL, '2022-08-11 05:36:44', '2022-08-11 05:36:44'),
(556, 40, 1, NULL, '2022-08-11 05:40:13', '2022-08-11 05:40:13'),
(557, 40, 2, NULL, '2022-08-11 05:41:13', '2022-08-11 05:41:13'),
(558, 40, 1, NULL, '2022-08-11 05:41:17', '2022-08-11 05:41:17'),
(559, 5, 1, NULL, '2022-08-11 05:47:17', '2022-08-11 05:47:17'),
(560, 37, 2, NULL, '2022-08-11 06:16:02', '2022-08-11 06:16:02'),
(561, 3, 1, NULL, '2022-08-11 06:16:17', '2022-08-11 06:16:17'),
(562, 3, 2, NULL, '2022-08-11 06:20:16', '2022-08-11 06:20:16'),
(563, 37, 1, NULL, '2022-08-11 06:20:26', '2022-08-11 06:20:26'),
(564, 34, 1, NULL, '2022-08-11 06:28:13', '2022-08-11 06:28:13'),
(565, 37, 2, NULL, '2022-08-11 06:38:44', '2022-08-11 06:38:44'),
(566, 3, 1, NULL, '2022-08-11 06:38:57', '2022-08-11 06:38:57'),
(567, 3, 2, NULL, '2022-08-11 06:39:58', '2022-08-11 06:39:58'),
(568, 23, 1, NULL, '2022-08-11 06:40:02', '2022-08-11 06:40:02'),
(569, 37, 1, NULL, '2022-08-11 06:44:28', '2022-08-11 06:44:28'),
(570, 31, 1, NULL, '2022-08-11 07:04:09', '2022-08-11 07:04:09'),
(571, 18, 1, NULL, '2022-08-11 07:06:44', '2022-08-11 07:06:44'),
(572, 31, 2, NULL, '2022-08-11 07:07:08', '2022-08-11 07:07:08'),
(573, 31, 1, NULL, '2022-08-11 07:18:47', '2022-08-11 07:18:47'),
(574, 12, 1, NULL, '2022-08-11 07:20:21', '2022-08-11 07:20:21'),
(575, 2, 1, NULL, '2022-08-11 08:06:37', '2022-08-11 08:06:37'),
(576, 29, 1, NULL, '2022-08-11 08:11:45', '2022-08-11 08:11:45'),
(577, 37, 2, NULL, '2022-08-11 08:40:28', '2022-08-11 08:40:28'),
(578, 24, 1, NULL, '2022-08-11 09:00:19', '2022-08-11 09:00:19'),
(579, 31, 1, NULL, '2022-08-11 09:35:07', '2022-08-11 09:35:07'),
(580, 38, 2, NULL, '2022-08-11 09:36:55', '2022-08-11 09:36:55'),
(581, 38, 1, NULL, '2022-08-11 09:37:21', '2022-08-11 09:37:21'),
(582, 10, 1, NULL, '2022-08-11 09:48:21', '2022-08-11 09:48:21'),
(583, 32, 1, NULL, '2022-08-11 09:52:42', '2022-08-11 09:52:42'),
(584, 32, 2, NULL, '2022-08-11 09:53:35', '2022-08-11 09:53:35'),
(585, 37, 1, NULL, '2022-08-11 10:03:16', '2022-08-11 10:03:16'),
(586, 24, 2, NULL, '2022-08-11 10:24:00', '2022-08-11 10:24:00'),
(587, 24, 1, NULL, '2022-08-11 10:24:51', '2022-08-11 10:24:51'),
(588, 5, 1, NULL, '2022-08-11 10:59:38', '2022-08-11 10:59:38'),
(589, 12, 1, NULL, '2022-08-11 11:25:26', '2022-08-11 11:25:26'),
(590, 37, 2, NULL, '2022-08-11 11:29:29', '2022-08-11 11:29:29'),
(591, 23, 1, NULL, '2022-08-11 11:45:30', '2022-08-11 11:45:30'),
(592, 12, 2, NULL, '2022-08-11 11:48:07', '2022-08-11 11:48:07'),
(593, 12, 1, NULL, '2022-08-11 11:48:20', '2022-08-11 11:48:20'),
(594, 34, 1, NULL, '2022-08-11 11:48:26', '2022-08-11 11:48:26'),
(595, 10, 1, NULL, '2022-08-11 11:54:03', '2022-08-11 11:54:03'),
(596, 12, 2, NULL, '2022-08-11 12:20:50', '2022-08-11 12:20:50'),
(597, 37, 1, NULL, '2022-08-11 12:31:08', '2022-08-11 12:31:08'),
(598, 38, 2, NULL, '2022-08-11 12:31:49', '2022-08-11 12:31:49'),
(599, 37, 2, NULL, '2022-08-11 12:44:40', '2022-08-11 12:44:40'),
(600, 10, 2, NULL, '2022-08-11 12:54:44', '2022-08-11 12:54:44'),
(601, 29, 1, NULL, '2022-08-11 13:17:21', '2022-08-11 13:17:21'),
(602, 29, 2, NULL, '2022-08-11 13:18:57', '2022-08-11 13:18:57'),
(603, 35, 1, NULL, '2022-08-14 03:54:07', '2022-08-14 03:54:07'),
(604, 39, 1, NULL, '2022-08-14 03:59:57', '2022-08-14 03:59:57'),
(605, 38, 1, NULL, '2022-08-14 04:02:35', '2022-08-14 04:02:35'),
(606, 31, 1, NULL, '2022-08-14 04:03:26', '2022-08-14 04:03:26'),
(607, 37, 1, NULL, '2022-08-14 04:06:02', '2022-08-14 04:06:02'),
(608, 36, 1, NULL, '2022-08-14 04:08:07', '2022-08-14 04:08:07'),
(609, 37, 2, NULL, '2022-08-14 04:12:29', '2022-08-14 04:12:29'),
(610, 3, 1, NULL, '2022-08-14 04:12:40', '2022-08-14 04:12:40'),
(611, 41, 1, NULL, '2022-08-14 04:15:16', '2022-08-14 04:15:16'),
(612, 31, 2, NULL, '2022-08-14 04:17:00', '2022-08-14 04:17:00'),
(613, 3, 2, NULL, '2022-08-14 04:17:12', '2022-08-14 04:17:12'),
(614, 37, 1, NULL, '2022-08-14 04:17:24', '2022-08-14 04:17:24'),
(615, 14, 1, NULL, '2022-08-14 04:31:52', '2022-08-14 04:31:52'),
(616, 14, 2, NULL, '2022-08-14 04:35:25', '2022-08-14 04:35:25'),
(617, 10, 1, NULL, '2022-08-14 05:06:08', '2022-08-14 05:06:08'),
(618, 39, 2, NULL, '2022-08-14 05:27:19', '2022-08-14 05:27:19'),
(619, 39, 1, NULL, '2022-08-14 05:27:32', '2022-08-14 05:27:32'),
(620, 39, 1, NULL, '2022-08-14 05:27:43', '2022-08-14 05:27:43'),
(621, 5, 1, NULL, '2022-08-14 05:30:59', '2022-08-14 05:30:59'),
(622, 34, 1, NULL, '2022-08-14 05:32:16', '2022-08-14 05:32:16'),
(623, 31, 1, NULL, '2022-08-14 06:41:20', '2022-08-14 06:41:20'),
(624, 24, 1, NULL, '2022-08-14 06:54:37', '2022-08-14 06:54:37'),
(625, 24, 1, NULL, '2022-08-14 07:00:32', '2022-08-14 07:00:32'),
(626, 31, 2, NULL, '2022-08-14 07:17:16', '2022-08-14 07:17:16'),
(627, 2, 1, NULL, '2022-08-14 07:18:00', '2022-08-14 07:18:00'),
(628, 31, 1, NULL, '2022-08-14 07:26:06', '2022-08-14 07:26:06'),
(629, 31, 2, NULL, '2022-08-14 07:27:31', '2022-08-14 07:27:31'),
(630, 32, 1, NULL, '2022-08-14 07:56:11', '2022-08-14 07:56:11'),
(631, 32, 2, NULL, '2022-08-14 07:58:03', '2022-08-14 07:58:03'),
(632, 39, 2, NULL, '2022-08-14 08:32:48', '2022-08-14 08:32:48'),
(633, 39, 1, NULL, '2022-08-14 08:32:51', '2022-08-14 08:32:51'),
(634, 35, 2, NULL, '2022-08-14 08:42:04', '2022-08-14 08:42:04'),
(635, 35, 1, NULL, '2022-08-14 08:42:10', '2022-08-14 08:42:10'),
(636, 1, 1, NULL, '2022-08-14 09:38:07', '2022-08-14 09:38:07'),
(637, 1, 2, NULL, '2022-08-14 09:38:20', '2022-08-14 09:38:20'),
(638, 2, 1, NULL, '2022-08-14 09:38:33', '2022-08-14 09:38:33'),
(639, 30, 1, NULL, '2022-08-14 10:11:44', '2022-08-14 10:11:44'),
(640, 24, 1, NULL, '2022-08-14 10:45:23', '2022-08-14 10:45:23'),
(641, 5, 1, NULL, '2022-08-14 11:15:34', '2022-08-14 11:15:34'),
(642, 31, 1, NULL, '2022-08-14 11:23:22', '2022-08-14 11:23:22'),
(643, 31, 2, NULL, '2022-08-14 11:23:51', '2022-08-14 11:23:51'),
(644, 37, 1, NULL, '2022-08-14 12:05:36', '2022-08-14 12:05:36'),
(645, 38, 2, NULL, '2022-08-14 12:12:19', '2022-08-14 12:12:19'),
(646, 34, 1, NULL, '2022-08-14 12:13:00', '2022-08-14 12:13:00'),
(647, 22, 1, NULL, '2022-08-14 12:27:58', '2022-08-14 12:27:58'),
(648, 30, 2, NULL, '2022-08-14 13:08:35', '2022-08-14 13:08:35'),
(649, 39, 1, NULL, '2022-08-16 03:23:12', '2022-08-16 03:23:12'),
(650, 41, 1, NULL, '2022-08-16 04:02:36', '2022-08-16 04:02:36'),
(651, 34, 1, NULL, '2022-08-16 04:04:14', '2022-08-16 04:04:14'),
(652, 18, 1, NULL, '2022-08-16 04:06:50', '2022-08-16 04:06:50'),
(653, 35, 1, NULL, '2022-08-16 04:14:29', '2022-08-16 04:14:29'),
(654, 38, 1, NULL, '2022-08-16 04:18:25', '2022-08-16 04:18:25'),
(655, 14, 1, NULL, '2022-08-16 04:24:31', '2022-08-16 04:24:31'),
(656, 40, 1, NULL, '2022-08-16 04:38:20', '2022-08-16 04:38:20'),
(657, 37, 1, NULL, '2022-08-16 04:53:25', '2022-08-16 04:53:25'),
(658, 14, 1, NULL, '2022-08-16 05:34:05', '2022-08-16 05:34:05'),
(659, 36, 1, NULL, '2022-08-16 05:45:50', '2022-08-16 05:45:50'),
(660, 24, 1, NULL, '2022-08-16 05:49:43', '2022-08-16 05:49:43'),
(661, 14, 2, NULL, '2022-08-16 06:06:49', '2022-08-16 06:06:49'),
(662, 13, 1, NULL, '2022-08-16 06:16:06', '2022-08-16 06:16:06'),
(663, 22, 1, NULL, '2022-08-16 06:26:29', '2022-08-16 06:26:29'),
(664, 6, 1, NULL, '2022-08-16 06:51:21', '2022-08-16 06:51:21'),
(665, 1, 1, NULL, '2022-08-16 07:19:24', '2022-08-16 07:19:24'),
(666, 10, 1, NULL, '2022-08-16 07:20:32', '2022-08-16 07:20:32'),
(667, 1, 13, 61, '2022-08-16 07:20:48', '2022-08-16 07:20:48'),
(668, 1, 4, 42, '2022-08-16 07:21:26', '2022-08-16 07:21:26'),
(669, 1, 4, 43, '2022-08-16 07:22:08', '2022-08-16 07:22:08'),
(670, 34, 1, NULL, '2022-08-16 09:07:34', '2022-08-16 09:07:34'),
(671, 36, 1, NULL, '2022-08-16 09:35:21', '2022-08-16 09:35:21'),
(672, 32, 1, NULL, '2022-08-16 09:36:19', '2022-08-16 09:36:19'),
(673, 42, 1, NULL, '2022-08-16 09:38:38', '2022-08-16 09:38:38'),
(674, 42, 2, NULL, '2022-08-16 09:39:08', '2022-08-16 09:39:08'),
(675, 43, 1, NULL, '2022-08-16 09:39:28', '2022-08-16 09:39:28'),
(676, 43, 2, NULL, '2022-08-16 09:40:00', '2022-08-16 09:40:00'),
(677, 42, 1, NULL, '2022-08-16 09:44:14', '2022-08-16 09:44:14'),
(678, 32, 2, NULL, '2022-08-16 09:48:36', '2022-08-16 09:48:36'),
(679, 42, 2, NULL, '2022-08-16 09:54:28', '2022-08-16 09:54:28'),
(680, 6, 1, NULL, '2022-08-16 10:45:16', '2022-08-16 10:45:16'),
(681, 31, 1, NULL, '2022-08-16 11:22:57', '2022-08-16 11:22:57'),
(682, 9, 1, NULL, '2022-08-16 11:27:02', '2022-08-16 11:27:02'),
(683, 13, 1, NULL, '2022-08-16 11:29:56', '2022-08-16 11:29:56'),
(684, 31, 2, NULL, '2022-08-16 11:37:22', '2022-08-16 11:37:22'),
(685, 22, 1, NULL, '2022-08-16 11:41:58', '2022-08-16 11:41:58'),
(686, 13, 2, NULL, '2022-08-16 11:42:59', '2022-08-16 11:42:59'),
(687, 6, 2, NULL, '2022-08-16 11:45:06', '2022-08-16 11:45:06'),
(688, 41, 1, NULL, '2022-08-16 11:49:56', '2022-08-16 11:49:56'),
(689, 22, 1, NULL, '2022-08-16 12:03:18', '2022-08-16 12:03:18'),
(690, 22, 2, NULL, '2022-08-16 12:17:10', '2022-08-16 12:17:10'),
(691, 22, 1, NULL, '2022-08-16 12:17:23', '2022-08-16 12:17:23'),
(692, 22, 2, NULL, '2022-08-16 12:21:37', '2022-08-16 12:21:37'),
(693, 22, 1, NULL, '2022-08-16 12:21:46', '2022-08-16 12:21:46'),
(694, 29, 1, NULL, '2022-08-16 12:26:29', '2022-08-16 12:26:29'),
(695, 2, 1, NULL, '2022-08-16 12:36:59', '2022-08-16 12:36:59'),
(696, 40, 2, NULL, '2022-08-16 12:51:41', '2022-08-16 12:51:41'),
(697, 40, 1, NULL, '2022-08-16 12:52:42', '2022-08-16 12:52:42'),
(698, 40, 2, NULL, '2022-08-16 12:54:33', '2022-08-16 12:54:33'),
(699, 6, 1, NULL, '2022-08-16 12:56:22', '2022-08-16 12:56:22'),
(700, 40, 1, NULL, '2022-08-16 12:59:17', '2022-08-16 12:59:17'),
(701, 38, 2, NULL, '2022-08-16 12:59:42', '2022-08-16 12:59:42'),
(702, 22, 2, NULL, '2022-08-16 13:11:22', '2022-08-16 13:11:22'),
(703, 39, 1, NULL, '2022-08-17 03:57:39', '2022-08-17 03:57:39'),
(704, 37, 1, NULL, '2022-08-17 03:59:33', '2022-08-17 03:59:33'),
(705, 6, 1, NULL, '2022-08-17 04:06:12', '2022-08-17 04:06:12'),
(706, 41, 1, NULL, '2022-08-17 04:06:48', '2022-08-17 04:06:48'),
(707, 2, 1, NULL, '2022-08-17 04:11:02', '2022-08-17 04:11:02'),
(708, 34, 1, NULL, '2022-08-17 04:15:30', '2022-08-17 04:15:30'),
(709, 31, 1, NULL, '2022-08-17 04:16:15', '2022-08-17 04:16:15'),
(710, 31, 2, NULL, '2022-08-17 04:19:28', '2022-08-17 04:19:28'),
(711, 31, 1, NULL, '2022-08-17 04:19:37', '2022-08-17 04:19:37'),
(712, 39, 2, NULL, '2022-08-17 04:21:33', '2022-08-17 04:21:33'),
(713, 39, 1, NULL, '2022-08-17 04:21:36', '2022-08-17 04:21:36'),
(714, 39, 2, NULL, '2022-08-17 04:21:43', '2022-08-17 04:21:43'),
(715, 40, 1, NULL, '2022-08-17 04:21:47', '2022-08-17 04:21:47'),
(716, 35, 1, NULL, '2022-08-17 04:21:53', '2022-08-17 04:21:53'),
(717, 38, 1, NULL, '2022-08-17 04:24:04', '2022-08-17 04:24:04'),
(718, 38, 2, NULL, '2022-08-17 04:24:15', '2022-08-17 04:24:15'),
(719, 39, 1, NULL, '2022-08-17 04:24:18', '2022-08-17 04:24:18'),
(720, 38, 1, NULL, '2022-08-17 04:24:36', '2022-08-17 04:24:36'),
(721, 36, 1, NULL, '2022-08-17 04:26:23', '2022-08-17 04:26:23'),
(722, 18, 1, NULL, '2022-08-17 04:36:16', '2022-08-17 04:36:16'),
(723, 29, 1, NULL, '2022-08-17 04:50:53', '2022-08-17 04:50:53'),
(724, 31, 2, NULL, '2022-08-17 04:59:12', '2022-08-17 04:59:12'),
(725, 31, 1, NULL, '2022-08-17 05:36:21', '2022-08-17 05:36:21'),
(726, 32, 1, NULL, '2022-08-17 06:22:17', '2022-08-17 06:22:17'),
(727, 32, 2, NULL, '2022-08-17 06:27:16', '2022-08-17 06:27:16'),
(728, 32, 1, NULL, '2022-08-17 06:28:03', '2022-08-17 06:28:03'),
(729, 37, 2, NULL, '2022-08-17 06:33:04', '2022-08-17 06:33:04'),
(730, 37, 1, NULL, '2022-08-17 06:33:17', '2022-08-17 06:33:17'),
(731, 32, 2, NULL, '2022-08-17 06:38:06', '2022-08-17 06:38:06'),
(732, 9, 1, NULL, '2022-08-17 06:55:40', '2022-08-17 06:55:40'),
(733, 32, 1, NULL, '2022-08-17 06:59:44', '2022-08-17 06:59:44'),
(734, 32, 2, NULL, '2022-08-17 07:00:13', '2022-08-17 07:00:13'),
(735, 22, 1, NULL, '2022-08-17 07:03:46', '2022-08-17 07:03:46'),
(736, 6, 1, NULL, '2022-08-17 07:19:33', '2022-08-17 07:19:33'),
(737, 6, 2, NULL, '2022-08-17 07:24:32', '2022-08-17 07:24:32'),
(738, 35, 1, NULL, '2022-08-17 07:29:39', '2022-08-17 07:29:39'),
(739, 30, 1, NULL, '2022-08-17 08:39:14', '2022-08-17 08:39:14'),
(740, 22, 1, NULL, '2022-08-17 09:51:36', '2022-08-17 09:51:36'),
(741, 37, 2, NULL, '2022-08-17 09:51:58', '2022-08-17 09:51:58'),
(742, 37, 1, NULL, '2022-08-17 10:12:11', '2022-08-17 10:12:11'),
(743, 2, 1, NULL, '2022-08-17 10:23:01', '2022-08-17 10:23:01'),
(744, 10, 1, NULL, '2022-08-17 10:31:14', '2022-08-17 10:31:14'),
(745, 41, 1, NULL, '2022-08-17 10:36:13', '2022-08-17 10:36:13'),
(746, 36, 1, NULL, '2022-08-17 10:39:41', '2022-08-17 10:39:41'),
(747, 30, 2, NULL, '2022-08-17 10:54:13', '2022-08-17 10:54:13'),
(748, 34, 1, NULL, '2022-08-17 11:10:39', '2022-08-17 11:10:39'),
(749, 9, 2, NULL, '2022-08-17 11:28:53', '2022-08-17 11:28:53'),
(750, 6, 1, NULL, '2022-08-17 11:38:52', '2022-08-17 11:38:52'),
(751, 31, 1, NULL, '2022-08-17 11:47:21', '2022-08-17 11:47:21'),
(752, 14, 1, NULL, '2022-08-17 12:00:02', '2022-08-17 12:00:02'),
(753, 14, 2, NULL, '2022-08-17 12:03:28', '2022-08-17 12:03:28'),
(754, 37, 2, NULL, '2022-08-17 12:09:14', '2022-08-17 12:09:14'),
(755, 38, 2, NULL, '2022-08-17 12:10:18', '2022-08-17 12:10:18'),
(756, 31, 2, NULL, '2022-08-17 12:44:09', '2022-08-17 12:44:09'),
(757, 35, 2, NULL, '2022-08-17 13:34:02', '2022-08-17 13:34:02'),
(758, 41, 2, NULL, '2022-08-17 13:59:25', '2022-08-17 13:59:25'),
(759, 31, 1, NULL, '2022-08-21 03:43:02', '2022-08-21 03:43:02'),
(760, 39, 1, NULL, '2022-08-21 03:51:55', '2022-08-21 03:51:55'),
(761, 18, 1, NULL, '2022-08-21 03:54:19', '2022-08-21 03:54:19'),
(762, 40, 1, NULL, '2022-08-21 03:55:14', '2022-08-21 03:55:14'),
(763, 41, 1, NULL, '2022-08-21 03:58:48', '2022-08-21 03:58:48'),
(764, 41, 1, NULL, '2022-08-21 04:00:04', '2022-08-21 04:00:04'),
(765, 5, 1, NULL, '2022-08-21 04:04:03', '2022-08-21 04:04:03'),
(766, 36, 1, NULL, '2022-08-21 04:19:16', '2022-08-21 04:19:16'),
(767, 38, 1, NULL, '2022-08-21 04:20:47', '2022-08-21 04:20:47'),
(768, 37, 1, NULL, '2022-08-21 04:32:18', '2022-08-21 04:32:18'),
(769, 35, 1, NULL, '2022-08-21 04:56:04', '2022-08-21 04:56:04'),
(770, 22, 1, NULL, '2022-08-21 04:58:08', '2022-08-21 04:58:08'),
(771, 6, 1, NULL, '2022-08-21 05:27:04', '2022-08-21 05:27:04'),
(772, 14, 1, NULL, '2022-08-21 05:44:26', '2022-08-21 05:44:26'),
(773, 18, 2, NULL, '2022-08-21 05:51:17', '2022-08-21 05:51:17'),
(774, 14, 1, NULL, '2022-08-21 05:52:00', '2022-08-21 05:52:00'),
(775, 14, 2, NULL, '2022-08-21 05:52:51', '2022-08-21 05:52:51'),
(776, 18, 1, NULL, '2022-08-21 07:47:36', '2022-08-21 07:47:36'),
(777, 41, 1, NULL, '2022-08-21 08:24:00', '2022-08-21 08:24:00'),
(778, 29, 1, NULL, '2022-08-21 08:48:11', '2022-08-21 08:48:11'),
(779, 2, 1, NULL, '2022-08-21 08:53:28', '2022-08-21 08:53:28'),
(780, 9, 1, NULL, '2022-08-21 09:05:11', '2022-08-21 09:05:11'),
(781, 22, 1, NULL, '2022-08-21 09:22:52', '2022-08-21 09:22:52'),
(782, 22, 2, NULL, '2022-08-21 09:27:12', '2022-08-21 09:27:12'),
(783, 34, 1, NULL, '2022-08-21 09:27:34', '2022-08-21 09:27:34'),
(784, 5, 1, NULL, '2022-08-21 09:56:15', '2022-08-21 09:56:15'),
(785, 1, 1, NULL, '2022-08-21 10:15:16', '2022-08-21 10:15:16'),
(786, 1, 4, 44, '2022-08-21 10:16:53', '2022-08-21 10:16:53'),
(787, 1, 6, 44, '2022-08-21 10:19:11', '2022-08-21 10:19:11'),
(788, 31, 1, NULL, '2022-08-21 10:22:23', '2022-08-21 10:22:23'),
(789, 1, 4, 45, '2022-08-21 10:23:33', '2022-08-21 10:23:33'),
(790, 10, 1, NULL, '2022-08-21 10:25:12', '2022-08-21 10:25:12'),
(791, 1, 2, NULL, '2022-08-21 10:26:55', '2022-08-21 10:26:55');
INSERT INTO `sys_logs` (`id`, `subject`, `action`, `object`, `created_at`, `updated_at`) VALUES
(792, 9, 2, NULL, '2022-08-21 10:27:51', '2022-08-21 10:27:51'),
(793, 45, 1, NULL, '2022-08-21 10:28:08', '2022-08-21 10:28:08'),
(794, 31, 2, NULL, '2022-08-21 10:29:18', '2022-08-21 10:29:18'),
(795, 40, 3, NULL, '2022-08-21 10:40:48', '2022-08-21 10:40:48'),
(796, 40, 3, NULL, '2022-08-21 10:40:53', '2022-08-21 10:40:53'),
(797, 2, 2, NULL, '2022-08-21 10:48:59', '2022-08-21 10:48:59'),
(798, 1, 1, NULL, '2022-08-21 10:49:02', '2022-08-21 10:49:02'),
(799, 45, 2, NULL, '2022-08-21 10:55:41', '2022-08-21 10:55:41'),
(800, 45, 1, NULL, '2022-08-21 10:55:58', '2022-08-21 10:55:58'),
(801, 2, 1, NULL, '2022-08-21 10:56:55', '2022-08-21 10:56:55'),
(802, 41, 1, NULL, '2022-08-21 11:34:36', '2022-08-21 11:34:36'),
(803, 6, 1, NULL, '2022-08-21 11:39:03', '2022-08-21 11:39:03'),
(804, 13, 1, NULL, '2022-08-21 11:50:50', '2022-08-21 11:50:50'),
(805, 38, 2, NULL, '2022-08-21 12:10:15', '2022-08-21 12:10:15'),
(806, 38, 1, NULL, '2022-08-21 12:15:06', '2022-08-21 12:15:06'),
(807, 29, 1, NULL, '2022-08-21 12:15:11', '2022-08-21 12:15:11'),
(808, 38, 2, NULL, '2022-08-21 12:33:36', '2022-08-21 12:33:36'),
(809, 38, 1, NULL, '2022-08-21 12:35:10', '2022-08-21 12:35:10'),
(810, 31, 1, NULL, '2022-08-21 12:48:58', '2022-08-21 12:48:58'),
(811, 13, 2, NULL, '2022-08-21 12:58:11', '2022-08-21 12:58:11'),
(812, 29, 2, NULL, '2022-08-21 13:00:36', '2022-08-21 13:00:36'),
(813, 37, 2, NULL, '2022-08-21 13:07:53', '2022-08-21 13:07:53'),
(814, 38, 2, NULL, '2022-08-21 13:13:51', '2022-08-21 13:13:51'),
(815, 10, 1, NULL, '2022-08-21 13:15:46', '2022-08-21 13:15:46'),
(816, 41, 2, NULL, '2022-08-21 13:47:32', '2022-08-21 13:47:32'),
(817, 34, 1, NULL, '2022-08-22 03:57:01', '2022-08-22 03:57:01'),
(818, 39, 1, NULL, '2022-08-22 04:02:23', '2022-08-22 04:02:23'),
(819, 41, 1, NULL, '2022-08-22 04:02:25', '2022-08-22 04:02:25'),
(820, 40, 1, NULL, '2022-08-22 04:07:55', '2022-08-22 04:07:55'),
(821, 36, 1, NULL, '2022-08-22 04:16:45', '2022-08-22 04:16:45'),
(822, 9, 1, NULL, '2022-08-22 04:22:43', '2022-08-22 04:22:43'),
(823, 22, 1, NULL, '2022-08-22 04:28:05', '2022-08-22 04:28:05'),
(824, 38, 1, NULL, '2022-08-22 04:36:31', '2022-08-22 04:36:31'),
(825, 37, 1, NULL, '2022-08-22 04:40:04', '2022-08-22 04:40:04'),
(826, 14, 1, NULL, '2022-08-22 04:57:34', '2022-08-22 04:57:34'),
(827, 22, 2, NULL, '2022-08-22 04:59:11', '2022-08-22 04:59:11'),
(828, 14, 2, NULL, '2022-08-22 05:04:35', '2022-08-22 05:04:35'),
(829, 35, 1, NULL, '2022-08-22 05:12:01', '2022-08-22 05:12:01'),
(830, 1, 1, NULL, '2022-08-22 05:17:33', '2022-08-22 05:17:33'),
(831, 1, 4, 46, '2022-08-22 05:19:05', '2022-08-22 05:19:05'),
(832, 1, 4, 47, '2022-08-22 05:20:28', '2022-08-22 05:20:28'),
(833, 22, 1, NULL, '2022-08-22 06:00:07', '2022-08-22 06:00:07'),
(834, 34, 1, NULL, '2022-08-22 06:09:07', '2022-08-22 06:09:07'),
(835, 18, 1, NULL, '2022-08-22 06:15:46', '2022-08-22 06:15:46'),
(836, 5, 1, NULL, '2022-08-22 06:50:35', '2022-08-22 06:50:35'),
(837, 47, 1, NULL, '2022-08-22 06:56:18', '2022-08-22 06:56:18'),
(838, 13, 1, NULL, '2022-08-22 07:01:57', '2022-08-22 07:01:57'),
(839, 46, 1, NULL, '2022-08-22 07:06:53', '2022-08-22 07:06:53'),
(840, 22, 2, NULL, '2022-08-22 07:08:31', '2022-08-22 07:08:31'),
(841, 1, 2, NULL, '2022-08-22 07:35:44', '2022-08-22 07:35:44'),
(842, 9, 1, NULL, '2022-08-22 08:20:01', '2022-08-22 08:20:01'),
(843, 2, 1, NULL, '2022-08-22 08:39:35', '2022-08-22 08:39:35'),
(844, 24, 1, NULL, '2022-08-22 08:59:29', '2022-08-22 08:59:29'),
(845, 24, 1, NULL, '2022-08-22 09:00:26', '2022-08-22 09:00:26'),
(846, 22, 1, NULL, '2022-08-22 09:10:15', '2022-08-22 09:10:15'),
(847, 41, 1, NULL, '2022-08-22 09:16:12', '2022-08-22 09:16:12'),
(848, 5, 1, NULL, '2022-08-22 09:44:07', '2022-08-22 09:44:07'),
(849, 40, 1, NULL, '2022-08-22 09:51:27', '2022-08-22 09:51:27'),
(850, 22, 2, NULL, '2022-08-22 09:57:49', '2022-08-22 09:57:49'),
(851, 31, 1, NULL, '2022-08-22 10:02:37', '2022-08-22 10:02:37'),
(852, 34, 1, NULL, '2022-08-22 10:22:22', '2022-08-22 10:22:22'),
(853, 6, 1, NULL, '2022-08-22 11:03:52', '2022-08-22 11:03:52'),
(854, 41, 1, NULL, '2022-08-22 11:37:49', '2022-08-22 11:37:49'),
(855, 9, 1, NULL, '2022-08-22 11:38:09', '2022-08-22 11:38:09'),
(856, 24, 1, NULL, '2022-08-22 11:57:15', '2022-08-22 11:57:15'),
(857, 10, 1, NULL, '2022-08-22 11:59:53', '2022-08-22 11:59:53'),
(858, 38, 2, NULL, '2022-08-22 12:11:20', '2022-08-22 12:11:20'),
(859, 13, 1, NULL, '2022-08-22 12:22:22', '2022-08-22 12:22:22'),
(860, 24, 2, NULL, '2022-08-22 12:25:35', '2022-08-22 12:25:35'),
(861, 24, 1, NULL, '2022-08-22 12:26:46', '2022-08-22 12:26:46'),
(862, 31, 2, NULL, '2022-08-22 12:33:06', '2022-08-22 12:33:06'),
(863, 10, 2, NULL, '2022-08-22 12:37:02', '2022-08-22 12:37:02'),
(864, 35, 2, NULL, '2022-08-22 12:47:37', '2022-08-22 12:47:37'),
(865, 37, 2, NULL, '2022-08-22 12:54:42', '2022-08-22 12:54:42'),
(866, 13, 2, NULL, '2022-08-22 12:57:46', '2022-08-22 12:57:46'),
(867, 35, 1, NULL, '2022-08-23 03:04:29', '2022-08-23 03:04:29'),
(868, 38, 1, NULL, '2022-08-23 03:13:23', '2022-08-23 03:13:23'),
(869, 36, 1, NULL, '2022-08-23 03:38:30', '2022-08-23 03:38:30'),
(870, 13, 1, NULL, '2022-08-23 04:04:59', '2022-08-23 04:04:59'),
(871, 40, 1, NULL, '2022-08-23 04:17:27', '2022-08-23 04:17:27'),
(872, 39, 1, NULL, '2022-08-23 04:21:44', '2022-08-23 04:21:44'),
(873, 41, 1, NULL, '2022-08-23 04:22:43', '2022-08-23 04:22:43'),
(874, 18, 1, NULL, '2022-08-23 04:35:52', '2022-08-23 04:35:52'),
(875, 37, 1, NULL, '2022-08-23 04:39:50', '2022-08-23 04:39:50'),
(876, 10, 1, NULL, '2022-08-23 04:46:14', '2022-08-23 04:46:14'),
(877, 34, 1, NULL, '2022-08-23 05:06:47', '2022-08-23 05:06:47'),
(878, 3, 1, NULL, '2022-08-23 05:17:08', '2022-08-23 05:17:08'),
(879, 3, 2, NULL, '2022-08-23 05:29:07', '2022-08-23 05:29:07'),
(880, 2, 1, NULL, '2022-08-23 05:29:14', '2022-08-23 05:29:14'),
(881, 6, 1, NULL, '2022-08-23 06:03:56', '2022-08-23 06:03:56'),
(882, 5, 1, NULL, '2022-08-23 07:46:50', '2022-08-23 07:46:50'),
(883, 9, 1, NULL, '2022-08-23 07:51:11', '2022-08-23 07:51:11'),
(884, 10, 2, NULL, '2022-08-23 07:53:12', '2022-08-23 07:53:12'),
(885, 37, 1, NULL, '2022-08-23 08:17:40', '2022-08-23 08:17:40'),
(886, 31, 1, NULL, '2022-08-23 09:08:20', '2022-08-23 09:08:20'),
(887, 13, 1, NULL, '2022-08-23 09:12:48', '2022-08-23 09:12:48'),
(888, 34, 1, NULL, '2022-08-23 09:13:16', '2022-08-23 09:13:16'),
(889, 35, 1, NULL, '2022-08-23 09:14:07', '2022-08-23 09:14:07'),
(890, 36, 1, NULL, '2022-08-23 09:42:48', '2022-08-23 09:42:48'),
(891, 18, 1, NULL, '2022-08-23 10:11:29', '2022-08-23 10:11:29'),
(892, 10, 1, NULL, '2022-08-23 10:12:23', '2022-08-23 10:12:23'),
(893, 6, 1, NULL, '2022-08-23 10:12:32', '2022-08-23 10:12:32'),
(894, 5, 1, NULL, '2022-08-23 10:14:37', '2022-08-23 10:14:37'),
(895, 23, 1, NULL, '2022-08-23 10:23:49', '2022-08-23 10:23:49'),
(896, 24, 1, NULL, '2022-08-23 10:24:01', '2022-08-23 10:24:01'),
(897, 13, 2, NULL, '2022-08-23 11:12:06', '2022-08-23 11:12:06'),
(898, 41, 1, NULL, '2022-08-23 11:17:13', '2022-08-23 11:17:13'),
(899, 42, 1, NULL, '2022-08-23 11:17:59', '2022-08-23 11:17:59'),
(900, 42, 2, NULL, '2022-08-23 11:27:32', '2022-08-23 11:27:32'),
(901, 37, 1, NULL, '2022-08-23 11:29:44', '2022-08-23 11:29:44'),
(902, 42, 1, NULL, '2022-08-23 11:30:34', '2022-08-23 11:30:34'),
(903, 43, 1, NULL, '2022-08-23 11:31:41', '2022-08-23 11:31:41'),
(904, 43, 2, NULL, '2022-08-23 11:32:00', '2022-08-23 11:32:00'),
(905, 42, 2, NULL, '2022-08-23 11:35:28', '2022-08-23 11:35:28'),
(906, 42, 1, NULL, '2022-08-23 11:35:47', '2022-08-23 11:35:47'),
(907, 42, 2, NULL, '2022-08-23 11:36:45', '2022-08-23 11:36:45'),
(908, 42, 1, NULL, '2022-08-23 11:36:59', '2022-08-23 11:36:59'),
(909, 43, 1, NULL, '2022-08-23 11:46:14', '2022-08-23 11:46:14'),
(910, 42, 2, NULL, '2022-08-23 11:46:22', '2022-08-23 11:46:22'),
(911, 43, 2, NULL, '2022-08-23 11:46:34', '2022-08-23 11:46:34'),
(912, 42, 1, NULL, '2022-08-23 11:52:04', '2022-08-23 11:52:04'),
(913, 13, 1, NULL, '2022-08-23 11:52:33', '2022-08-23 11:52:33'),
(914, 13, 2, NULL, '2022-08-23 11:55:08', '2022-08-23 11:55:08'),
(915, 42, 2, NULL, '2022-08-23 11:56:56', '2022-08-23 11:56:56'),
(916, 43, 1, NULL, '2022-08-23 12:13:15', '2022-08-23 12:13:15'),
(917, 38, 2, NULL, '2022-08-23 12:14:11', '2022-08-23 12:14:11'),
(918, 43, 2, NULL, '2022-08-23 12:19:02', '2022-08-23 12:19:02'),
(919, 37, 2, NULL, '2022-08-23 12:20:37', '2022-08-23 12:20:37'),
(920, 31, 1, NULL, '2022-08-23 12:21:21', '2022-08-23 12:21:21'),
(921, 23, 2, NULL, '2022-08-23 12:25:59', '2022-08-23 12:25:59'),
(922, 24, 1, NULL, '2022-08-23 12:28:20', '2022-08-23 12:28:20'),
(923, 31, 2, NULL, '2022-08-23 12:31:18', '2022-08-23 12:31:18'),
(924, 41, 2, NULL, '2022-08-23 12:50:37', '2022-08-23 12:50:37'),
(925, 10, 2, NULL, '2022-08-23 12:52:00', '2022-08-23 12:52:00'),
(926, 38, 1, NULL, '2022-08-24 02:15:10', '2022-08-24 02:15:10'),
(927, 35, 1, NULL, '2022-08-24 02:31:32', '2022-08-24 02:31:32'),
(928, 36, 1, NULL, '2022-08-24 02:52:02', '2022-08-24 02:52:02'),
(929, 37, 1, NULL, '2022-08-24 02:55:01', '2022-08-24 02:55:01'),
(930, 40, 1, NULL, '2022-08-24 03:03:40', '2022-08-24 03:03:40'),
(931, 13, 1, NULL, '2022-08-24 03:16:19', '2022-08-24 03:16:19'),
(932, 39, 1, NULL, '2022-08-24 03:24:53', '2022-08-24 03:24:53'),
(933, 22, 1, NULL, '2022-08-24 03:32:26', '2022-08-24 03:32:26'),
(934, 41, 1, NULL, '2022-08-24 03:42:09', '2022-08-24 03:42:09'),
(935, 34, 1, NULL, '2022-08-24 04:00:47', '2022-08-24 04:00:47'),
(936, 29, 1, NULL, '2022-08-24 04:14:41', '2022-08-24 04:14:41'),
(937, 23, 1, NULL, '2022-08-24 04:15:36', '2022-08-24 04:15:36'),
(938, 9, 1, NULL, '2022-08-24 04:24:33', '2022-08-24 04:24:33'),
(939, 22, 2, NULL, '2022-08-24 04:28:32', '2022-08-24 04:28:32'),
(940, 31, 1, NULL, '2022-08-24 04:39:46', '2022-08-24 04:39:46'),
(941, 6, 1, NULL, '2022-08-24 05:12:58', '2022-08-24 05:12:58'),
(942, 22, 1, NULL, '2022-08-24 05:32:47', '2022-08-24 05:32:47'),
(943, 22, 2, NULL, '2022-08-24 05:53:00', '2022-08-24 05:53:00'),
(944, 43, 1, NULL, '2022-08-24 06:15:15', '2022-08-24 06:15:15'),
(945, 5, 1, NULL, '2022-08-24 06:16:03', '2022-08-24 06:16:03'),
(946, 18, 1, NULL, '2022-08-24 06:25:05', '2022-08-24 06:25:05'),
(947, 43, 2, NULL, '2022-08-24 06:25:19', '2022-08-24 06:25:19'),
(948, 10, 1, NULL, '2022-08-24 06:29:32', '2022-08-24 06:29:32'),
(949, 22, 1, NULL, '2022-08-24 07:09:00', '2022-08-24 07:09:00'),
(950, 22, 2, NULL, '2022-08-24 07:09:18', '2022-08-24 07:09:18'),
(951, 2, 1, NULL, '2022-08-24 07:16:26', '2022-08-24 07:16:26'),
(952, 43, 1, NULL, '2022-08-24 07:44:59', '2022-08-24 07:44:59'),
(953, 29, 1, NULL, '2022-08-24 07:45:41', '2022-08-24 07:45:41'),
(954, 34, 1, NULL, '2022-08-24 07:52:33', '2022-08-24 07:52:33'),
(955, 31, 1, NULL, '2022-08-24 09:25:26', '2022-08-24 09:25:26'),
(956, 5, 1, NULL, '2022-08-24 09:42:54', '2022-08-24 09:42:54'),
(957, 34, 1, NULL, '2022-08-24 10:02:49', '2022-08-24 10:02:49'),
(958, 23, 1, NULL, '2022-08-24 10:16:08', '2022-08-24 10:16:08'),
(959, 43, 1, NULL, '2022-08-24 10:18:16', '2022-08-24 10:18:16'),
(960, 22, 1, NULL, '2022-08-24 10:36:37', '2022-08-24 10:36:37'),
(961, 24, 1, NULL, '2022-08-24 10:47:39', '2022-08-24 10:47:39'),
(962, 41, 1, NULL, '2022-08-24 10:48:46', '2022-08-24 10:48:46'),
(963, 9, 1, NULL, '2022-08-24 10:55:21', '2022-08-24 10:55:21'),
(964, 37, 2, NULL, '2022-08-24 11:15:36', '2022-08-24 11:15:36'),
(965, 38, 2, NULL, '2022-08-24 11:16:10', '2022-08-24 11:16:10'),
(966, 41, 2, NULL, '2022-08-24 11:19:33', '2022-08-24 11:19:33'),
(967, 38, 1, NULL, '2022-08-25 01:52:51', '2022-08-25 01:52:51'),
(968, 36, 1, NULL, '2022-08-25 02:54:29', '2022-08-25 02:54:29'),
(969, 40, 1, NULL, '2022-08-25 03:02:57', '2022-08-25 03:02:57'),
(970, 18, 1, NULL, '2022-08-25 03:12:30', '2022-08-25 03:12:30'),
(971, 39, 1, NULL, '2022-08-25 03:23:35', '2022-08-25 03:23:35'),
(972, 34, 1, NULL, '2022-08-25 03:25:38', '2022-08-25 03:25:38'),
(973, 35, 1, NULL, '2022-08-25 03:43:46', '2022-08-25 03:43:46'),
(974, 41, 1, NULL, '2022-08-25 03:49:05', '2022-08-25 03:49:05'),
(975, 22, 1, NULL, '2022-08-25 03:49:17', '2022-08-25 03:49:17'),
(976, 47, 1, NULL, '2022-08-25 03:51:10', '2022-08-25 03:51:10'),
(977, 46, 1, NULL, '2022-08-25 03:52:42', '2022-08-25 03:52:42'),
(978, 9, 1, NULL, '2022-08-25 03:54:02', '2022-08-25 03:54:02'),
(979, 47, 2, NULL, '2022-08-25 04:01:02', '2022-08-25 04:01:02'),
(980, 43, 1, NULL, '2022-08-25 04:14:41', '2022-08-25 04:14:41'),
(981, 31, 1, NULL, '2022-08-25 05:11:35', '2022-08-25 05:11:35'),
(982, 43, 2, NULL, '2022-08-25 05:17:14', '2022-08-25 05:17:14'),
(983, 43, 1, NULL, '2022-08-25 05:17:55', '2022-08-25 05:17:55'),
(984, 31, 2, NULL, '2022-08-25 05:23:15', '2022-08-25 05:23:15'),
(985, 37, 1, NULL, '2022-08-25 05:51:20', '2022-08-25 05:51:20'),
(986, 37, 2, NULL, '2022-08-25 06:23:02', '2022-08-25 06:23:02'),
(987, 3, 1, NULL, '2022-08-25 06:23:11', '2022-08-25 06:23:11'),
(988, 22, 1, NULL, '2022-08-25 06:23:17', '2022-08-25 06:23:17'),
(989, 3, 2, NULL, '2022-08-25 06:25:08', '2022-08-25 06:25:08'),
(990, 34, 1, NULL, '2022-08-25 06:25:46', '2022-08-25 06:25:46'),
(991, 1, 1, NULL, '2022-08-25 06:28:16', '2022-08-25 06:28:16'),
(992, 31, 1, NULL, '2022-08-25 06:34:45', '2022-08-25 06:34:45'),
(993, 22, 2, NULL, '2022-08-25 06:35:29', '2022-08-25 06:35:29'),
(994, 2, 1, NULL, '2022-08-25 06:35:46', '2022-08-25 06:35:46'),
(995, 31, 2, NULL, '2022-08-25 06:39:04', '2022-08-25 06:39:04'),
(996, 37, 1, NULL, '2022-08-25 06:43:34', '2022-08-25 06:43:34'),
(997, 24, 1, NULL, '2022-08-25 06:50:01', '2022-08-25 06:50:01'),
(998, 31, 1, NULL, '2022-08-25 06:51:25', '2022-08-25 06:51:25'),
(999, 31, 2, NULL, '2022-08-25 06:58:17', '2022-08-25 06:58:17'),
(1000, 31, 1, NULL, '2022-08-25 07:22:24', '2022-08-25 07:22:24'),
(1001, 31, 2, NULL, '2022-08-25 07:23:11', '2022-08-25 07:23:11'),
(1002, 18, 1, NULL, '2022-08-25 07:33:01', '2022-08-25 07:33:01'),
(1003, 31, 1, NULL, '2022-08-25 08:15:36', '2022-08-25 08:15:36'),
(1004, 35, 1, NULL, '2022-08-25 08:27:50', '2022-08-25 08:27:50'),
(1005, 5, 1, NULL, '2022-08-25 09:04:51', '2022-08-25 09:04:51'),
(1006, 2, 1, NULL, '2022-08-25 09:31:08', '2022-08-25 09:31:08'),
(1007, 24, 1, NULL, '2022-08-25 09:39:32', '2022-08-25 09:39:32'),
(1008, 31, 2, NULL, '2022-08-25 09:46:12', '2022-08-25 09:46:12'),
(1009, 23, 1, NULL, '2022-08-25 09:53:12', '2022-08-25 09:53:12'),
(1010, 23, 2, NULL, '2022-08-25 10:02:29', '2022-08-25 10:02:29'),
(1011, 24, 1, NULL, '2022-08-25 10:02:47', '2022-08-25 10:02:47'),
(1012, 41, 1, NULL, '2022-08-25 10:04:11', '2022-08-25 10:04:11'),
(1013, 24, 2, NULL, '2022-08-25 10:08:18', '2022-08-25 10:08:18'),
(1014, 23, 1, NULL, '2022-08-25 10:08:47', '2022-08-25 10:08:47'),
(1015, 13, 1, NULL, '2022-08-25 10:13:48', '2022-08-25 10:13:48'),
(1016, 34, 1, NULL, '2022-08-25 10:22:05', '2022-08-25 10:22:05'),
(1017, 13, 2, NULL, '2022-08-25 10:37:38', '2022-08-25 10:37:38'),
(1018, 43, 1, NULL, '2022-08-25 10:38:24', '2022-08-25 10:38:24'),
(1019, 5, 1, NULL, '2022-08-25 11:13:39', '2022-08-25 11:13:39'),
(1020, 35, 2, NULL, '2022-08-25 11:48:48', '2022-08-25 11:48:48'),
(1021, 41, 2, NULL, '2022-08-25 12:15:41', '2022-08-25 12:15:41'),
(1022, 38, 1, NULL, '2022-08-28 02:40:15', '2022-08-28 02:40:15'),
(1023, 40, 1, NULL, '2022-08-28 02:56:19', '2022-08-28 02:56:19'),
(1024, 34, 1, NULL, '2022-08-28 02:56:57', '2022-08-28 02:56:57'),
(1025, 36, 1, NULL, '2022-08-28 03:02:18', '2022-08-28 03:02:18'),
(1026, 39, 1, NULL, '2022-08-28 03:15:23', '2022-08-28 03:15:23'),
(1027, 24, 1, NULL, '2022-08-28 03:16:22', '2022-08-28 03:16:22'),
(1028, 18, 1, NULL, '2022-08-28 03:17:16', '2022-08-28 03:17:16'),
(1029, 23, 1, NULL, '2022-08-28 03:20:32', '2022-08-28 03:20:32'),
(1030, 5, 1, NULL, '2022-08-28 03:21:26', '2022-08-28 03:21:26'),
(1031, 2, 1, NULL, '2022-08-28 03:38:38', '2022-08-28 03:38:38'),
(1032, 2, 2, NULL, '2022-08-28 03:40:45', '2022-08-28 03:40:45'),
(1033, 2, 1, NULL, '2022-08-28 03:41:44', '2022-08-28 03:41:44'),
(1034, 22, 1, NULL, '2022-08-28 03:49:26', '2022-08-28 03:49:26'),
(1035, 2, 2, NULL, '2022-08-28 03:50:59', '2022-08-28 03:50:59'),
(1036, 22, 1, NULL, '2022-08-28 04:02:10', '2022-08-28 04:02:10'),
(1037, 1, 1, NULL, '2022-08-28 04:07:31', '2022-08-28 04:07:31'),
(1038, 1, 4, 48, '2022-08-28 04:08:45', '2022-08-28 04:08:45'),
(1039, 1, 4, 49, '2022-08-28 04:10:03', '2022-08-28 04:10:03'),
(1040, 1, 4, 50, '2022-08-28 04:10:52', '2022-08-28 04:10:52'),
(1041, 1, 2, NULL, '2022-08-28 04:11:02', '2022-08-28 04:11:02'),
(1042, 50, 1, NULL, '2022-08-28 04:11:13', '2022-08-28 04:11:13'),
(1043, 50, 2, NULL, '2022-08-28 04:11:18', '2022-08-28 04:11:18'),
(1044, 1, 1, NULL, '2022-08-28 04:11:21', '2022-08-28 04:11:21'),
(1045, 1, 4, 51, '2022-08-28 04:11:56', '2022-08-28 04:11:56'),
(1046, 1, 4, 52, '2022-08-28 04:12:27', '2022-08-28 04:12:27'),
(1047, 1, 4, 53, '2022-08-28 04:12:57', '2022-08-28 04:12:57'),
(1048, 14, 1, NULL, '2022-08-28 04:13:03', '2022-08-28 04:13:03'),
(1049, 1, 4, 54, '2022-08-28 04:14:45', '2022-08-28 04:14:45'),
(1050, 1, 4, 55, '2022-08-28 04:15:38', '2022-08-28 04:15:38'),
(1051, 1, 4, 56, '2022-08-28 04:16:22', '2022-08-28 04:16:22'),
(1052, 1, 4, 57, '2022-08-28 04:17:00', '2022-08-28 04:17:00'),
(1053, 41, 1, NULL, '2022-08-28 04:17:19', '2022-08-28 04:17:19'),
(1054, 1, 4, 58, '2022-08-28 04:17:32', '2022-08-28 04:17:32'),
(1055, 1, 4, 59, '2022-08-28 04:18:05', '2022-08-28 04:18:05'),
(1056, 1, 4, 60, '2022-08-28 04:19:00', '2022-08-28 04:19:00'),
(1057, 1, 4, 61, '2022-08-28 04:19:42', '2022-08-28 04:19:42'),
(1058, 1, 4, 62, '2022-08-28 04:20:10', '2022-08-28 04:20:10'),
(1059, 1, 4, 63, '2022-08-28 04:20:39', '2022-08-28 04:20:39'),
(1060, 1, 4, 64, '2022-08-28 04:21:11', '2022-08-28 04:21:11'),
(1061, 1, 4, 65, '2022-08-28 04:21:49', '2022-08-28 04:21:49'),
(1062, 1, 4, 66, '2022-08-28 04:22:15', '2022-08-28 04:22:15'),
(1063, 1, 4, 67, '2022-08-28 04:22:48', '2022-08-28 04:22:48'),
(1064, 1, 4, 68, '2022-08-28 04:23:24', '2022-08-28 04:23:24'),
(1065, 35, 1, NULL, '2022-08-28 04:33:33', '2022-08-28 04:33:33'),
(1066, 18, 2, NULL, '2022-08-28 04:37:50', '2022-08-28 04:37:50'),
(1067, 15, 1, NULL, '2022-08-28 04:38:36', '2022-08-28 04:38:36'),
(1068, 15, 2, NULL, '2022-08-28 04:44:33', '2022-08-28 04:44:33'),
(1069, 55, 1, NULL, '2022-08-28 04:49:09', '2022-08-28 04:49:09'),
(1070, 9, 1, NULL, '2022-08-28 04:54:33', '2022-08-28 04:54:33'),
(1071, 55, 1, NULL, '2022-08-28 04:56:26', '2022-08-28 04:56:26'),
(1072, 55, 2, NULL, '2022-08-28 04:57:40', '2022-08-28 04:57:40'),
(1073, 54, 1, NULL, '2022-08-28 04:58:55', '2022-08-28 04:58:55'),
(1074, 37, 1, NULL, '2022-08-28 05:06:20', '2022-08-28 05:06:20'),
(1075, 47, 1, NULL, '2022-08-28 05:07:52', '2022-08-28 05:07:52'),
(1076, 18, 1, NULL, '2022-08-28 05:10:09', '2022-08-28 05:10:09'),
(1077, 50, 1, NULL, '2022-08-28 05:10:40', '2022-08-28 05:10:40'),
(1078, 50, 3, NULL, '2022-08-28 05:11:50', '2022-08-28 05:11:50'),
(1079, 50, 8, NULL, '2022-08-28 05:11:50', '2022-08-28 05:11:50'),
(1080, 52, 1, NULL, '2022-08-28 05:18:38', '2022-08-28 05:18:38'),
(1081, 52, 2, NULL, '2022-08-28 05:19:24', '2022-08-28 05:19:24'),
(1082, 53, 1, NULL, '2022-08-28 05:23:27', '2022-08-28 05:23:27'),
(1083, 5, 1, NULL, '2022-08-28 05:23:34', '2022-08-28 05:23:34'),
(1084, 54, 2, NULL, '2022-08-28 05:25:24', '2022-08-28 05:25:24'),
(1085, 47, 2, NULL, '2022-08-28 05:28:50', '2022-08-28 05:28:50'),
(1086, 50, 1, NULL, '2022-08-28 05:32:36', '2022-08-28 05:32:36'),
(1087, 50, 2, NULL, '2022-08-28 05:33:59', '2022-08-28 05:33:59'),
(1088, 49, 1, NULL, '2022-08-28 05:34:48', '2022-08-28 05:34:48'),
(1089, 61, 1, NULL, '2022-08-28 05:35:43', '2022-08-28 05:35:43'),
(1090, 49, 3, NULL, '2022-08-28 05:41:58', '2022-08-28 05:41:58'),
(1091, 61, 2, NULL, '2022-08-28 05:42:16', '2022-08-28 05:42:16'),
(1092, 49, 2, NULL, '2022-08-28 05:43:46', '2022-08-28 05:43:46'),
(1093, 48, 1, NULL, '2022-08-28 05:44:16', '2022-08-28 05:44:16'),
(1094, 48, 2, NULL, '2022-08-28 05:45:55', '2022-08-28 05:45:55'),
(1095, 49, 1, NULL, '2022-08-28 05:46:06', '2022-08-28 05:46:06'),
(1096, 49, 2, NULL, '2022-08-28 05:52:22', '2022-08-28 05:52:22'),
(1097, 43, 1, NULL, '2022-08-28 05:52:37', '2022-08-28 05:52:37'),
(1098, 48, 1, NULL, '2022-08-28 05:59:09', '2022-08-28 05:59:09'),
(1099, 48, 2, NULL, '2022-08-28 05:59:48', '2022-08-28 05:59:48'),
(1100, 48, 1, NULL, '2022-08-28 06:04:49', '2022-08-28 06:04:49'),
(1101, 2, 1, NULL, '2022-08-28 06:08:23', '2022-08-28 06:08:23'),
(1102, 43, 2, NULL, '2022-08-28 06:38:27', '2022-08-28 06:38:27'),
(1103, 43, 1, NULL, '2022-08-28 06:41:20', '2022-08-28 06:41:20'),
(1104, 14, 2, NULL, '2022-08-28 06:41:55', '2022-08-28 06:41:55'),
(1105, 54, 1, NULL, '2022-08-28 06:52:51', '2022-08-28 06:52:51'),
(1106, 1, 4, 69, '2022-08-28 06:54:02', '2022-08-28 06:54:02'),
(1107, 55, 1, NULL, '2022-08-28 07:05:22', '2022-08-28 07:05:22'),
(1108, 23, 1, NULL, '2022-08-28 07:10:34', '2022-08-28 07:10:34'),
(1109, 24, 1, NULL, '2022-08-28 07:14:10', '2022-08-28 07:14:10'),
(1110, 69, 1, NULL, '2022-08-28 07:15:45', '2022-08-28 07:15:45'),
(1111, 31, 1, NULL, '2022-08-28 07:18:50', '2022-08-28 07:18:50'),
(1112, 31, 2, NULL, '2022-08-28 07:24:08', '2022-08-28 07:24:08'),
(1113, 2, 2, NULL, '2022-08-28 07:28:11', '2022-08-28 07:28:11'),
(1114, 63, 1, NULL, '2022-08-28 07:35:54', '2022-08-28 07:35:54'),
(1115, 52, 1, NULL, '2022-08-28 08:02:52', '2022-08-28 08:02:52'),
(1116, 31, 1, NULL, '2022-08-28 08:03:48', '2022-08-28 08:03:48'),
(1117, 9, 1, NULL, '2022-08-28 08:11:13', '2022-08-28 08:11:13'),
(1118, 12, 1, NULL, '2022-08-28 08:17:57', '2022-08-28 08:17:57'),
(1119, 63, 2, NULL, '2022-08-28 08:22:02', '2022-08-28 08:22:02'),
(1120, 5, 1, NULL, '2022-08-28 08:24:42', '2022-08-28 08:24:42'),
(1121, 55, 2, NULL, '2022-08-28 08:36:26', '2022-08-28 08:36:26'),
(1122, 56, 1, NULL, '2022-08-28 08:36:41', '2022-08-28 08:36:41'),
(1123, 56, 2, NULL, '2022-08-28 08:37:14', '2022-08-28 08:37:14'),
(1124, 55, 1, NULL, '2022-08-28 08:37:32', '2022-08-28 08:37:32'),
(1125, 31, 2, NULL, '2022-08-28 08:38:50', '2022-08-28 08:38:50'),
(1126, 29, 1, NULL, '2022-08-28 08:38:56', '2022-08-28 08:38:56'),
(1127, 32, 1, NULL, '2022-08-28 08:52:12', '2022-08-28 08:52:12'),
(1128, 32, 2, NULL, '2022-08-28 08:54:17', '2022-08-28 08:54:17'),
(1129, 31, 1, NULL, '2022-08-28 08:58:23', '2022-08-28 08:58:23'),
(1130, 31, 2, NULL, '2022-08-28 09:16:10', '2022-08-28 09:16:10'),
(1131, 31, 1, NULL, '2022-08-28 09:16:39', '2022-08-28 09:16:39'),
(1132, 18, 1, NULL, '2022-08-28 09:17:18', '2022-08-28 09:17:18'),
(1133, 69, 2, NULL, '2022-08-28 09:24:34', '2022-08-28 09:24:34'),
(1134, 34, 1, NULL, '2022-08-28 09:29:05', '2022-08-28 09:29:05'),
(1135, 31, 2, NULL, '2022-08-28 09:32:00', '2022-08-28 09:32:00'),
(1136, 31, 1, NULL, '2022-08-28 09:33:36', '2022-08-28 09:33:36'),
(1137, 69, 1, NULL, '2022-08-28 09:37:19', '2022-08-28 09:37:19'),
(1138, 60, 1, NULL, '2022-08-28 09:47:46', '2022-08-28 09:47:46'),
(1139, 22, 1, NULL, '2022-08-28 10:01:45', '2022-08-28 10:01:45'),
(1140, 23, 1, NULL, '2022-08-28 10:01:51', '2022-08-28 10:01:51'),
(1141, 54, 2, NULL, '2022-08-28 10:03:45', '2022-08-28 10:03:45'),
(1142, 24, 1, NULL, '2022-08-28 10:03:54', '2022-08-28 10:03:54'),
(1143, 42, 1, NULL, '2022-08-28 10:15:54', '2022-08-28 10:15:54'),
(1144, 2, 1, NULL, '2022-08-28 10:16:27', '2022-08-28 10:16:27'),
(1145, 66, 1, NULL, '2022-08-28 10:36:41', '2022-08-28 10:36:41'),
(1146, 66, 2, NULL, '2022-08-28 10:39:37', '2022-08-28 10:39:37'),
(1147, 65, 1, NULL, '2022-08-28 10:39:54', '2022-08-28 10:39:54'),
(1148, 65, 2, NULL, '2022-08-28 10:40:01', '2022-08-28 10:40:01'),
(1149, 49, 1, NULL, '2022-08-28 10:41:25', '2022-08-28 10:41:25'),
(1150, 31, 2, NULL, '2022-08-28 10:45:19', '2022-08-28 10:45:19'),
(1151, 31, 1, NULL, '2022-08-28 10:51:44', '2022-08-28 10:51:44'),
(1152, 2, 2, NULL, '2022-08-28 11:00:42', '2022-08-28 11:00:42'),
(1153, 3, 1, NULL, '2022-08-28 11:00:47', '2022-08-28 11:00:47'),
(1154, 31, 2, NULL, '2022-08-28 11:02:20', '2022-08-28 11:02:20'),
(1155, 37, 2, NULL, '2022-08-28 11:19:42', '2022-08-28 11:19:42'),
(1156, 35, 2, NULL, '2022-08-28 11:26:08', '2022-08-28 11:26:08'),
(1157, 69, 2, NULL, '2022-08-28 11:28:09', '2022-08-28 11:28:09'),
(1158, 38, 2, NULL, '2022-08-28 11:33:56', '2022-08-28 11:33:56'),
(1159, 41, 2, NULL, '2022-08-28 11:43:40', '2022-08-28 11:43:40'),
(1160, 29, 1, NULL, '2022-08-28 12:34:27', '2022-08-28 12:34:27'),
(1161, 29, 2, NULL, '2022-08-28 12:42:10', '2022-08-28 12:42:10'),
(1162, 38, 1, NULL, '2022-08-29 02:18:01', '2022-08-29 02:18:01'),
(1163, 35, 1, NULL, '2022-08-29 02:45:02', '2022-08-29 02:45:02'),
(1164, 39, 1, NULL, '2022-08-29 02:59:35', '2022-08-29 02:59:35'),
(1165, 36, 1, NULL, '2022-08-29 03:02:15', '2022-08-29 03:02:15'),
(1166, 6, 1, NULL, '2022-08-29 03:07:24', '2022-08-29 03:07:24'),
(1167, 37, 1, NULL, '2022-08-29 03:13:43', '2022-08-29 03:13:43'),
(1168, 60, 1, NULL, '2022-08-29 03:15:00', '2022-08-29 03:15:00'),
(1169, 49, 1, NULL, '2022-08-29 03:15:45', '2022-08-29 03:15:45'),
(1170, 1, 1, NULL, '2022-08-29 03:16:20', '2022-08-29 03:16:20'),
(1171, 1, 14, 60, '2022-08-29 03:16:42', '2022-08-29 03:16:42'),
(1172, 37, 2, NULL, '2022-08-29 03:18:21', '2022-08-29 03:18:21'),
(1173, 37, 1, NULL, '2022-08-29 03:18:36', '2022-08-29 03:18:36'),
(1174, 60, 2, NULL, '2022-08-29 03:20:16', '2022-08-29 03:20:16'),
(1175, 24, 1, NULL, '2022-08-29 03:22:08', '2022-08-29 03:22:08'),
(1176, 29, 1, NULL, '2022-08-29 03:25:45', '2022-08-29 03:25:45'),
(1177, 22, 1, NULL, '2022-08-29 03:32:30', '2022-08-29 03:32:30'),
(1178, 40, 1, NULL, '2022-08-29 03:42:43', '2022-08-29 03:42:43'),
(1179, 41, 1, NULL, '2022-08-29 03:42:57', '2022-08-29 03:42:57'),
(1180, 18, 1, NULL, '2022-08-29 03:59:03', '2022-08-29 03:59:03'),
(1181, 49, 2, NULL, '2022-08-29 04:55:50', '2022-08-29 04:55:50'),
(1182, 49, 1, NULL, '2022-08-29 04:56:03', '2022-08-29 04:56:03'),
(1183, 31, 1, NULL, '2022-08-29 05:20:33', '2022-08-29 05:20:33'),
(1184, 69, 1, NULL, '2022-08-29 05:44:18', '2022-08-29 05:44:18'),
(1185, 63, 1, NULL, '2022-08-29 05:58:39', '2022-08-29 05:58:39'),
(1186, 67, 1, NULL, '2022-08-29 05:59:58', '2022-08-29 05:59:58'),
(1187, 63, 2, NULL, '2022-08-29 06:07:41', '2022-08-29 06:07:41'),
(1188, 64, 1, NULL, '2022-08-29 06:07:56', '2022-08-29 06:07:56'),
(1189, 14, 1, NULL, '2022-08-29 06:13:13', '2022-08-29 06:13:13'),
(1190, 54, 1, NULL, '2022-08-29 06:15:03', '2022-08-29 06:15:03'),
(1191, 5, 1, NULL, '2022-08-29 06:19:22', '2022-08-29 06:19:22'),
(1192, 59, 1, NULL, '2022-08-29 06:31:16', '2022-08-29 06:31:16'),
(1193, 59, 2, NULL, '2022-08-29 06:34:56', '2022-08-29 06:34:56'),
(1194, 32, 1, NULL, '2022-08-29 06:37:29', '2022-08-29 06:37:29'),
(1195, 32, 2, NULL, '2022-08-29 06:39:23', '2022-08-29 06:39:23'),
(1196, 54, 2, NULL, '2022-08-29 06:44:28', '2022-08-29 06:44:28'),
(1197, 54, 1, NULL, '2022-08-29 06:45:26', '2022-08-29 06:45:26'),
(1198, 22, 1, NULL, '2022-08-29 06:49:41', '2022-08-29 06:49:41'),
(1199, 65, 1, NULL, '2022-08-29 06:57:28', '2022-08-29 06:57:28'),
(1200, 45, 1, NULL, '2022-08-29 07:16:30', '2022-08-29 07:16:30'),
(1201, 54, 2, NULL, '2022-08-29 07:21:37', '2022-08-29 07:21:37'),
(1202, 37, 2, NULL, '2022-08-29 07:21:53', '2022-08-29 07:21:53'),
(1203, 54, 1, NULL, '2022-08-29 07:35:01', '2022-08-29 07:35:01'),
(1204, 63, 1, NULL, '2022-08-29 07:41:36', '2022-08-29 07:41:36'),
(1205, 57, 1, NULL, '2022-08-29 07:42:06', '2022-08-29 07:42:06'),
(1206, 59, 1, NULL, '2022-08-29 08:09:26', '2022-08-29 08:09:26'),
(1207, 59, 2, NULL, '2022-08-29 08:11:10', '2022-08-29 08:11:10'),
(1208, 42, 1, NULL, '2022-08-29 08:14:16', '2022-08-29 08:14:16'),
(1209, 37, 1, NULL, '2022-08-29 08:24:52', '2022-08-29 08:24:52'),
(1210, 65, 2, NULL, '2022-08-29 08:33:16', '2022-08-29 08:33:16'),
(1211, 57, 2, NULL, '2022-08-29 08:35:27', '2022-08-29 08:35:27'),
(1212, 58, 1, NULL, '2022-08-29 08:35:40', '2022-08-29 08:35:40'),
(1213, 58, 2, NULL, '2022-08-29 08:36:20', '2022-08-29 08:36:20'),
(1214, 49, 1, NULL, '2022-08-29 08:42:10', '2022-08-29 08:42:10'),
(1215, 15, 1, NULL, '2022-08-29 08:43:40', '2022-08-29 08:43:40'),
(1216, 48, 1, NULL, '2022-08-29 08:46:02', '2022-08-29 08:46:02'),
(1217, 15, 3, NULL, '2022-08-29 08:47:33', '2022-08-29 08:47:33'),
(1218, 69, 1, NULL, '2022-08-29 08:48:06', '2022-08-29 08:48:06'),
(1219, 42, 2, NULL, '2022-08-29 09:24:28', '2022-08-29 09:24:28'),
(1220, 42, 1, NULL, '2022-08-29 09:24:38', '2022-08-29 09:24:38'),
(1221, 42, 2, NULL, '2022-08-29 09:35:18', '2022-08-29 09:35:18'),
(1222, 24, 1, NULL, '2022-08-29 09:39:20', '2022-08-29 09:39:20'),
(1223, 41, 1, NULL, '2022-08-29 09:39:28', '2022-08-29 09:39:28'),
(1224, 18, 1, NULL, '2022-08-29 09:52:05', '2022-08-29 09:52:05'),
(1225, 65, 1, NULL, '2022-08-29 10:02:07', '2022-08-29 10:02:07'),
(1226, 43, 1, NULL, '2022-08-29 10:04:38', '2022-08-29 10:04:38'),
(1227, 64, 1, NULL, '2022-08-29 10:10:38', '2022-08-29 10:10:38'),
(1228, 64, 2, NULL, '2022-08-29 10:14:19', '2022-08-29 10:14:19'),
(1229, 6, 1, NULL, '2022-08-29 10:28:00', '2022-08-29 10:28:00'),
(1230, 55, 1, NULL, '2022-08-29 10:38:01', '2022-08-29 10:38:01'),
(1231, 14, 2, NULL, '2022-08-29 10:38:32', '2022-08-29 10:38:32'),
(1232, 54, 1, NULL, '2022-08-29 10:41:24', '2022-08-29 10:41:24'),
(1233, 55, 2, NULL, '2022-08-29 10:47:50', '2022-08-29 10:47:50'),
(1234, 55, 1, NULL, '2022-08-29 10:47:55', '2022-08-29 10:47:55'),
(1235, 55, 2, NULL, '2022-08-29 10:52:24', '2022-08-29 10:52:24'),
(1236, 24, 1, NULL, '2022-08-29 10:53:02', '2022-08-29 10:53:02'),
(1237, 45, 1, NULL, '2022-08-29 11:24:31', '2022-08-29 11:24:31'),
(1238, 37, 2, NULL, '2022-08-29 11:26:34', '2022-08-29 11:26:34'),
(1239, 42, 1, NULL, '2022-08-29 11:27:41', '2022-08-29 11:27:41'),
(1240, 42, 2, NULL, '2022-08-29 11:29:34', '2022-08-29 11:29:34'),
(1241, 34, 1, NULL, '2022-08-29 11:32:33', '2022-08-29 11:32:33'),
(1242, 12, 1, NULL, '2022-08-29 11:39:30', '2022-08-29 11:39:30'),
(1243, 10, 1, NULL, '2022-08-29 11:41:21', '2022-08-29 11:41:21'),
(1244, 65, 2, NULL, '2022-08-29 11:43:26', '2022-08-29 11:43:26'),
(1245, 35, 2, NULL, '2022-08-29 11:49:10', '2022-08-29 11:49:10'),
(1246, 41, 2, NULL, '2022-08-29 12:15:56', '2022-08-29 12:15:56'),
(1247, 10, 2, NULL, '2022-08-29 12:57:26', '2022-08-29 12:57:26'),
(1248, 38, 1, NULL, '2022-08-30 02:25:00', '2022-08-30 02:25:00'),
(1249, 41, 1, NULL, '2022-08-30 02:53:00', '2022-08-30 02:53:00'),
(1250, 53, 1, NULL, '2022-08-30 02:57:29', '2022-08-30 02:57:29'),
(1251, 5, 1, NULL, '2022-08-30 03:06:36', '2022-08-30 03:06:36'),
(1252, 37, 1, NULL, '2022-08-30 03:09:10', '2022-08-30 03:09:10'),
(1253, 36, 1, NULL, '2022-08-30 03:13:13', '2022-08-30 03:13:13'),
(1254, 63, 1, NULL, '2022-08-30 03:20:17', '2022-08-30 03:20:17'),
(1255, 35, 1, NULL, '2022-08-30 03:23:06', '2022-08-30 03:23:06'),
(1256, 40, 1, NULL, '2022-08-30 03:24:18', '2022-08-30 03:24:18'),
(1257, 65, 1, NULL, '2022-08-30 03:29:33', '2022-08-30 03:29:33'),
(1258, 18, 1, NULL, '2022-08-30 03:32:38', '2022-08-30 03:32:38'),
(1259, 39, 1, NULL, '2022-08-30 03:33:46', '2022-08-30 03:33:46'),
(1260, 31, 1, NULL, '2022-08-30 03:37:48', '2022-08-30 03:37:48'),
(1261, 63, 2, NULL, '2022-08-30 03:38:57', '2022-08-30 03:38:57'),
(1262, 23, 1, NULL, '2022-08-30 03:39:35', '2022-08-30 03:39:35'),
(1263, 63, 1, NULL, '2022-08-30 03:58:41', '2022-08-30 03:58:41'),
(1264, 34, 1, NULL, '2022-08-30 04:02:55', '2022-08-30 04:02:55'),
(1265, 37, 2, NULL, '2022-08-30 04:03:57', '2022-08-30 04:03:57'),
(1266, 37, 1, NULL, '2022-08-30 04:04:07', '2022-08-30 04:04:07'),
(1267, 57, 1, NULL, '2022-08-30 04:04:21', '2022-08-30 04:04:21'),
(1268, 63, 2, NULL, '2022-08-30 04:06:38', '2022-08-30 04:06:38'),
(1269, 69, 1, NULL, '2022-08-30 04:06:39', '2022-08-30 04:06:39'),
(1270, 63, 1, NULL, '2022-08-30 04:42:57', '2022-08-30 04:42:57'),
(1271, 63, 2, NULL, '2022-08-30 04:44:16', '2022-08-30 04:44:16'),
(1272, 67, 1, NULL, '2022-08-30 04:51:59', '2022-08-30 04:51:59'),
(1273, 48, 1, NULL, '2022-08-30 05:10:56', '2022-08-30 05:10:56'),
(1274, 9, 1, NULL, '2022-08-30 05:16:32', '2022-08-30 05:16:32'),
(1275, 2, 1, NULL, '2022-08-30 05:20:27', '2022-08-30 05:20:27'),
(1276, 10, 1, NULL, '2022-08-30 05:23:56', '2022-08-30 05:23:56'),
(1277, 10, 1, NULL, '2022-08-30 05:25:23', '2022-08-30 05:25:23'),
(1278, 63, 1, NULL, '2022-08-30 05:43:19', '2022-08-30 05:43:19'),
(1279, 38, 2, NULL, '2022-08-30 05:45:25', '2022-08-30 05:45:25'),
(1280, 38, 1, NULL, '2022-08-30 05:45:50', '2022-08-30 05:45:50'),
(1281, 24, 1, NULL, '2022-08-30 05:59:12', '2022-08-30 05:59:12'),
(1282, 55, 1, NULL, '2022-08-30 06:03:11', '2022-08-30 06:03:11'),
(1283, 43, 1, NULL, '2022-08-30 06:08:07', '2022-08-30 06:08:07'),
(1284, 31, 1, NULL, '2022-08-30 06:26:53', '2022-08-30 06:26:53'),
(1285, 50, 1, NULL, '2022-08-30 06:34:45', '2022-08-30 06:34:45'),
(1286, 37, 2, NULL, '2022-08-30 06:36:14', '2022-08-30 06:36:14'),
(1287, 3, 1, NULL, '2022-08-30 06:36:22', '2022-08-30 06:36:22'),
(1288, 3, 2, NULL, '2022-08-30 06:37:49', '2022-08-30 06:37:49'),
(1289, 37, 1, NULL, '2022-08-30 06:37:59', '2022-08-30 06:37:59'),
(1290, 31, 2, NULL, '2022-08-30 06:39:27', '2022-08-30 06:39:27'),
(1291, 63, 2, NULL, '2022-08-30 06:42:09', '2022-08-30 06:42:09'),
(1292, 49, 1, NULL, '2022-08-30 07:03:30', '2022-08-30 07:03:30'),
(1293, 61, 1, NULL, '2022-08-30 07:07:18', '2022-08-30 07:07:18'),
(1294, 61, 2, NULL, '2022-08-30 07:08:49', '2022-08-30 07:08:49'),
(1295, 62, 1, NULL, '2022-08-30 07:09:26', '2022-08-30 07:09:26'),
(1296, 50, 1, NULL, '2022-08-30 07:09:45', '2022-08-30 07:09:45'),
(1297, 54, 1, NULL, '2022-08-30 07:19:56', '2022-08-30 07:19:56'),
(1298, 34, 1, NULL, '2022-08-30 07:20:15', '2022-08-30 07:20:15'),
(1299, 53, 1, NULL, '2022-08-30 07:44:33', '2022-08-30 07:44:33'),
(1300, 57, 1, NULL, '2022-08-30 07:59:03', '2022-08-30 07:59:03'),
(1301, 22, 1, NULL, '2022-08-30 07:59:09', '2022-08-30 07:59:09'),
(1302, 22, 2, NULL, '2022-08-30 08:12:44', '2022-08-30 08:12:44'),
(1303, 14, 1, NULL, '2022-08-30 08:30:22', '2022-08-30 08:30:22'),
(1304, 48, 1, NULL, '2022-08-30 08:37:13', '2022-08-30 08:37:13'),
(1305, 6, 1, NULL, '2022-08-30 08:54:37', '2022-08-30 08:54:37'),
(1306, 50, 2, NULL, '2022-08-30 09:06:51', '2022-08-30 09:06:51'),
(1307, 2, 2, NULL, '2022-08-30 09:09:53', '2022-08-30 09:09:53'),
(1308, 69, 1, NULL, '2022-08-30 09:39:22', '2022-08-30 09:39:22'),
(1309, 2, 1, NULL, '2022-08-30 09:42:11', '2022-08-30 09:42:11'),
(1310, 59, 1, NULL, '2022-08-30 09:44:53', '2022-08-30 09:44:53'),
(1311, 48, 2, NULL, '2022-08-30 09:45:04', '2022-08-30 09:45:04'),
(1312, 49, 1, NULL, '2022-08-30 09:45:12', '2022-08-30 09:45:12'),
(1313, 59, 2, NULL, '2022-08-30 09:47:34', '2022-08-30 09:47:34'),
(1314, 18, 1, NULL, '2022-08-30 09:54:11', '2022-08-30 09:54:11'),
(1315, 9, 1, NULL, '2022-08-30 10:06:54', '2022-08-30 10:06:54'),
(1316, 52, 1, NULL, '2022-08-30 10:07:17', '2022-08-30 10:07:17'),
(1317, 67, 1, NULL, '2022-08-30 10:13:49', '2022-08-30 10:13:49'),
(1318, 10, 1, NULL, '2022-08-30 10:22:31', '2022-08-30 10:22:31'),
(1319, 5, 1, NULL, '2022-08-30 10:41:20', '2022-08-30 10:41:20'),
(1320, 12, 1, NULL, '2022-08-30 10:46:03', '2022-08-30 10:46:03'),
(1321, 42, 1, NULL, '2022-08-30 11:03:36', '2022-08-30 11:03:36'),
(1322, 59, 1, NULL, '2022-08-30 11:04:22', '2022-08-30 11:04:22'),
(1323, 59, 2, NULL, '2022-08-30 11:09:17', '2022-08-30 11:09:17'),
(1324, 6, 1, NULL, '2022-08-30 11:16:07', '2022-08-30 11:16:07'),
(1325, 37, 2, NULL, '2022-08-30 11:21:51', '2022-08-30 11:21:51'),
(1326, 6, 2, NULL, '2022-08-30 11:22:11', '2022-08-30 11:22:11'),
(1327, 50, 1, NULL, '2022-08-30 11:22:27', '2022-08-30 11:22:27'),
(1328, 38, 2, NULL, '2022-08-30 11:27:55', '2022-08-30 11:27:55'),
(1329, 41, 2, NULL, '2022-08-30 11:30:29', '2022-08-30 11:30:29'),
(1330, 50, 2, NULL, '2022-08-30 11:32:11', '2022-08-30 11:32:11'),
(1331, 69, 2, NULL, '2022-08-30 11:32:40', '2022-08-30 11:32:40'),
(1332, 42, 2, NULL, '2022-08-30 11:35:42', '2022-08-30 11:35:42'),
(1333, 48, 1, NULL, '2022-08-30 11:53:06', '2022-08-30 11:53:06'),
(1334, 65, 1, NULL, '2022-08-30 11:53:59', '2022-08-30 11:53:59'),
(1335, 22, 1, NULL, '2022-08-30 12:12:24', '2022-08-30 12:12:24'),
(1336, 10, 2, NULL, '2022-08-30 12:43:19', '2022-08-30 12:43:19'),
(1337, 34, 1, NULL, '2022-08-31 02:50:47', '2022-08-31 02:50:47'),
(1338, 38, 1, NULL, '2022-08-31 02:52:06', '2022-08-31 02:52:06'),
(1339, 35, 1, NULL, '2022-08-31 03:01:52', '2022-08-31 03:01:52'),
(1340, 37, 1, NULL, '2022-08-31 03:04:11', '2022-08-31 03:04:11'),
(1341, 5, 1, NULL, '2022-08-31 03:08:54', '2022-08-31 03:08:54'),
(1342, 34, 1, NULL, '2022-08-31 03:10:07', '2022-08-31 03:10:07'),
(1343, 41, 1, NULL, '2022-08-31 03:18:26', '2022-08-31 03:18:26'),
(1344, 40, 1, NULL, '2022-08-31 03:20:01', '2022-08-31 03:20:01'),
(1345, 39, 1, NULL, '2022-08-31 03:22:54', '2022-08-31 03:22:54'),
(1346, 49, 1, NULL, '2022-08-31 03:23:43', '2022-08-31 03:23:43'),
(1347, 6, 1, NULL, '2022-08-31 03:26:41', '2022-08-31 03:26:41'),
(1348, 36, 1, NULL, '2022-08-31 03:28:15', '2022-08-31 03:28:15'),
(1349, 23, 1, NULL, '2022-08-31 03:35:32', '2022-08-31 03:35:32'),
(1350, 60, 1, NULL, '2022-08-31 03:38:33', '2022-08-31 03:38:33'),
(1351, 53, 1, NULL, '2022-08-31 03:38:48', '2022-08-31 03:38:48'),
(1352, 42, 1, NULL, '2022-08-31 03:43:44', '2022-08-31 03:43:44'),
(1353, 1, 1, NULL, '2022-08-31 03:44:33', '2022-08-31 03:44:33'),
(1354, 31, 1, NULL, '2022-08-31 03:44:38', '2022-08-31 03:44:38'),
(1355, 14, 1, NULL, '2022-08-31 03:47:39', '2022-08-31 03:47:39'),
(1356, 69, 1, NULL, '2022-08-31 03:54:50', '2022-08-31 03:54:50'),
(1357, 22, 1, NULL, '2022-08-31 03:58:14', '2022-08-31 03:58:14'),
(1358, 22, 2, NULL, '2022-08-31 03:59:44', '2022-08-31 03:59:44'),
(1359, 43, 1, NULL, '2022-08-31 04:08:08', '2022-08-31 04:08:08'),
(1360, 29, 1, NULL, '2022-08-31 04:09:21', '2022-08-31 04:09:21'),
(1361, 9, 1, NULL, '2022-08-31 04:13:22', '2022-08-31 04:13:22'),
(1362, 50, 1, NULL, '2022-08-31 04:18:06', '2022-08-31 04:18:06'),
(1363, 50, 1, NULL, '2022-08-31 04:26:03', '2022-08-31 04:26:03'),
(1364, 49, 2, NULL, '2022-08-31 04:48:25', '2022-08-31 04:48:25'),
(1365, 57, 1, NULL, '2022-08-31 04:48:27', '2022-08-31 04:48:27'),
(1366, 49, 1, NULL, '2022-08-31 04:53:22', '2022-08-31 04:53:22'),
(1367, 54, 1, NULL, '2022-08-31 05:33:27', '2022-08-31 05:33:27'),
(1368, 24, 1, NULL, '2022-08-31 05:37:10', '2022-08-31 05:37:10'),
(1369, 49, 2, NULL, '2022-08-31 05:53:22', '2022-08-31 05:53:22'),
(1370, 49, 1, NULL, '2022-08-31 05:53:39', '2022-08-31 05:53:39'),
(1371, 53, 1, NULL, '2022-08-31 05:57:12', '2022-08-31 05:57:12'),
(1372, 1, 1, NULL, '2022-08-31 05:58:00', '2022-08-31 05:58:00'),
(1373, 59, 1, NULL, '2022-08-31 05:58:03', '2022-08-31 05:58:03'),
(1374, 5, 1, NULL, '2022-08-31 05:59:50', '2022-08-31 05:59:50'),
(1375, 34, 1, NULL, '2022-08-31 06:00:11', '2022-08-31 06:00:11'),
(1376, 1, 22, 2, '2022-08-31 06:00:31', '2022-08-31 06:00:31'),
(1377, 60, 1, NULL, '2022-08-31 06:05:56', '2022-08-31 06:05:56'),
(1378, 1, 2, NULL, '2022-08-31 06:05:58', '2022-08-31 06:05:58'),
(1379, 2, 1, NULL, '2022-08-31 06:06:00', '2022-08-31 06:06:00'),
(1380, 60, 1, NULL, '2022-08-31 06:14:28', '2022-08-31 06:14:28'),
(1381, 42, 1, NULL, '2022-08-31 06:20:00', '2022-08-31 06:20:00'),
(1382, 60, 2, NULL, '2022-08-31 06:21:11', '2022-08-31 06:21:11'),
(1383, 2, 2, NULL, '2022-08-31 06:21:13', '2022-08-31 06:21:13'),
(1384, 2, 1, NULL, '2022-08-31 06:21:26', '2022-08-31 06:21:26'),
(1385, 48, 1, NULL, '2022-08-31 06:29:52', '2022-08-31 06:29:52'),
(1386, 59, 2, NULL, '2022-08-31 06:48:36', '2022-08-31 06:48:36'),
(1387, 38, 2, NULL, '2022-08-31 06:58:05', '2022-08-31 06:58:05'),
(1388, 24, 1, NULL, '2022-08-31 07:04:02', '2022-08-31 07:04:02'),
(1389, 10, 1, NULL, '2022-08-31 07:04:13', '2022-08-31 07:04:13'),
(1390, 24, 2, NULL, '2022-08-31 07:05:50', '2022-08-31 07:05:50'),
(1391, 24, 1, NULL, '2022-08-31 07:05:54', '2022-08-31 07:05:54'),
(1392, 38, 1, NULL, '2022-08-31 07:08:16', '2022-08-31 07:08:16'),
(1393, 32, 1, NULL, '2022-08-31 07:23:08', '2022-08-31 07:23:08'),
(1394, 1, 1, NULL, '2022-08-31 07:32:06', '2022-08-31 07:32:06'),
(1395, 1, 4, 70, '2022-08-31 07:32:59', '2022-08-31 07:32:59'),
(1396, 32, 2, NULL, '2022-08-31 07:42:21', '2022-08-31 07:42:21'),
(1397, 24, 2, NULL, '2022-08-31 07:45:18', '2022-08-31 07:45:18'),
(1398, 23, 1, NULL, '2022-08-31 07:50:04', '2022-08-31 07:50:04'),
(1399, 50, 1, NULL, '2022-08-31 08:13:11', '2022-08-31 08:13:11'),
(1400, 50, 2, NULL, '2022-08-31 08:18:18', '2022-08-31 08:18:18'),
(1401, 2, 1, NULL, '2022-08-31 08:43:18', '2022-08-31 08:43:18'),
(1402, 53, 1, NULL, '2022-08-31 08:43:53', '2022-08-31 08:43:53'),
(1403, 29, 1, NULL, '2022-08-31 09:02:11', '2022-08-31 09:02:11'),
(1404, 31, 1, NULL, '2022-08-31 09:17:43', '2022-08-31 09:17:43'),
(1405, 51, 1, NULL, '2022-08-31 09:29:09', '2022-08-31 09:29:09'),
(1406, 59, 1, NULL, '2022-08-31 09:34:00', '2022-08-31 09:34:00'),
(1407, 5, 1, NULL, '2022-08-31 09:39:10', '2022-08-31 09:39:10'),
(1408, 49, 2, NULL, '2022-08-31 09:40:02', '2022-08-31 09:40:02'),
(1409, 49, 1, NULL, '2022-08-31 09:40:45', '2022-08-31 09:40:45'),
(1410, 59, 2, NULL, '2022-08-31 09:51:30', '2022-08-31 09:51:30'),
(1411, 43, 1, NULL, '2022-08-31 09:55:52', '2022-08-31 09:55:52'),
(1412, 57, 1, NULL, '2022-08-31 10:05:01', '2022-08-31 10:05:01'),
(1413, 60, 1, NULL, '2022-08-31 10:25:14', '2022-08-31 10:25:14'),
(1414, 18, 1, NULL, '2022-08-31 10:29:21', '2022-08-31 10:29:21'),
(1415, 59, 1, NULL, '2022-08-31 10:31:34', '2022-08-31 10:31:34'),
(1416, 23, 1, NULL, '2022-08-31 10:35:48', '2022-08-31 10:35:48'),
(1417, 60, 2, NULL, '2022-08-31 10:36:31', '2022-08-31 10:36:31'),
(1418, 59, 2, NULL, '2022-08-31 10:36:35', '2022-08-31 10:36:35'),
(1419, 24, 1, NULL, '2022-08-31 10:37:53', '2022-08-31 10:37:53'),
(1420, 31, 2, NULL, '2022-08-31 10:39:06', '2022-08-31 10:39:06'),
(1421, 41, 1, NULL, '2022-08-31 10:46:50', '2022-08-31 10:46:50'),
(1422, 70, 1, NULL, '2022-08-31 10:54:55', '2022-08-31 10:54:55'),
(1423, 12, 1, NULL, '2022-08-31 10:57:15', '2022-08-31 10:57:15'),
(1424, 70, 2, NULL, '2022-08-31 11:01:04', '2022-08-31 11:01:04'),
(1425, 38, 2, NULL, '2022-08-31 11:05:29', '2022-08-31 11:05:29'),
(1426, 50, 1, NULL, '2022-08-31 11:05:48', '2022-08-31 11:05:48'),
(1427, 38, 1, NULL, '2022-08-31 11:06:01', '2022-08-31 11:06:01'),
(1428, 69, 2, NULL, '2022-08-31 11:17:27', '2022-08-31 11:17:27'),
(1429, 37, 2, NULL, '2022-08-31 11:35:55', '2022-08-31 11:35:55'),
(1430, 10, 1, NULL, '2022-08-31 11:36:23', '2022-08-31 11:36:23'),
(1431, 10, 2, NULL, '2022-08-31 11:37:00', '2022-08-31 11:37:00'),
(1432, 35, 2, NULL, '2022-08-31 11:41:14', '2022-08-31 11:41:14'),
(1433, 43, 1, NULL, '2022-08-31 12:21:17', '2022-08-31 12:21:17'),
(1434, 43, 2, NULL, '2022-08-31 12:30:30', '2022-08-31 12:30:30'),
(1435, 43, 1, NULL, '2022-08-31 12:30:42', '2022-08-31 12:30:42'),
(1436, 38, 1, NULL, '2022-09-01 02:23:46', '2022-09-01 02:23:46'),
(1437, 35, 1, NULL, '2022-09-01 02:42:28', '2022-09-01 02:42:28'),
(1438, 41, 1, NULL, '2022-09-01 02:42:57', '2022-09-01 02:42:57'),
(1439, 39, 1, NULL, '2022-09-01 02:53:47', '2022-09-01 02:53:47'),
(1440, 40, 1, NULL, '2022-09-01 03:03:23', '2022-09-01 03:03:23'),
(1441, 5, 1, NULL, '2022-09-01 03:04:27', '2022-09-01 03:04:27'),
(1442, 36, 1, NULL, '2022-09-01 03:09:23', '2022-09-01 03:09:23'),
(1443, 37, 1, NULL, '2022-09-01 03:09:50', '2022-09-01 03:09:50'),
(1444, 59, 1, NULL, '2022-09-01 03:25:56', '2022-09-01 03:25:56'),
(1445, 59, 3, NULL, '2022-09-01 03:28:23', '2022-09-01 03:28:23'),
(1446, 59, 8, NULL, '2022-09-01 03:28:23', '2022-09-01 03:28:23'),
(1447, 59, 1, NULL, '2022-09-01 03:28:37', '2022-09-01 03:28:37'),
(1448, 59, 2, NULL, '2022-09-01 03:28:43', '2022-09-01 03:28:43'),
(1449, 50, 1, NULL, '2022-09-01 03:28:43', '2022-09-01 03:28:43'),
(1450, 42, 1, NULL, '2022-09-01 03:29:43', '2022-09-01 03:29:43'),
(1451, 50, 2, NULL, '2022-09-01 03:33:45', '2022-09-01 03:33:45'),
(1452, 51, 1, NULL, '2022-09-01 03:33:58', '2022-09-01 03:33:58'),
(1453, 70, 1, NULL, '2022-09-01 03:47:26', '2022-09-01 03:47:26'),
(1454, 70, 2, NULL, '2022-09-01 03:50:15', '2022-09-01 03:50:15'),
(1455, 54, 1, NULL, '2022-09-01 03:51:41', '2022-09-01 03:51:41'),
(1456, 49, 1, NULL, '2022-09-01 04:00:03', '2022-09-01 04:00:03'),
(1457, 69, 1, NULL, '2022-09-01 04:08:53', '2022-09-01 04:08:53'),
(1458, 43, 1, NULL, '2022-09-01 04:12:34', '2022-09-01 04:12:34'),
(1459, 60, 1, NULL, '2022-09-01 04:13:21', '2022-09-01 04:13:21'),
(1460, 24, 1, NULL, '2022-09-01 04:13:22', '2022-09-01 04:13:22'),
(1461, 64, 1, NULL, '2022-09-01 04:23:05', '2022-09-01 04:23:05'),
(1462, 64, 2, NULL, '2022-09-01 04:31:24', '2022-09-01 04:31:24'),
(1463, 2, 1, NULL, '2022-09-01 04:32:41', '2022-09-01 04:32:41'),
(1464, 57, 1, NULL, '2022-09-01 04:45:40', '2022-09-01 04:45:40'),
(1465, 53, 1, NULL, '2022-09-01 05:04:15', '2022-09-01 05:04:15'),
(1466, 34, 1, NULL, '2022-09-01 05:10:45', '2022-09-01 05:10:45'),
(1467, 2, 2, NULL, '2022-09-01 05:12:17', '2022-09-01 05:12:17'),
(1468, 29, 1, NULL, '2022-09-01 05:13:05', '2022-09-01 05:13:05'),
(1469, 2, 1, NULL, '2022-09-01 05:13:30', '2022-09-01 05:13:30'),
(1470, 9, 1, NULL, '2022-09-01 05:25:17', '2022-09-01 05:25:17'),
(1471, 38, 2, NULL, '2022-09-01 05:33:09', '2022-09-01 05:33:09'),
(1472, 38, 1, NULL, '2022-09-01 05:33:38', '2022-09-01 05:33:38'),
(1473, 18, 1, NULL, '2022-09-01 05:45:36', '2022-09-01 05:45:36'),
(1474, 60, 2, NULL, '2022-09-01 05:56:45', '2022-09-01 05:56:45'),
(1475, 31, 1, NULL, '2022-09-01 06:05:19', '2022-09-01 06:05:19'),
(1476, 31, 2, NULL, '2022-09-01 06:12:21', '2022-09-01 06:12:21'),
(1477, 31, 1, NULL, '2022-09-01 06:12:37', '2022-09-01 06:12:37'),
(1478, 54, 1, NULL, '2022-09-01 06:15:32', '2022-09-01 06:15:32'),
(1479, 29, 2, NULL, '2022-09-01 06:16:31', '2022-09-01 06:16:31'),
(1480, 31, 2, NULL, '2022-09-01 06:21:26', '2022-09-01 06:21:26'),
(1481, 31, 1, NULL, '2022-09-01 06:21:49', '2022-09-01 06:21:49'),
(1482, 13, 1, NULL, '2022-09-01 06:27:02', '2022-09-01 06:27:02'),
(1483, 64, 1, NULL, '2022-09-01 06:33:52', '2022-09-01 06:33:52'),
(1484, 31, 2, NULL, '2022-09-01 06:37:14', '2022-09-01 06:37:14'),
(1485, 37, 2, NULL, '2022-09-01 06:41:59', '2022-09-01 06:41:59'),
(1486, 37, 1, NULL, '2022-09-01 06:42:13', '2022-09-01 06:42:13'),
(1487, 64, 2, NULL, '2022-09-01 06:45:22', '2022-09-01 06:45:22'),
(1488, 64, 1, NULL, '2022-09-01 06:48:55', '2022-09-01 06:48:55'),
(1489, 64, 2, NULL, '2022-09-01 06:49:07', '2022-09-01 06:49:07'),
(1490, 34, 2, NULL, '2022-09-01 07:29:06', '2022-09-01 07:29:06'),
(1491, 10, 1, NULL, '2022-09-01 07:46:47', '2022-09-01 07:46:47'),
(1492, 5, 1, NULL, '2022-09-01 07:47:21', '2022-09-01 07:47:21'),
(1493, 69, 1, NULL, '2022-09-01 07:47:43', '2022-09-01 07:47:43'),
(1494, 24, 1, NULL, '2022-09-01 08:01:00', '2022-09-01 08:01:00'),
(1495, 49, 2, NULL, '2022-09-01 08:31:00', '2022-09-01 08:31:00'),
(1496, 64, 1, NULL, '2022-09-01 08:32:58', '2022-09-01 08:32:58'),
(1497, 64, 2, NULL, '2022-09-01 08:36:22', '2022-09-01 08:36:22'),
(1498, 34, 1, NULL, '2022-09-01 08:44:36', '2022-09-01 08:44:36'),
(1499, 64, 1, NULL, '2022-09-01 08:47:39', '2022-09-01 08:47:39'),
(1500, 18, 1, NULL, '2022-09-01 08:58:50', '2022-09-01 08:58:50'),
(1501, 49, 1, NULL, '2022-09-01 08:59:15', '2022-09-01 08:59:15'),
(1502, 60, 1, NULL, '2022-09-01 09:04:01', '2022-09-01 09:04:01'),
(1503, 64, 2, NULL, '2022-09-01 09:07:15', '2022-09-01 09:07:15'),
(1504, 60, 2, NULL, '2022-09-01 09:08:52', '2022-09-01 09:08:52'),
(1505, 49, 1, NULL, '2022-09-01 09:26:44', '2022-09-01 09:26:44'),
(1506, 31, 1, NULL, '2022-09-01 09:43:36', '2022-09-01 09:43:36'),
(1507, 23, 1, NULL, '2022-09-01 09:48:47', '2022-09-01 09:48:47'),
(1508, 50, 1, NULL, '2022-09-01 09:52:58', '2022-09-01 09:52:58'),
(1509, 30, 1, NULL, '2022-09-01 09:56:19', '2022-09-01 09:56:19'),
(1510, 42, 1, NULL, '2022-09-01 09:57:18', '2022-09-01 09:57:18'),
(1511, 50, 1, NULL, '2022-09-01 10:00:22', '2022-09-01 10:00:22'),
(1512, 41, 1, NULL, '2022-09-01 10:04:23', '2022-09-01 10:04:23'),
(1513, 30, 2, NULL, '2022-09-01 10:05:26', '2022-09-01 10:05:26'),
(1514, 59, 1, NULL, '2022-09-01 10:14:12', '2022-09-01 10:14:12'),
(1515, 59, 2, NULL, '2022-09-01 10:16:30', '2022-09-01 10:16:30'),
(1516, 31, 2, NULL, '2022-09-01 10:25:30', '2022-09-01 10:25:30'),
(1517, 65, 1, NULL, '2022-09-01 10:55:28', '2022-09-01 10:55:28'),
(1518, 69, 2, NULL, '2022-09-01 10:57:07', '2022-09-01 10:57:07'),
(1519, 42, 2, NULL, '2022-09-01 10:59:08', '2022-09-01 10:59:08'),
(1520, 10, 1, NULL, '2022-09-01 11:20:37', '2022-09-01 11:20:37'),
(1521, 55, 1, NULL, '2022-09-01 11:23:33', '2022-09-01 11:23:33'),
(1522, 37, 2, NULL, '2022-09-01 11:36:00', '2022-09-01 11:36:00'),
(1523, 55, 2, NULL, '2022-09-01 11:40:05', '2022-09-01 11:40:05'),
(1524, 65, 2, NULL, '2022-09-01 12:06:23', '2022-09-01 12:06:23'),
(1525, 38, 1, NULL, '2022-09-04 02:44:49', '2022-09-04 02:44:49'),
(1526, 35, 1, NULL, '2022-09-04 02:50:14', '2022-09-04 02:50:14'),
(1527, 18, 1, NULL, '2022-09-04 02:56:47', '2022-09-04 02:56:47'),
(1528, 41, 1, NULL, '2022-09-04 03:01:17', '2022-09-04 03:01:17'),
(1529, 39, 1, NULL, '2022-09-04 03:01:29', '2022-09-04 03:01:29'),
(1530, 64, 1, NULL, '2022-09-04 03:04:43', '2022-09-04 03:04:43'),
(1531, 64, 2, NULL, '2022-09-04 03:04:49', '2022-09-04 03:04:49'),
(1532, 5, 1, NULL, '2022-09-04 03:08:24', '2022-09-04 03:08:24'),
(1533, 36, 1, NULL, '2022-09-04 03:16:43', '2022-09-04 03:16:43'),
(1534, 14, 1, NULL, '2022-09-04 03:30:39', '2022-09-04 03:30:39'),
(1535, 22, 1, NULL, '2022-09-04 03:36:39', '2022-09-04 03:36:39'),
(1536, 65, 1, NULL, '2022-09-04 03:37:43', '2022-09-04 03:37:43'),
(1537, 65, 2, NULL, '2022-09-04 03:38:18', '2022-09-04 03:38:18'),
(1538, 68, 1, NULL, '2022-09-04 03:44:10', '2022-09-04 03:44:10'),
(1539, 40, 1, NULL, '2022-09-04 03:44:45', '2022-09-04 03:44:45'),
(1540, 68, 3, NULL, '2022-09-04 03:45:20', '2022-09-04 03:45:20'),
(1541, 68, 8, NULL, '2022-09-04 03:45:20', '2022-09-04 03:45:20'),
(1542, 68, 1, NULL, '2022-09-04 03:45:34', '2022-09-04 03:45:34'),
(1543, 68, 2, NULL, '2022-09-04 03:45:44', '2022-09-04 03:45:44'),
(1544, 67, 1, NULL, '2022-09-04 03:46:03', '2022-09-04 03:46:03'),
(1545, 68, 1, NULL, '2022-09-04 03:46:19', '2022-09-04 03:46:19'),
(1546, 48, 1, NULL, '2022-09-04 03:47:28', '2022-09-04 03:47:28'),
(1547, 30, 1, NULL, '2022-09-04 03:56:03', '2022-09-04 03:56:03'),
(1548, 69, 1, NULL, '2022-09-04 04:00:03', '2022-09-04 04:00:03'),
(1549, 39, 2, NULL, '2022-09-04 04:12:57', '2022-09-04 04:12:57'),
(1550, 39, 1, NULL, '2022-09-04 04:13:01', '2022-09-04 04:13:01'),
(1551, 23, 1, NULL, '2022-09-04 04:20:08', '2022-09-04 04:20:08'),
(1552, 37, 1, NULL, '2022-09-04 04:48:29', '2022-09-04 04:48:29'),
(1553, 10, 1, NULL, '2022-09-04 04:56:15', '2022-09-04 04:56:15'),
(1554, 67, 2, NULL, '2022-09-04 04:57:22', '2022-09-04 04:57:22'),
(1555, 50, 1, NULL, '2022-09-04 05:04:40', '2022-09-04 05:04:40'),
(1556, 50, 2, NULL, '2022-09-04 05:21:12', '2022-09-04 05:21:12'),
(1557, 23, 2, NULL, '2022-09-04 05:27:43', '2022-09-04 05:27:43'),
(1558, 43, 1, NULL, '2022-09-04 05:28:36', '2022-09-04 05:28:36'),
(1559, 53, 1, NULL, '2022-09-04 05:30:03', '2022-09-04 05:30:03'),
(1560, 42, 1, NULL, '2022-09-04 06:22:38', '2022-09-04 06:22:38'),
(1561, 23, 1, NULL, '2022-09-04 06:25:18', '2022-09-04 06:25:18'),
(1562, 42, 2, NULL, '2022-09-04 06:31:44', '2022-09-04 06:31:44'),
(1563, 34, 1, NULL, '2022-09-04 06:38:45', '2022-09-04 06:38:45'),
(1564, 9, 1, NULL, '2022-09-04 06:43:48', '2022-09-04 06:43:48');
INSERT INTO `sys_logs` (`id`, `subject`, `action`, `object`, `created_at`, `updated_at`) VALUES
(1565, 67, 1, NULL, '2022-09-04 06:54:28', '2022-09-04 06:54:28'),
(1566, 57, 1, NULL, '2022-09-04 07:00:11', '2022-09-04 07:00:11'),
(1567, 48, 1, NULL, '2022-09-04 07:03:35', '2022-09-04 07:03:35'),
(1568, 50, 1, NULL, '2022-09-04 07:06:20', '2022-09-04 07:06:20'),
(1569, 64, 1, NULL, '2022-09-04 07:22:55', '2022-09-04 07:22:55'),
(1570, 64, 2, NULL, '2022-09-04 07:26:12', '2022-09-04 07:26:12'),
(1571, 64, 1, NULL, '2022-09-04 07:36:12', '2022-09-04 07:36:12'),
(1572, 29, 1, NULL, '2022-09-04 07:45:53', '2022-09-04 07:45:53'),
(1573, 29, 2, NULL, '2022-09-04 07:49:41', '2022-09-04 07:49:41'),
(1574, 42, 1, NULL, '2022-09-04 07:50:08', '2022-09-04 07:50:08'),
(1575, 42, 2, NULL, '2022-09-04 08:01:50', '2022-09-04 08:01:50'),
(1576, 59, 1, NULL, '2022-09-04 08:26:18', '2022-09-04 08:26:18'),
(1577, 59, 2, NULL, '2022-09-04 08:29:22', '2022-09-04 08:29:22'),
(1578, 64, 2, NULL, '2022-09-04 08:39:13', '2022-09-04 08:39:13'),
(1579, 65, 1, NULL, '2022-09-04 08:46:15', '2022-09-04 08:46:15'),
(1580, 14, 1, NULL, '2022-09-04 08:51:32', '2022-09-04 08:51:32'),
(1581, 59, 1, NULL, '2022-09-04 08:57:14', '2022-09-04 08:57:14'),
(1582, 59, 2, NULL, '2022-09-04 08:57:54', '2022-09-04 08:57:54'),
(1583, 53, 1, NULL, '2022-09-04 09:18:11', '2022-09-04 09:18:11'),
(1584, 13, 1, NULL, '2022-09-04 09:24:17', '2022-09-04 09:24:17'),
(1585, 13, 2, NULL, '2022-09-04 09:28:25', '2022-09-04 09:28:25'),
(1586, 30, 1, NULL, '2022-09-04 09:40:00', '2022-09-04 09:40:00'),
(1587, 22, 1, NULL, '2022-09-04 09:47:17', '2022-09-04 09:47:17'),
(1588, 23, 1, NULL, '2022-09-04 09:48:36', '2022-09-04 09:48:36'),
(1589, 41, 1, NULL, '2022-09-04 09:50:29', '2022-09-04 09:50:29'),
(1590, 30, 3, NULL, '2022-09-04 09:55:20', '2022-09-04 09:55:20'),
(1591, 30, 8, NULL, '2022-09-04 09:55:20', '2022-09-04 09:55:20'),
(1592, 30, 1, NULL, '2022-09-04 09:55:32', '2022-09-04 09:55:32'),
(1593, 30, 2, NULL, '2022-09-04 09:55:47', '2022-09-04 09:55:47'),
(1594, 42, 1, NULL, '2022-09-04 09:58:43', '2022-09-04 09:58:43'),
(1595, 64, 1, NULL, '2022-09-04 10:12:47', '2022-09-04 10:12:47'),
(1596, 64, 2, NULL, '2022-09-04 10:14:19', '2022-09-04 10:14:19'),
(1597, 64, 1, NULL, '2022-09-04 10:20:48', '2022-09-04 10:20:48'),
(1598, 64, 2, NULL, '2022-09-04 10:22:58', '2022-09-04 10:22:58'),
(1599, 10, 1, NULL, '2022-09-04 10:34:45', '2022-09-04 10:34:45'),
(1600, 64, 1, NULL, '2022-09-04 10:36:51', '2022-09-04 10:36:51'),
(1601, 64, 2, NULL, '2022-09-04 10:37:47', '2022-09-04 10:37:47'),
(1602, 50, 1, NULL, '2022-09-04 10:40:16', '2022-09-04 10:40:16'),
(1603, 5, 1, NULL, '2022-09-04 10:45:43', '2022-09-04 10:45:43'),
(1604, 42, 2, NULL, '2022-09-04 11:01:29', '2022-09-04 11:01:29'),
(1605, 34, 1, NULL, '2022-09-04 11:02:54', '2022-09-04 11:02:54'),
(1606, 50, 2, NULL, '2022-09-04 11:16:22', '2022-09-04 11:16:22'),
(1607, 65, 1, NULL, '2022-09-04 11:24:35', '2022-09-04 11:24:35'),
(1608, 65, 2, NULL, '2022-09-04 11:25:34', '2022-09-04 11:25:34'),
(1609, 69, 2, NULL, '2022-09-04 11:28:45', '2022-09-04 11:28:45'),
(1610, 37, 2, NULL, '2022-09-04 11:31:29', '2022-09-04 11:31:29'),
(1611, 51, 1, NULL, '2022-09-04 11:33:30', '2022-09-04 11:33:30'),
(1612, 38, 2, NULL, '2022-09-04 11:35:45', '2022-09-04 11:35:45'),
(1613, 9, 1, NULL, '2022-09-04 11:46:42', '2022-09-04 11:46:42'),
(1614, 51, 2, NULL, '2022-09-04 12:04:11', '2022-09-04 12:04:11'),
(1615, 10, 2, NULL, '2022-09-04 12:05:35', '2022-09-04 12:05:35'),
(1616, 38, 1, NULL, '2022-09-05 02:26:31', '2022-09-05 02:26:31'),
(1617, 35, 1, NULL, '2022-09-05 02:45:45', '2022-09-05 02:45:45'),
(1618, 41, 1, NULL, '2022-09-05 02:55:38', '2022-09-05 02:55:38'),
(1619, 36, 1, NULL, '2022-09-05 03:00:29', '2022-09-05 03:00:29'),
(1620, 69, 1, NULL, '2022-09-05 03:04:49', '2022-09-05 03:04:49'),
(1621, 40, 1, NULL, '2022-09-05 03:05:25', '2022-09-05 03:05:25'),
(1622, 49, 1, NULL, '2022-09-05 03:06:41', '2022-09-05 03:06:41'),
(1623, 18, 1, NULL, '2022-09-05 03:11:26', '2022-09-05 03:11:26'),
(1624, 5, 1, NULL, '2022-09-05 03:19:50', '2022-09-05 03:19:50'),
(1625, 39, 1, NULL, '2022-09-05 03:27:33', '2022-09-05 03:27:33'),
(1626, 30, 1, NULL, '2022-09-05 03:30:52', '2022-09-05 03:30:52'),
(1627, 34, 1, NULL, '2022-09-05 03:34:50', '2022-09-05 03:34:50'),
(1628, 9, 1, NULL, '2022-09-05 03:36:54', '2022-09-05 03:36:54'),
(1629, 10, 1, NULL, '2022-09-05 03:46:38', '2022-09-05 03:46:38'),
(1630, 37, 1, NULL, '2022-09-05 03:46:57', '2022-09-05 03:46:57'),
(1631, 51, 1, NULL, '2022-09-05 03:53:33', '2022-09-05 03:53:33'),
(1632, 42, 1, NULL, '2022-09-05 03:54:31', '2022-09-05 03:54:31'),
(1633, 51, 2, NULL, '2022-09-05 04:13:30', '2022-09-05 04:13:30'),
(1634, 22, 1, NULL, '2022-09-05 04:14:35', '2022-09-05 04:14:35'),
(1635, 60, 1, NULL, '2022-09-05 04:28:39', '2022-09-05 04:28:39'),
(1636, 30, 2, NULL, '2022-09-05 05:06:02', '2022-09-05 05:06:02'),
(1637, 31, 1, NULL, '2022-09-05 05:23:29', '2022-09-05 05:23:29'),
(1638, 42, 2, NULL, '2022-09-05 05:34:29', '2022-09-05 05:34:29'),
(1639, 48, 1, NULL, '2022-09-05 05:42:01', '2022-09-05 05:42:01'),
(1640, 57, 1, NULL, '2022-09-05 05:54:00', '2022-09-05 05:54:00'),
(1641, 55, 1, NULL, '2022-09-05 05:57:40', '2022-09-05 05:57:40'),
(1642, 55, 2, NULL, '2022-09-05 05:59:46', '2022-09-05 05:59:46'),
(1643, 55, 1, NULL, '2022-09-05 05:59:50', '2022-09-05 05:59:50'),
(1644, 55, 2, NULL, '2022-09-05 06:01:04', '2022-09-05 06:01:04'),
(1645, 1, 1, NULL, '2022-09-05 06:07:25', '2022-09-05 06:07:25'),
(1646, 54, 1, NULL, '2022-09-05 06:08:13', '2022-09-05 06:08:13'),
(1647, 50, 1, NULL, '2022-09-05 06:10:24', '2022-09-05 06:10:24'),
(1648, 33, 1, NULL, '2022-09-05 06:12:49', '2022-09-05 06:12:49'),
(1649, 33, 3, NULL, '2022-09-05 06:17:14', '2022-09-05 06:17:14'),
(1650, 33, 8, NULL, '2022-09-05 06:17:14', '2022-09-05 06:17:14'),
(1651, 33, 1, NULL, '2022-09-05 06:17:39', '2022-09-05 06:17:39'),
(1652, 22, 1, NULL, '2022-09-05 06:18:11', '2022-09-05 06:18:11'),
(1653, 24, 1, NULL, '2022-09-05 06:47:36', '2022-09-05 06:47:36'),
(1654, 50, 1, NULL, '2022-09-05 06:48:06', '2022-09-05 06:48:06'),
(1655, 41, 1, NULL, '2022-09-05 06:49:00', '2022-09-05 06:49:00'),
(1656, 49, 2, NULL, '2022-09-05 07:03:10', '2022-09-05 07:03:10'),
(1657, 49, 1, NULL, '2022-09-05 07:04:01', '2022-09-05 07:04:01'),
(1658, 29, 1, NULL, '2022-09-05 07:06:08', '2022-09-05 07:06:08'),
(1659, 43, 1, NULL, '2022-09-05 07:09:27', '2022-09-05 07:09:27'),
(1660, 23, 1, NULL, '2022-09-05 07:32:23', '2022-09-05 07:32:23'),
(1661, 63, 1, NULL, '2022-09-05 07:51:38', '2022-09-05 07:51:38'),
(1662, 60, 1, NULL, '2022-09-05 08:00:42', '2022-09-05 08:00:42'),
(1663, 49, 2, NULL, '2022-09-05 08:03:20', '2022-09-05 08:03:20'),
(1664, 49, 1, NULL, '2022-09-05 08:03:37', '2022-09-05 08:03:37'),
(1665, 60, 2, NULL, '2022-09-05 08:03:39', '2022-09-05 08:03:39'),
(1666, 60, 1, NULL, '2022-09-05 08:23:33', '2022-09-05 08:23:33'),
(1667, 10, 1, NULL, '2022-09-05 08:28:43', '2022-09-05 08:28:43'),
(1668, 50, 1, NULL, '2022-09-05 08:35:42', '2022-09-05 08:35:42'),
(1669, 63, 2, NULL, '2022-09-05 08:36:18', '2022-09-05 08:36:18'),
(1670, 30, 1, NULL, '2022-09-05 08:43:09', '2022-09-05 08:43:09'),
(1671, 24, 1, NULL, '2022-09-05 09:31:44', '2022-09-05 09:31:44'),
(1672, 10, 2, NULL, '2022-09-05 09:35:11', '2022-09-05 09:35:11'),
(1673, 69, 1, NULL, '2022-09-05 09:41:52', '2022-09-05 09:41:52'),
(1674, 64, 1, NULL, '2022-09-05 10:09:20', '2022-09-05 10:09:20'),
(1675, 64, 2, NULL, '2022-09-05 10:22:08', '2022-09-05 10:22:08'),
(1676, 30, 2, NULL, '2022-09-05 10:28:18', '2022-09-05 10:28:18'),
(1677, 64, 1, NULL, '2022-09-05 10:31:11', '2022-09-05 10:31:11'),
(1678, 57, 1, NULL, '2022-09-05 10:38:08', '2022-09-05 10:38:08'),
(1679, 64, 2, NULL, '2022-09-05 10:44:02', '2022-09-05 10:44:02'),
(1680, 49, 1, NULL, '2022-09-05 10:45:45', '2022-09-05 10:45:45'),
(1681, 69, 2, NULL, '2022-09-05 10:51:33', '2022-09-05 10:51:33'),
(1682, 41, 1, NULL, '2022-09-05 10:54:16', '2022-09-05 10:54:16'),
(1683, 38, 2, NULL, '2022-09-05 11:00:06', '2022-09-05 11:00:06'),
(1684, 41, 2, NULL, '2022-09-05 11:06:19', '2022-09-05 11:06:19'),
(1685, 37, 2, NULL, '2022-09-05 11:12:49', '2022-09-05 11:12:49'),
(1686, 29, 1, NULL, '2022-09-05 11:19:44', '2022-09-05 11:19:44'),
(1687, 10, 1, NULL, '2022-09-05 12:09:15', '2022-09-05 12:09:15'),
(1688, 55, 1, NULL, '2022-09-05 12:54:32', '2022-09-05 12:54:32'),
(1689, 55, 2, NULL, '2022-09-05 13:19:25', '2022-09-05 13:19:25'),
(1690, 55, 1, NULL, '2022-09-05 13:19:31', '2022-09-05 13:19:31'),
(1691, 55, 2, NULL, '2022-09-05 13:22:12', '2022-09-05 13:22:12'),
(1692, 55, 1, NULL, '2022-09-05 13:22:17', '2022-09-05 13:22:17'),
(1693, 38, 1, NULL, '2022-09-06 02:28:31', '2022-09-06 02:28:31'),
(1694, 64, 1, NULL, '2022-09-06 02:55:40', '2022-09-06 02:55:40'),
(1695, 34, 1, NULL, '2022-09-06 03:09:42', '2022-09-06 03:09:42'),
(1696, 40, 1, NULL, '2022-09-06 03:14:15', '2022-09-06 03:14:15'),
(1697, 24, 1, NULL, '2022-09-06 03:14:36', '2022-09-06 03:14:36'),
(1698, 49, 1, NULL, '2022-09-06 03:14:52', '2022-09-06 03:14:52'),
(1699, 36, 1, NULL, '2022-09-06 03:18:28', '2022-09-06 03:18:28'),
(1700, 5, 1, NULL, '2022-09-06 03:20:04', '2022-09-06 03:20:04'),
(1701, 39, 1, NULL, '2022-09-06 03:24:29', '2022-09-06 03:24:29'),
(1702, 55, 1, NULL, '2022-09-06 03:26:11', '2022-09-06 03:26:11'),
(1703, 35, 1, NULL, '2022-09-06 03:31:26', '2022-09-06 03:31:26'),
(1704, 37, 1, NULL, '2022-09-06 03:34:46', '2022-09-06 03:34:46'),
(1705, 6, 1, NULL, '2022-09-06 03:36:37', '2022-09-06 03:36:37'),
(1706, 60, 1, NULL, '2022-09-06 03:45:53', '2022-09-06 03:45:53'),
(1707, 55, 1, NULL, '2022-09-06 03:47:04', '2022-09-06 03:47:04'),
(1708, 55, 2, NULL, '2022-09-06 03:48:09', '2022-09-06 03:48:09'),
(1709, 69, 1, NULL, '2022-09-06 03:53:17', '2022-09-06 03:53:17'),
(1710, 53, 1, NULL, '2022-09-06 03:53:50', '2022-09-06 03:53:50'),
(1711, 50, 1, NULL, '2022-09-06 04:32:44', '2022-09-06 04:32:44'),
(1712, 60, 2, NULL, '2022-09-06 04:33:43', '2022-09-06 04:33:43'),
(1713, 29, 1, NULL, '2022-09-06 04:40:27', '2022-09-06 04:40:27'),
(1714, 9, 1, NULL, '2022-09-06 04:51:34', '2022-09-06 04:51:34'),
(1715, 18, 1, NULL, '2022-09-06 04:57:44', '2022-09-06 04:57:44'),
(1716, 64, 1, NULL, '2022-09-06 04:59:39', '2022-09-06 04:59:39'),
(1717, 64, 2, NULL, '2022-09-06 05:00:22', '2022-09-06 05:00:22'),
(1718, 54, 1, NULL, '2022-09-06 05:19:41', '2022-09-06 05:19:41'),
(1719, 23, 1, NULL, '2022-09-06 05:20:18', '2022-09-06 05:20:18'),
(1720, 48, 1, NULL, '2022-09-06 05:27:06', '2022-09-06 05:27:06'),
(1721, 67, 1, NULL, '2022-09-06 05:27:57', '2022-09-06 05:27:57'),
(1722, 41, 1, NULL, '2022-09-06 05:28:27', '2022-09-06 05:28:27'),
(1723, 2, 1, NULL, '2022-09-06 05:29:46', '2022-09-06 05:29:46'),
(1724, 10, 1, NULL, '2022-09-06 05:30:15', '2022-09-06 05:30:15'),
(1725, 49, 1, NULL, '2022-09-06 05:36:48', '2022-09-06 05:36:48'),
(1726, 37, 2, NULL, '2022-09-06 05:39:27', '2022-09-06 05:39:27'),
(1727, 37, 1, NULL, '2022-09-06 05:39:46', '2022-09-06 05:39:46'),
(1728, 37, 1, NULL, '2022-09-06 05:41:46', '2022-09-06 05:41:46'),
(1729, 60, 1, NULL, '2022-09-06 05:42:05', '2022-09-06 05:42:05'),
(1730, 60, 2, NULL, '2022-09-06 05:42:46', '2022-09-06 05:42:46'),
(1731, 14, 1, NULL, '2022-09-06 05:46:22', '2022-09-06 05:46:22'),
(1732, 29, 1, NULL, '2022-09-06 06:43:09', '2022-09-06 06:43:09'),
(1733, 13, 1, NULL, '2022-09-06 07:03:14', '2022-09-06 07:03:14'),
(1734, 50, 1, NULL, '2022-09-06 07:03:54', '2022-09-06 07:03:54'),
(1735, 48, 1, NULL, '2022-09-06 07:52:11', '2022-09-06 07:52:11'),
(1736, 13, 2, NULL, '2022-09-06 08:20:33', '2022-09-06 08:20:33'),
(1737, 5, 1, NULL, '2022-09-06 08:26:13', '2022-09-06 08:26:13'),
(1738, 9, 1, NULL, '2022-09-06 08:40:31', '2022-09-06 08:40:31'),
(1739, 34, 1, NULL, '2022-09-06 08:46:36', '2022-09-06 08:46:36'),
(1740, 6, 1, NULL, '2022-09-06 09:25:24', '2022-09-06 09:25:24'),
(1741, 49, 2, NULL, '2022-09-06 09:33:12', '2022-09-06 09:33:12'),
(1742, 49, 1, NULL, '2022-09-06 09:33:46', '2022-09-06 09:33:46'),
(1743, 22, 1, NULL, '2022-09-06 09:40:18', '2022-09-06 09:40:18'),
(1744, 65, 1, NULL, '2022-09-06 09:55:12', '2022-09-06 09:55:12'),
(1745, 65, 3, NULL, '2022-09-06 09:56:45', '2022-09-06 09:56:45'),
(1746, 65, 8, NULL, '2022-09-06 09:56:45', '2022-09-06 09:56:45'),
(1747, 65, 1, NULL, '2022-09-06 09:57:02', '2022-09-06 09:57:02'),
(1748, 57, 1, NULL, '2022-09-06 10:03:24', '2022-09-06 10:03:24'),
(1749, 69, 1, NULL, '2022-09-06 10:41:39', '2022-09-06 10:41:39'),
(1750, 41, 1, NULL, '2022-09-06 10:51:43', '2022-09-06 10:51:43'),
(1751, 50, 1, NULL, '2022-09-06 10:54:10', '2022-09-06 10:54:10'),
(1752, 69, 2, NULL, '2022-09-06 11:00:45', '2022-09-06 11:00:45'),
(1753, 55, 1, NULL, '2022-09-06 11:04:05', '2022-09-06 11:04:05'),
(1754, 37, 2, NULL, '2022-09-06 11:07:08', '2022-09-06 11:07:08'),
(1755, 38, 1, NULL, '2022-09-07 02:33:40', '2022-09-07 02:33:40'),
(1756, 40, 1, NULL, '2022-09-07 02:58:23', '2022-09-07 02:58:23'),
(1757, 18, 1, NULL, '2022-09-07 03:01:38', '2022-09-07 03:01:38'),
(1758, 49, 1, NULL, '2022-09-07 03:04:10', '2022-09-07 03:04:10'),
(1759, 69, 1, NULL, '2022-09-07 03:04:39', '2022-09-07 03:04:39'),
(1760, 41, 1, NULL, '2022-09-07 03:05:51', '2022-09-07 03:05:51'),
(1761, 36, 1, NULL, '2022-09-07 03:10:13', '2022-09-07 03:10:13'),
(1762, 37, 1, NULL, '2022-09-07 03:18:06', '2022-09-07 03:18:06'),
(1763, 55, 1, NULL, '2022-09-07 03:18:42', '2022-09-07 03:18:42'),
(1764, 5, 1, NULL, '2022-09-07 03:19:58', '2022-09-07 03:19:58'),
(1765, 39, 1, NULL, '2022-09-07 03:27:54', '2022-09-07 03:27:54'),
(1766, 64, 1, NULL, '2022-09-07 03:30:41', '2022-09-07 03:30:41'),
(1767, 14, 1, NULL, '2022-09-07 03:32:55', '2022-09-07 03:32:55'),
(1768, 64, 2, NULL, '2022-09-07 03:35:11', '2022-09-07 03:35:11'),
(1769, 22, 1, NULL, '2022-09-07 04:28:34', '2022-09-07 04:28:34'),
(1770, 35, 1, NULL, '2022-09-07 04:29:49', '2022-09-07 04:29:49'),
(1771, 54, 1, NULL, '2022-09-07 04:31:37', '2022-09-07 04:31:37'),
(1772, 6, 1, NULL, '2022-09-07 04:33:24', '2022-09-07 04:33:24'),
(1773, 9, 1, NULL, '2022-09-07 04:35:11', '2022-09-07 04:35:11'),
(1774, 43, 1, NULL, '2022-09-07 04:37:42', '2022-09-07 04:37:42'),
(1775, 50, 1, NULL, '2022-09-07 04:47:13', '2022-09-07 04:47:13'),
(1776, 34, 1, NULL, '2022-09-07 04:50:12', '2022-09-07 04:50:12'),
(1777, 55, 1, NULL, '2022-09-07 04:54:56', '2022-09-07 04:54:56'),
(1778, 52, 1, NULL, '2022-09-07 04:59:30', '2022-09-07 04:59:30'),
(1779, 62, 1, NULL, '2022-09-07 05:36:39', '2022-09-07 05:36:39'),
(1780, 62, 2, NULL, '2022-09-07 05:40:01', '2022-09-07 05:40:01'),
(1781, 62, 1, NULL, '2022-09-07 05:55:15', '2022-09-07 05:55:15'),
(1782, 62, 3, NULL, '2022-09-07 05:55:46', '2022-09-07 05:55:46'),
(1783, 62, 8, NULL, '2022-09-07 05:55:46', '2022-09-07 05:55:46'),
(1784, 69, 1, NULL, '2022-09-07 06:16:10', '2022-09-07 06:16:10'),
(1785, 48, 1, NULL, '2022-09-07 06:21:09', '2022-09-07 06:21:09'),
(1786, 54, 1, NULL, '2022-09-07 06:49:31', '2022-09-07 06:49:31'),
(1787, 24, 1, NULL, '2022-09-07 07:00:01', '2022-09-07 07:00:01'),
(1788, 31, 1, NULL, '2022-09-07 07:07:11', '2022-09-07 07:07:11'),
(1789, 41, 1, NULL, '2022-09-07 07:08:56', '2022-09-07 07:08:56'),
(1790, 31, 2, NULL, '2022-09-07 07:16:09', '2022-09-07 07:16:09'),
(1791, 9, 1, NULL, '2022-09-07 08:03:08', '2022-09-07 08:03:08'),
(1792, 50, 1, NULL, '2022-09-07 08:28:30', '2022-09-07 08:28:30'),
(1793, 41, 2, NULL, '2022-09-07 08:35:33', '2022-09-07 08:35:33'),
(1794, 30, 1, NULL, '2022-09-07 08:39:39', '2022-09-07 08:39:39'),
(1795, 34, 1, NULL, '2022-09-07 08:50:07', '2022-09-07 08:50:07'),
(1796, 30, 2, NULL, '2022-09-07 08:52:06', '2022-09-07 08:52:06'),
(1797, 66, 1, NULL, '2022-09-07 09:08:04', '2022-09-07 09:08:04'),
(1798, 37, 2, NULL, '2022-09-07 09:08:54', '2022-09-07 09:08:54'),
(1799, 18, 1, NULL, '2022-09-07 09:10:52', '2022-09-07 09:10:52'),
(1800, 43, 1, NULL, '2022-09-07 09:37:30', '2022-09-07 09:37:30'),
(1801, 54, 1, NULL, '2022-09-07 09:40:48', '2022-09-07 09:40:48'),
(1802, 62, 1, NULL, '2022-09-07 09:46:40', '2022-09-07 09:46:40'),
(1803, 22, 1, NULL, '2022-09-07 09:55:52', '2022-09-07 09:55:52'),
(1804, 30, 1, NULL, '2022-09-07 09:55:55', '2022-09-07 09:55:55'),
(1805, 30, 2, NULL, '2022-09-07 09:59:50', '2022-09-07 09:59:50'),
(1806, 18, 2, NULL, '2022-09-07 10:17:45', '2022-09-07 10:17:45'),
(1807, 69, 1, NULL, '2022-09-07 10:18:20', '2022-09-07 10:18:20'),
(1808, 18, 1, NULL, '2022-09-07 10:19:06', '2022-09-07 10:19:06'),
(1809, 62, 2, NULL, '2022-09-07 10:21:55', '2022-09-07 10:21:55'),
(1810, 62, 1, NULL, '2022-09-07 10:22:05', '2022-09-07 10:22:05'),
(1811, 37, 1, NULL, '2022-09-07 10:25:33', '2022-09-07 10:25:33'),
(1812, 5, 1, NULL, '2022-09-07 10:41:19', '2022-09-07 10:41:19'),
(1813, 69, 2, NULL, '2022-09-07 10:54:53', '2022-09-07 10:54:53'),
(1814, 35, 2, NULL, '2022-09-07 11:02:56', '2022-09-07 11:02:56'),
(1815, 43, 2, NULL, '2022-09-07 11:02:59', '2022-09-07 11:02:59'),
(1816, 38, 2, NULL, '2022-09-07 11:03:17', '2022-09-07 11:03:17'),
(1817, 37, 2, NULL, '2022-09-07 11:08:00', '2022-09-07 11:08:00'),
(1818, 54, 2, NULL, '2022-09-07 11:28:02', '2022-09-07 11:28:02'),
(1819, 38, 1, NULL, '2022-09-08 02:28:07', '2022-09-08 02:28:07'),
(1820, 39, 1, NULL, '2022-09-08 03:03:29', '2022-09-08 03:03:29'),
(1821, 41, 1, NULL, '2022-09-08 03:07:13', '2022-09-08 03:07:13'),
(1822, 55, 1, NULL, '2022-09-08 03:12:46', '2022-09-08 03:12:46'),
(1823, 36, 1, NULL, '2022-09-08 03:13:45', '2022-09-08 03:13:45'),
(1824, 40, 1, NULL, '2022-09-08 03:15:38', '2022-09-08 03:15:38'),
(1825, 69, 1, NULL, '2022-09-08 03:18:15', '2022-09-08 03:18:15'),
(1826, 5, 1, NULL, '2022-09-08 03:19:36', '2022-09-08 03:19:36'),
(1827, 49, 1, NULL, '2022-09-08 03:19:51', '2022-09-08 03:19:51'),
(1828, 22, 1, NULL, '2022-09-08 03:32:44', '2022-09-08 03:32:44'),
(1829, 52, 1, NULL, '2022-09-08 03:37:14', '2022-09-08 03:37:14'),
(1830, 55, 1, NULL, '2022-09-08 03:38:05', '2022-09-08 03:38:05'),
(1831, 31, 1, NULL, '2022-09-08 03:40:55', '2022-09-08 03:40:55'),
(1832, 22, 2, NULL, '2022-09-08 03:44:24', '2022-09-08 03:44:24'),
(1833, 34, 1, NULL, '2022-09-08 03:46:56', '2022-09-08 03:46:56'),
(1834, 42, 1, NULL, '2022-09-08 04:00:55', '2022-09-08 04:00:55'),
(1835, 43, 1, NULL, '2022-09-08 04:06:29', '2022-09-08 04:06:29'),
(1836, 13, 1, NULL, '2022-09-08 04:08:17', '2022-09-08 04:08:17'),
(1837, 35, 1, NULL, '2022-09-08 04:12:19', '2022-09-08 04:12:19'),
(1838, 37, 1, NULL, '2022-09-08 04:15:03', '2022-09-08 04:15:03'),
(1839, 1, 1, NULL, '2022-09-08 04:22:59', '2022-09-08 04:22:59'),
(1840, 67, 1, NULL, '2022-09-08 04:36:18', '2022-09-08 04:36:18'),
(1841, 53, 1, NULL, '2022-09-08 04:52:17', '2022-09-08 04:52:17'),
(1842, 32, 1, NULL, '2022-09-08 05:25:19', '2022-09-08 05:25:19'),
(1843, 32, 2, NULL, '2022-09-08 05:27:06', '2022-09-08 05:27:06'),
(1844, 31, 2, NULL, '2022-09-08 05:30:14', '2022-09-08 05:30:14'),
(1845, 52, 2, NULL, '2022-09-08 05:34:53', '2022-09-08 05:34:53'),
(1846, 52, 1, NULL, '2022-09-08 05:35:07', '2022-09-08 05:35:07'),
(1847, 62, 1, NULL, '2022-09-08 05:37:50', '2022-09-08 05:37:50'),
(1848, 52, 2, NULL, '2022-09-08 05:43:30', '2022-09-08 05:43:30'),
(1849, 52, 1, NULL, '2022-09-08 05:43:33', '2022-09-08 05:43:33'),
(1850, 13, 2, NULL, '2022-09-08 05:50:54', '2022-09-08 05:50:54'),
(1851, 29, 1, NULL, '2022-09-08 06:04:43', '2022-09-08 06:04:43'),
(1852, 1, 4, 71, '2022-09-08 06:12:09', '2022-09-08 06:12:09'),
(1853, 1, 4, 72, '2022-09-08 06:13:19', '2022-09-08 06:13:19'),
(1854, 54, 1, NULL, '2022-09-08 06:18:39', '2022-09-08 06:18:39'),
(1855, 65, 1, NULL, '2022-09-08 06:29:52', '2022-09-08 06:29:52'),
(1856, 64, 1, NULL, '2022-09-08 06:33:56', '2022-09-08 06:33:56'),
(1857, 64, 2, NULL, '2022-09-08 06:35:57', '2022-09-08 06:35:57'),
(1858, 31, 1, NULL, '2022-09-08 06:39:35', '2022-09-08 06:39:35'),
(1859, 52, 2, NULL, '2022-09-08 06:42:13', '2022-09-08 06:42:13'),
(1860, 31, 2, NULL, '2022-09-08 06:43:11', '2022-09-08 06:43:11'),
(1861, 51, 1, NULL, '2022-09-08 06:50:27', '2022-09-08 06:50:27'),
(1862, 51, 2, NULL, '2022-09-08 06:51:54', '2022-09-08 06:51:54'),
(1863, 57, 1, NULL, '2022-09-08 06:54:24', '2022-09-08 06:54:24'),
(1864, 22, 1, NULL, '2022-09-08 06:58:52', '2022-09-08 06:58:52'),
(1865, 55, 1, NULL, '2022-09-08 07:06:13', '2022-09-08 07:06:13'),
(1866, 24, 1, NULL, '2022-09-08 07:17:09', '2022-09-08 07:17:09'),
(1867, 1, 2, NULL, '2022-09-08 07:21:27', '2022-09-08 07:21:27'),
(1868, 54, 1, NULL, '2022-09-08 08:24:35', '2022-09-08 08:24:35'),
(1869, 65, 1, NULL, '2022-09-08 08:34:49', '2022-09-08 08:34:49'),
(1870, 49, 1, NULL, '2022-09-08 08:50:34', '2022-09-08 08:50:34'),
(1871, 64, 1, NULL, '2022-09-08 08:52:41', '2022-09-08 08:52:41'),
(1872, 64, 2, NULL, '2022-09-08 08:54:47', '2022-09-08 08:54:47'),
(1873, 34, 1, NULL, '2022-09-08 08:56:44', '2022-09-08 08:56:44'),
(1874, 59, 1, NULL, '2022-09-08 09:30:14', '2022-09-08 09:30:14'),
(1875, 59, 2, NULL, '2022-09-08 09:31:53', '2022-09-08 09:31:53'),
(1876, 52, 1, NULL, '2022-09-08 09:33:01', '2022-09-08 09:33:01'),
(1877, 31, 1, NULL, '2022-09-08 09:34:11', '2022-09-08 09:34:11'),
(1878, 43, 1, NULL, '2022-09-08 09:35:12', '2022-09-08 09:35:12'),
(1879, 10, 1, NULL, '2022-09-08 09:35:56', '2022-09-08 09:35:56'),
(1880, 57, 1, NULL, '2022-09-08 09:37:07', '2022-09-08 09:37:07'),
(1881, 53, 1, NULL, '2022-09-08 09:47:52', '2022-09-08 09:47:52'),
(1882, 43, 2, NULL, '2022-09-08 09:48:20', '2022-09-08 09:48:20'),
(1883, 9, 1, NULL, '2022-09-08 09:55:28', '2022-09-08 09:55:28'),
(1884, 59, 1, NULL, '2022-09-08 10:00:06', '2022-09-08 10:00:06'),
(1885, 59, 2, NULL, '2022-09-08 10:00:27', '2022-09-08 10:00:27'),
(1886, 41, 1, NULL, '2022-09-08 10:29:53', '2022-09-08 10:29:53'),
(1887, 38, 2, NULL, '2022-09-08 10:52:47', '2022-09-08 10:52:47'),
(1888, 35, 2, NULL, '2022-09-08 10:56:44', '2022-09-08 10:56:44'),
(1889, 52, 2, NULL, '2022-09-08 10:59:19', '2022-09-08 10:59:19'),
(1890, 37, 2, NULL, '2022-09-08 11:05:43', '2022-09-08 11:05:43'),
(1891, 62, 1, NULL, '2022-09-08 11:11:12', '2022-09-08 11:11:12'),
(1892, 29, 1, NULL, '2022-09-08 11:12:16', '2022-09-08 11:12:16'),
(1893, 29, 2, NULL, '2022-09-08 11:13:58', '2022-09-08 11:13:58'),
(1894, 65, 1, NULL, '2022-09-08 11:31:37', '2022-09-08 11:31:37'),
(1895, 65, 2, NULL, '2022-09-08 11:33:06', '2022-09-08 11:33:06'),
(1896, 10, 2, NULL, '2022-09-08 12:01:51', '2022-09-08 12:01:51'),
(1897, 38, 1, NULL, '2022-09-11 02:22:56', '2022-09-11 02:22:56'),
(1898, 31, 1, NULL, '2022-09-11 02:42:57', '2022-09-11 02:42:57'),
(1899, 41, 1, NULL, '2022-09-11 02:51:36', '2022-09-11 02:51:36'),
(1900, 22, 1, NULL, '2022-09-11 03:05:42', '2022-09-11 03:05:42'),
(1901, 10, 1, NULL, '2022-09-11 03:10:01', '2022-09-11 03:10:01'),
(1902, 39, 1, NULL, '2022-09-11 03:10:23', '2022-09-11 03:10:23'),
(1903, 69, 1, NULL, '2022-09-11 03:13:19', '2022-09-11 03:13:19'),
(1904, 36, 1, NULL, '2022-09-11 03:13:55', '2022-09-11 03:13:55'),
(1905, 14, 1, NULL, '2022-09-11 03:21:10', '2022-09-11 03:21:10'),
(1906, 65, 1, NULL, '2022-09-11 03:28:32', '2022-09-11 03:28:32'),
(1907, 9, 1, NULL, '2022-09-11 03:28:43', '2022-09-11 03:28:43'),
(1908, 35, 1, NULL, '2022-09-11 03:29:42', '2022-09-11 03:29:42'),
(1909, 60, 1, NULL, '2022-09-11 03:29:52', '2022-09-11 03:29:52'),
(1910, 60, 2, NULL, '2022-09-11 03:38:08', '2022-09-11 03:38:08'),
(1911, 65, 2, NULL, '2022-09-11 03:44:39', '2022-09-11 03:44:39'),
(1912, 66, 1, NULL, '2022-09-11 03:45:37', '2022-09-11 03:45:37'),
(1913, 53, 1, NULL, '2022-09-11 03:48:04', '2022-09-11 03:48:04'),
(1914, 49, 1, NULL, '2022-09-11 03:48:07', '2022-09-11 03:48:07'),
(1915, 60, 1, NULL, '2022-09-11 04:15:00', '2022-09-11 04:15:00'),
(1916, 60, 2, NULL, '2022-09-11 04:15:22', '2022-09-11 04:15:22'),
(1917, 34, 1, NULL, '2022-09-11 04:25:16', '2022-09-11 04:25:16'),
(1918, 37, 1, NULL, '2022-09-11 04:51:56', '2022-09-11 04:51:56'),
(1919, 6, 1, NULL, '2022-09-11 04:58:08', '2022-09-11 04:58:08'),
(1920, 14, 1, NULL, '2022-09-11 05:13:41', '2022-09-11 05:13:41'),
(1921, 14, 1, NULL, '2022-09-11 05:14:59', '2022-09-11 05:14:59'),
(1922, 18, 1, NULL, '2022-09-11 05:22:47', '2022-09-11 05:22:47'),
(1923, 14, 1, NULL, '2022-09-11 05:36:44', '2022-09-11 05:36:44'),
(1924, 57, 1, NULL, '2022-09-11 05:37:32', '2022-09-11 05:37:32'),
(1925, 43, 1, NULL, '2022-09-11 05:40:00', '2022-09-11 05:40:00'),
(1926, 60, 1, NULL, '2022-09-11 05:40:34', '2022-09-11 05:40:34'),
(1927, 60, 2, NULL, '2022-09-11 05:41:49', '2022-09-11 05:41:49'),
(1928, 65, 1, NULL, '2022-09-11 05:53:14', '2022-09-11 05:53:14'),
(1929, 60, 1, NULL, '2022-09-11 06:00:49', '2022-09-11 06:00:49'),
(1930, 60, 2, NULL, '2022-09-11 06:01:35', '2022-09-11 06:01:35'),
(1931, 49, 1, NULL, '2022-09-11 06:07:11', '2022-09-11 06:07:11'),
(1932, 54, 1, NULL, '2022-09-11 06:10:41', '2022-09-11 06:10:41'),
(1933, 10, 1, NULL, '2022-09-11 06:18:12', '2022-09-11 06:18:12'),
(1934, 57, 3, NULL, '2022-09-11 06:41:10', '2022-09-11 06:41:10'),
(1935, 41, 1, NULL, '2022-09-11 06:47:23', '2022-09-11 06:47:23'),
(1936, 60, 1, NULL, '2022-09-11 06:51:41', '2022-09-11 06:51:41'),
(1937, 10, 2, NULL, '2022-09-11 06:52:07', '2022-09-11 06:52:07'),
(1938, 10, 1, NULL, '2022-09-11 06:52:22', '2022-09-11 06:52:22'),
(1939, 60, 2, NULL, '2022-09-11 06:53:26', '2022-09-11 06:53:26'),
(1940, 60, 1, NULL, '2022-09-11 06:59:18', '2022-09-11 06:59:18'),
(1941, 14, 2, NULL, '2022-09-11 07:05:31', '2022-09-11 07:05:31'),
(1942, 18, 1, NULL, '2022-09-11 07:14:34', '2022-09-11 07:14:34'),
(1943, 60, 2, NULL, '2022-09-11 07:24:22', '2022-09-11 07:24:22'),
(1944, 62, 1, NULL, '2022-09-11 07:29:33', '2022-09-11 07:29:33'),
(1945, 30, 1, NULL, '2022-09-11 07:34:30', '2022-09-11 07:34:30'),
(1946, 53, 1, NULL, '2022-09-11 07:35:56', '2022-09-11 07:35:56'),
(1947, 50, 1, NULL, '2022-09-11 08:22:42', '2022-09-11 08:22:42'),
(1948, 22, 1, NULL, '2022-09-11 08:43:45', '2022-09-11 08:43:45'),
(1949, 49, 1, NULL, '2022-09-11 08:48:55', '2022-09-11 08:48:55'),
(1950, 10, 2, NULL, '2022-09-11 09:15:00', '2022-09-11 09:15:00'),
(1951, 49, 2, NULL, '2022-09-11 09:18:04', '2022-09-11 09:18:04'),
(1952, 49, 1, NULL, '2022-09-11 09:18:13', '2022-09-11 09:18:13'),
(1953, 41, 1, NULL, '2022-09-11 09:25:08', '2022-09-11 09:25:08'),
(1954, 23, 1, NULL, '2022-09-11 09:26:45', '2022-09-11 09:26:45'),
(1955, 63, 1, NULL, '2022-09-11 09:33:20', '2022-09-11 09:33:20'),
(1956, 18, 2, NULL, '2022-09-11 09:33:48', '2022-09-11 09:33:48'),
(1957, 14, 1, NULL, '2022-09-11 09:37:25', '2022-09-11 09:37:25'),
(1958, 6, 1, NULL, '2022-09-11 09:41:19', '2022-09-11 09:41:19'),
(1959, 18, 1, NULL, '2022-09-11 09:49:21', '2022-09-11 09:49:21'),
(1960, 62, 1, NULL, '2022-09-11 09:54:59', '2022-09-11 09:54:59'),
(1961, 54, 1, NULL, '2022-09-11 09:55:52', '2022-09-11 09:55:52'),
(1962, 69, 1, NULL, '2022-09-11 09:56:05', '2022-09-11 09:56:05'),
(1963, 14, 1, NULL, '2022-09-11 10:07:28', '2022-09-11 10:07:28'),
(1964, 63, 2, NULL, '2022-09-11 10:11:39', '2022-09-11 10:11:39'),
(1965, 9, 1, NULL, '2022-09-11 10:20:00', '2022-09-11 10:20:00'),
(1966, 31, 1, NULL, '2022-09-11 10:32:16', '2022-09-11 10:32:16'),
(1967, 65, 1, NULL, '2022-09-11 10:38:07', '2022-09-11 10:38:07'),
(1968, 65, 2, NULL, '2022-09-11 10:41:40', '2022-09-11 10:41:40'),
(1969, 31, 2, NULL, '2022-09-11 10:48:47', '2022-09-11 10:48:47'),
(1970, 31, 1, NULL, '2022-09-11 10:49:28', '2022-09-11 10:49:28'),
(1971, 31, 2, NULL, '2022-09-11 10:53:35', '2022-09-11 10:53:35'),
(1972, 38, 2, NULL, '2022-09-11 10:57:52', '2022-09-11 10:57:52'),
(1973, 63, 1, NULL, '2022-09-11 10:58:38', '2022-09-11 10:58:38'),
(1974, 69, 2, NULL, '2022-09-11 11:00:08', '2022-09-11 11:00:08'),
(1975, 41, 2, NULL, '2022-09-11 11:01:22', '2022-09-11 11:01:22'),
(1976, 41, 1, NULL, '2022-09-11 11:01:32', '2022-09-11 11:01:32'),
(1977, 41, 2, NULL, '2022-09-11 11:01:57', '2022-09-11 11:01:57'),
(1978, 37, 2, NULL, '2022-09-11 11:11:42', '2022-09-11 11:11:42'),
(1979, 50, 2, NULL, '2022-09-11 11:16:45', '2022-09-11 11:16:45'),
(1980, 57, 1, NULL, '2022-09-11 11:18:39', '2022-09-11 11:18:39'),
(1981, 43, 1, NULL, '2022-09-11 11:32:52', '2022-09-11 11:32:52'),
(1982, 65, 1, NULL, '2022-09-12 02:54:32', '2022-09-12 02:54:32'),
(1983, 37, 1, NULL, '2022-09-12 03:01:14', '2022-09-12 03:01:14'),
(1984, 42, 1, NULL, '2022-09-12 03:05:48', '2022-09-12 03:05:48'),
(1985, 38, 1, NULL, '2022-09-12 03:09:25', '2022-09-12 03:09:25'),
(1986, 9, 1, NULL, '2022-09-12 03:10:02', '2022-09-12 03:10:02'),
(1987, 35, 1, NULL, '2022-09-12 03:12:18', '2022-09-12 03:12:18'),
(1988, 34, 1, NULL, '2022-09-12 03:14:02', '2022-09-12 03:14:02'),
(1989, 49, 1, NULL, '2022-09-12 03:15:22', '2022-09-12 03:15:22'),
(1990, 39, 1, NULL, '2022-09-12 03:17:18', '2022-09-12 03:17:18'),
(1991, 36, 1, NULL, '2022-09-12 03:17:24', '2022-09-12 03:17:24'),
(1992, 22, 1, NULL, '2022-09-12 03:17:35', '2022-09-12 03:17:35'),
(1993, 62, 1, NULL, '2022-09-12 03:20:48', '2022-09-12 03:20:48'),
(1994, 18, 1, NULL, '2022-09-12 03:21:21', '2022-09-12 03:21:21'),
(1995, 40, 1, NULL, '2022-09-12 03:34:22', '2022-09-12 03:34:22'),
(1996, 5, 1, NULL, '2022-09-12 03:35:30', '2022-09-12 03:35:30'),
(1997, 41, 1, NULL, '2022-09-12 03:47:53', '2022-09-12 03:47:53'),
(1998, 48, 1, NULL, '2022-09-12 03:48:19', '2022-09-12 03:48:19'),
(1999, 24, 1, NULL, '2022-09-12 03:48:31', '2022-09-12 03:48:31'),
(2000, 51, 1, NULL, '2022-09-12 03:56:50', '2022-09-12 03:56:50'),
(2001, 54, 1, NULL, '2022-09-12 04:29:32', '2022-09-12 04:29:32'),
(2002, 69, 1, NULL, '2022-09-12 04:37:28', '2022-09-12 04:37:28'),
(2003, 30, 1, NULL, '2022-09-12 04:49:10', '2022-09-12 04:49:10'),
(2004, 37, 1, NULL, '2022-09-12 05:17:39', '2022-09-12 05:17:39'),
(2005, 30, 2, NULL, '2022-09-12 05:21:03', '2022-09-12 05:21:03'),
(2006, 29, 1, NULL, '2022-09-12 05:26:45', '2022-09-12 05:26:45'),
(2007, 57, 1, NULL, '2022-09-12 05:41:00', '2022-09-12 05:41:00'),
(2008, 37, 2, NULL, '2022-09-12 05:50:16', '2022-09-12 05:50:16'),
(2009, 37, 1, NULL, '2022-09-12 05:51:21', '2022-09-12 05:51:21'),
(2010, 22, 1, NULL, '2022-09-12 06:11:17', '2022-09-12 06:11:17'),
(2011, 54, 1, NULL, '2022-09-12 06:39:03', '2022-09-12 06:39:03'),
(2012, 22, 2, NULL, '2022-09-12 06:41:40', '2022-09-12 06:41:40'),
(2013, 49, 1, NULL, '2022-09-12 06:47:20', '2022-09-12 06:47:20'),
(2014, 69, 1, NULL, '2022-09-12 06:52:44', '2022-09-12 06:52:44'),
(2015, 63, 1, NULL, '2022-09-12 06:57:51', '2022-09-12 06:57:51'),
(2016, 18, 1, NULL, '2022-09-12 07:05:12', '2022-09-12 07:05:12'),
(2017, 41, 1, NULL, '2022-09-12 07:11:33', '2022-09-12 07:11:33'),
(2018, 22, 1, NULL, '2022-09-12 07:13:26', '2022-09-12 07:13:26'),
(2019, 14, 1, NULL, '2022-09-12 07:23:43', '2022-09-12 07:23:43'),
(2020, 55, 1, NULL, '2022-09-12 07:26:34', '2022-09-12 07:26:34'),
(2021, 9, 1, NULL, '2022-09-12 07:39:25', '2022-09-12 07:39:25'),
(2022, 65, 1, NULL, '2022-09-12 07:45:14', '2022-09-12 07:45:14'),
(2023, 65, 2, NULL, '2022-09-12 07:45:36', '2022-09-12 07:45:36'),
(2024, 49, 2, NULL, '2022-09-12 08:10:09', '2022-09-12 08:10:09'),
(2025, 49, 1, NULL, '2022-09-12 08:10:36', '2022-09-12 08:10:36'),
(2026, 31, 1, NULL, '2022-09-12 08:13:37', '2022-09-12 08:13:37'),
(2027, 22, 1, NULL, '2022-09-12 08:15:33', '2022-09-12 08:15:33'),
(2028, 43, 1, NULL, '2022-09-12 08:16:09', '2022-09-12 08:16:09'),
(2029, 22, 2, NULL, '2022-09-12 08:22:18', '2022-09-12 08:22:18'),
(2030, 64, 1, NULL, '2022-09-12 08:45:10', '2022-09-12 08:45:10'),
(2031, 63, 2, NULL, '2022-09-12 08:50:55', '2022-09-12 08:50:55'),
(2032, 49, 2, NULL, '2022-09-12 09:05:04', '2022-09-12 09:05:04'),
(2033, 49, 1, NULL, '2022-09-12 09:05:24', '2022-09-12 09:05:24'),
(2034, 50, 1, NULL, '2022-09-12 09:11:12', '2022-09-12 09:11:12'),
(2035, 5, 1, NULL, '2022-09-12 09:11:37', '2022-09-12 09:11:37'),
(2036, 14, 2, NULL, '2022-09-12 09:23:26', '2022-09-12 09:23:26'),
(2037, 67, 1, NULL, '2022-09-12 09:32:08', '2022-09-12 09:32:08'),
(2038, 18, 1, NULL, '2022-09-12 09:32:48', '2022-09-12 09:32:48'),
(2039, 64, 1, NULL, '2022-09-12 09:33:10', '2022-09-12 09:33:10'),
(2040, 64, 2, NULL, '2022-09-12 09:36:40', '2022-09-12 09:36:40'),
(2041, 6, 1, NULL, '2022-09-12 09:37:05', '2022-09-12 09:37:05'),
(2042, 64, 2, NULL, '2022-09-12 09:38:31', '2022-09-12 09:38:31'),
(2043, 62, 1, NULL, '2022-09-12 09:40:29', '2022-09-12 09:40:29'),
(2044, 69, 1, NULL, '2022-09-12 10:27:30', '2022-09-12 10:27:30'),
(2045, 53, 1, NULL, '2022-09-12 10:30:15', '2022-09-12 10:30:15'),
(2046, 69, 2, NULL, '2022-09-12 10:52:56', '2022-09-12 10:52:56'),
(2047, 38, 2, NULL, '2022-09-12 10:55:30', '2022-09-12 10:55:30'),
(2048, 35, 2, NULL, '2022-09-12 11:01:39', '2022-09-12 11:01:39'),
(2049, 37, 2, NULL, '2022-09-12 11:04:21', '2022-09-12 11:04:21'),
(2050, 9, 1, NULL, '2022-09-12 11:19:36', '2022-09-12 11:19:36'),
(2051, 38, 1, NULL, '2022-09-13 03:00:04', '2022-09-13 03:00:04'),
(2052, 6, 1, NULL, '2022-09-13 03:03:59', '2022-09-13 03:03:59'),
(2053, 5, 1, NULL, '2022-09-13 03:06:05', '2022-09-13 03:06:05'),
(2054, 40, 1, NULL, '2022-09-13 03:07:17', '2022-09-13 03:07:17'),
(2055, 36, 1, NULL, '2022-09-13 03:10:14', '2022-09-13 03:10:14'),
(2056, 14, 1, NULL, '2022-09-13 03:10:33', '2022-09-13 03:10:33'),
(2057, 18, 1, NULL, '2022-09-13 03:11:41', '2022-09-13 03:11:41'),
(2058, 69, 1, NULL, '2022-09-13 03:17:23', '2022-09-13 03:17:23'),
(2059, 49, 1, NULL, '2022-09-13 03:20:32', '2022-09-13 03:20:32'),
(2060, 53, 1, NULL, '2022-09-13 03:29:17', '2022-09-13 03:29:17'),
(2061, 45, 1, NULL, '2022-09-13 03:32:22', '2022-09-13 03:32:22'),
(2062, 39, 1, NULL, '2022-09-13 03:33:53', '2022-09-13 03:33:53'),
(2063, 37, 1, NULL, '2022-09-13 03:39:15', '2022-09-13 03:39:15'),
(2064, 35, 1, NULL, '2022-09-13 03:39:22', '2022-09-13 03:39:22'),
(2065, 9, 1, NULL, '2022-09-13 04:00:59', '2022-09-13 04:00:59'),
(2066, 42, 1, NULL, '2022-09-13 04:14:02', '2022-09-13 04:14:02'),
(2067, 65, 1, NULL, '2022-09-13 04:14:28', '2022-09-13 04:14:28'),
(2068, 30, 1, NULL, '2022-09-13 04:28:06', '2022-09-13 04:28:06'),
(2069, 34, 1, NULL, '2022-09-13 04:33:25', '2022-09-13 04:33:25'),
(2070, 10, 1, NULL, '2022-09-13 04:33:52', '2022-09-13 04:33:52'),
(2071, 49, 2, NULL, '2022-09-13 04:34:21', '2022-09-13 04:34:21'),
(2072, 49, 1, NULL, '2022-09-13 04:37:35', '2022-09-13 04:37:35'),
(2073, 54, 1, NULL, '2022-09-13 04:46:44', '2022-09-13 04:46:44'),
(2074, 41, 1, NULL, '2022-09-13 04:53:37', '2022-09-13 04:53:37'),
(2075, 49, 2, NULL, '2022-09-13 05:11:11', '2022-09-13 05:11:11'),
(2076, 49, 1, NULL, '2022-09-13 05:11:21', '2022-09-13 05:11:21'),
(2077, 48, 1, NULL, '2022-09-13 05:20:30', '2022-09-13 05:20:30'),
(2078, 57, 1, NULL, '2022-09-13 05:22:42', '2022-09-13 05:22:42'),
(2079, 31, 1, NULL, '2022-09-13 05:25:41', '2022-09-13 05:25:41'),
(2080, 43, 1, NULL, '2022-09-13 05:46:24', '2022-09-13 05:46:24'),
(2081, 31, 2, NULL, '2022-09-13 05:50:22', '2022-09-13 05:50:22'),
(2082, 45, 1, NULL, '2022-09-13 06:13:39', '2022-09-13 06:13:39'),
(2083, 60, 1, NULL, '2022-09-13 06:17:50', '2022-09-13 06:17:50'),
(2084, 42, 1, NULL, '2022-09-13 06:21:25', '2022-09-13 06:21:25'),
(2085, 30, 2, NULL, '2022-09-13 06:30:29', '2022-09-13 06:30:29'),
(2086, 64, 1, NULL, '2022-09-13 06:34:31', '2022-09-13 06:34:31'),
(2087, 64, 2, NULL, '2022-09-13 06:35:58', '2022-09-13 06:35:58'),
(2088, 64, 1, NULL, '2022-09-13 06:41:05', '2022-09-13 06:41:05'),
(2089, 64, 2, NULL, '2022-09-13 06:43:31', '2022-09-13 06:43:31'),
(2090, 18, 1, NULL, '2022-09-13 06:54:06', '2022-09-13 06:54:06'),
(2091, 9, 1, NULL, '2022-09-13 06:59:40', '2022-09-13 06:59:40'),
(2092, 13, 1, NULL, '2022-09-13 07:01:18', '2022-09-13 07:01:18'),
(2093, 65, 1, NULL, '2022-09-13 07:25:50', '2022-09-13 07:25:50'),
(2094, 55, 1, NULL, '2022-09-13 07:37:40', '2022-09-13 07:37:40'),
(2095, 29, 1, NULL, '2022-09-13 08:02:59', '2022-09-13 08:02:59'),
(2096, 43, 1, NULL, '2022-09-13 08:29:31', '2022-09-13 08:29:31'),
(2097, 60, 1, NULL, '2022-09-13 08:37:05', '2022-09-13 08:37:05'),
(2098, 60, 2, NULL, '2022-09-13 08:37:47', '2022-09-13 08:37:47'),
(2099, 49, 1, NULL, '2022-09-13 08:50:25', '2022-09-13 08:50:25'),
(2100, 30, 1, NULL, '2022-09-13 08:55:00', '2022-09-13 08:55:00'),
(2101, 6, 1, NULL, '2022-09-13 09:09:20', '2022-09-13 09:09:20'),
(2102, 14, 1, NULL, '2022-09-13 09:10:00', '2022-09-13 09:10:00'),
(2103, 59, 1, NULL, '2022-09-13 09:23:40', '2022-09-13 09:23:40'),
(2104, 41, 1, NULL, '2022-09-13 09:24:41', '2022-09-13 09:24:41'),
(2105, 59, 2, NULL, '2022-09-13 09:26:37', '2022-09-13 09:26:37'),
(2106, 23, 1, NULL, '2022-09-13 09:37:06', '2022-09-13 09:37:06'),
(2107, 30, 2, NULL, '2022-09-13 09:44:16', '2022-09-13 09:44:16'),
(2108, 9, 1, NULL, '2022-09-13 10:09:25', '2022-09-13 10:09:25'),
(2109, 31, 1, NULL, '2022-09-13 10:09:44', '2022-09-13 10:09:44'),
(2110, 69, 1, NULL, '2022-09-13 10:10:45', '2022-09-13 10:10:45'),
(2111, 5, 1, NULL, '2022-09-13 10:33:35', '2022-09-13 10:33:35'),
(2112, 59, 1, NULL, '2022-09-13 10:34:37', '2022-09-13 10:34:37'),
(2113, 59, 2, NULL, '2022-09-13 10:35:03', '2022-09-13 10:35:03'),
(2114, 65, 1, NULL, '2022-09-13 10:46:42', '2022-09-13 10:46:42'),
(2115, 65, 2, NULL, '2022-09-13 10:50:57', '2022-09-13 10:50:57'),
(2116, 57, 1, NULL, '2022-09-13 10:56:28', '2022-09-13 10:56:28'),
(2117, 34, 1, NULL, '2022-09-13 10:58:40', '2022-09-13 10:58:40'),
(2118, 38, 2, NULL, '2022-09-13 11:01:14', '2022-09-13 11:01:14'),
(2119, 69, 2, NULL, '2022-09-13 11:03:01', '2022-09-13 11:03:01'),
(2120, 41, 2, NULL, '2022-09-13 11:03:22', '2022-09-13 11:03:22'),
(2121, 37, 2, NULL, '2022-09-13 11:06:34', '2022-09-13 11:06:34'),
(2122, 43, 1, NULL, '2022-09-13 11:24:07', '2022-09-13 11:24:07'),
(2123, 38, 1, NULL, '2022-09-14 02:36:26', '2022-09-14 02:36:26'),
(2124, 35, 1, NULL, '2022-09-14 02:40:09', '2022-09-14 02:40:09'),
(2125, 65, 1, NULL, '2022-09-14 03:01:15', '2022-09-14 03:01:15'),
(2126, 36, 1, NULL, '2022-09-14 03:02:47', '2022-09-14 03:02:47'),
(2127, 35, 2, NULL, '2022-09-14 03:02:57', '2022-09-14 03:02:57'),
(2128, 35, 1, NULL, '2022-09-14 03:02:59', '2022-09-14 03:02:59'),
(2129, 65, 2, NULL, '2022-09-14 03:03:08', '2022-09-14 03:03:08'),
(2130, 22, 1, NULL, '2022-09-14 03:15:01', '2022-09-14 03:15:01'),
(2131, 69, 1, NULL, '2022-09-14 03:17:54', '2022-09-14 03:17:54'),
(2132, 49, 1, NULL, '2022-09-14 03:18:03', '2022-09-14 03:18:03'),
(2133, 59, 1, NULL, '2022-09-14 03:19:13', '2022-09-14 03:19:13'),
(2134, 59, 2, NULL, '2022-09-14 03:19:43', '2022-09-14 03:19:43'),
(2135, 40, 1, NULL, '2022-09-14 03:32:59', '2022-09-14 03:32:59'),
(2136, 39, 1, NULL, '2022-09-14 03:33:36', '2022-09-14 03:33:36'),
(2137, 10, 1, NULL, '2022-09-14 03:38:03', '2022-09-14 03:38:03'),
(2138, 60, 1, NULL, '2022-09-14 03:52:18', '2022-09-14 03:52:18'),
(2139, 60, 2, NULL, '2022-09-14 03:53:08', '2022-09-14 03:53:08'),
(2140, 42, 1, NULL, '2022-09-14 04:09:10', '2022-09-14 04:09:10'),
(2141, 41, 1, NULL, '2022-09-14 04:09:53', '2022-09-14 04:09:53'),
(2142, 59, 1, NULL, '2022-09-14 04:12:43', '2022-09-14 04:12:43'),
(2143, 59, 2, NULL, '2022-09-14 04:13:16', '2022-09-14 04:13:16'),
(2144, 34, 1, NULL, '2022-09-14 04:14:33', '2022-09-14 04:14:33'),
(2145, 37, 1, NULL, '2022-09-14 04:20:39', '2022-09-14 04:20:39'),
(2146, 59, 1, NULL, '2022-09-14 04:28:24', '2022-09-14 04:28:24'),
(2147, 43, 1, NULL, '2022-09-14 04:31:43', '2022-09-14 04:31:43'),
(2148, 59, 2, NULL, '2022-09-14 04:33:24', '2022-09-14 04:33:24'),
(2149, 67, 1, NULL, '2022-09-14 04:38:58', '2022-09-14 04:38:58'),
(2150, 67, 2, NULL, '2022-09-14 04:50:12', '2022-09-14 04:50:12'),
(2151, 45, 1, NULL, '2022-09-14 04:52:47', '2022-09-14 04:52:47'),
(2152, 9, 1, NULL, '2022-09-14 04:55:42', '2022-09-14 04:55:42'),
(2153, 24, 1, NULL, '2022-09-14 04:57:30', '2022-09-14 04:57:30'),
(2154, 67, 1, NULL, '2022-09-14 04:58:22', '2022-09-14 04:58:22'),
(2155, 52, 1, NULL, '2022-09-14 05:14:12', '2022-09-14 05:14:12'),
(2156, 69, 1, NULL, '2022-09-14 05:19:44', '2022-09-14 05:19:44'),
(2157, 59, 1, NULL, '2022-09-14 05:20:06', '2022-09-14 05:20:06'),
(2158, 55, 1, NULL, '2022-09-14 05:20:27', '2022-09-14 05:20:27'),
(2159, 59, 2, NULL, '2022-09-14 05:21:05', '2022-09-14 05:21:05'),
(2160, 6, 1, NULL, '2022-09-14 05:23:26', '2022-09-14 05:23:26'),
(2161, 53, 1, NULL, '2022-09-14 05:30:44', '2022-09-14 05:30:44'),
(2162, 18, 1, NULL, '2022-09-14 05:34:47', '2022-09-14 05:34:47'),
(2163, 59, 1, NULL, '2022-09-14 05:39:56', '2022-09-14 05:39:56'),
(2164, 59, 2, NULL, '2022-09-14 05:40:12', '2022-09-14 05:40:12'),
(2165, 14, 1, NULL, '2022-09-14 06:03:14', '2022-09-14 06:03:14'),
(2166, 59, 1, NULL, '2022-09-14 06:23:53', '2022-09-14 06:23:53'),
(2167, 55, 1, NULL, '2022-09-14 06:32:27', '2022-09-14 06:32:27'),
(2168, 29, 1, NULL, '2022-09-14 06:41:20', '2022-09-14 06:41:20'),
(2169, 62, 1, NULL, '2022-09-14 06:55:07', '2022-09-14 06:55:07'),
(2170, 59, 2, NULL, '2022-09-14 06:56:24', '2022-09-14 06:56:24'),
(2171, 57, 1, NULL, '2022-09-14 07:00:02', '2022-09-14 07:00:02'),
(2172, 60, 1, NULL, '2022-09-14 07:02:24', '2022-09-14 07:02:24'),
(2173, 18, 1, NULL, '2022-09-14 07:06:49', '2022-09-14 07:06:49'),
(2174, 49, 2, NULL, '2022-09-14 07:12:09', '2022-09-14 07:12:09'),
(2175, 50, 1, NULL, '2022-09-14 07:20:30', '2022-09-14 07:20:30'),
(2176, 55, 2, NULL, '2022-09-14 07:27:03', '2022-09-14 07:27:03'),
(2177, 59, 1, NULL, '2022-09-14 07:33:52', '2022-09-14 07:33:52'),
(2178, 62, 2, NULL, '2022-09-14 07:34:55', '2022-09-14 07:34:55'),
(2179, 59, 2, NULL, '2022-09-14 07:35:16', '2022-09-14 07:35:16'),
(2180, 55, 1, NULL, '2022-09-14 07:39:25', '2022-09-14 07:39:25'),
(2181, 23, 1, NULL, '2022-09-14 07:40:21', '2022-09-14 07:40:21'),
(2182, 32, 1, NULL, '2022-09-14 07:45:51', '2022-09-14 07:45:51'),
(2183, 59, 1, NULL, '2022-09-14 07:51:23', '2022-09-14 07:51:23'),
(2184, 49, 1, NULL, '2022-09-14 07:55:28', '2022-09-14 07:55:28'),
(2185, 60, 2, NULL, '2022-09-14 07:57:18', '2022-09-14 07:57:18'),
(2186, 60, 1, NULL, '2022-09-14 07:57:30', '2022-09-14 07:57:30'),
(2187, 59, 2, NULL, '2022-09-14 07:57:49', '2022-09-14 07:57:49'),
(2188, 22, 1, NULL, '2022-09-14 07:58:51', '2022-09-14 07:58:51'),
(2189, 67, 1, NULL, '2022-09-14 08:04:51', '2022-09-14 08:04:51'),
(2190, 59, 1, NULL, '2022-09-14 08:20:22', '2022-09-14 08:20:22'),
(2191, 59, 2, NULL, '2022-09-14 08:21:10', '2022-09-14 08:21:10'),
(2192, 6, 1, NULL, '2022-09-14 08:24:42', '2022-09-14 08:24:42'),
(2193, 60, 2, NULL, '2022-09-14 08:30:16', '2022-09-14 08:30:16'),
(2194, 18, 2, NULL, '2022-09-14 08:35:40', '2022-09-14 08:35:40'),
(2195, 14, 1, NULL, '2022-09-14 08:36:09', '2022-09-14 08:36:09'),
(2196, 53, 1, NULL, '2022-09-14 08:40:52', '2022-09-14 08:40:52'),
(2197, 59, 1, NULL, '2022-09-14 08:54:08', '2022-09-14 08:54:08'),
(2198, 60, 1, NULL, '2022-09-14 08:58:11', '2022-09-14 08:58:11'),
(2199, 41, 1, NULL, '2022-09-14 09:02:47', '2022-09-14 09:02:47'),
(2200, 9, 1, NULL, '2022-09-14 09:11:20', '2022-09-14 09:11:20'),
(2201, 59, 2, NULL, '2022-09-14 09:15:13', '2022-09-14 09:15:13'),
(2202, 42, 1, NULL, '2022-09-14 09:15:31', '2022-09-14 09:15:31'),
(2203, 18, 1, NULL, '2022-09-14 09:29:44', '2022-09-14 09:29:44'),
(2204, 43, 1, NULL, '2022-09-14 09:30:27', '2022-09-14 09:30:27'),
(2205, 49, 2, NULL, '2022-09-14 09:35:47', '2022-09-14 09:35:47'),
(2206, 49, 1, NULL, '2022-09-14 09:36:30', '2022-09-14 09:36:30'),
(2207, 45, 1, NULL, '2022-09-14 09:40:34', '2022-09-14 09:40:34'),
(2208, 31, 1, NULL, '2022-09-14 09:49:10', '2022-09-14 09:49:10'),
(2209, 60, 2, NULL, '2022-09-14 09:52:36', '2022-09-14 09:52:36'),
(2210, 65, 1, NULL, '2022-09-14 10:11:53', '2022-09-14 10:11:53'),
(2211, 31, 2, NULL, '2022-09-14 10:12:21', '2022-09-14 10:12:21'),
(2212, 31, 1, NULL, '2022-09-14 10:21:11', '2022-09-14 10:21:11'),
(2213, 59, 1, NULL, '2022-09-14 10:29:58', '2022-09-14 10:29:58'),
(2214, 59, 2, NULL, '2022-09-14 10:30:23', '2022-09-14 10:30:23'),
(2215, 49, 2, NULL, '2022-09-14 10:31:41', '2022-09-14 10:31:41'),
(2216, 69, 1, NULL, '2022-09-14 10:34:35', '2022-09-14 10:34:35'),
(2217, 5, 1, NULL, '2022-09-14 10:36:43', '2022-09-14 10:36:43'),
(2218, 68, 1, NULL, '2022-09-14 10:39:31', '2022-09-14 10:39:31'),
(2219, 55, 1, NULL, '2022-09-14 10:45:04', '2022-09-14 10:45:04'),
(2220, 59, 1, NULL, '2022-09-14 10:46:15', '2022-09-14 10:46:15'),
(2221, 69, 2, NULL, '2022-09-14 10:47:56', '2022-09-14 10:47:56'),
(2222, 59, 2, NULL, '2022-09-14 10:48:36', '2022-09-14 10:48:36'),
(2223, 31, 2, NULL, '2022-09-14 10:50:01', '2022-09-14 10:50:01'),
(2224, 65, 2, NULL, '2022-09-14 10:59:43', '2022-09-14 10:59:43'),
(2225, 65, 1, NULL, '2022-09-14 10:59:55', '2022-09-14 10:59:55'),
(2226, 38, 2, NULL, '2022-09-14 11:05:35', '2022-09-14 11:05:35'),
(2227, 37, 2, NULL, '2022-09-14 11:07:08', '2022-09-14 11:07:08'),
(2228, 14, 2, NULL, '2022-09-14 11:08:26', '2022-09-14 11:08:26'),
(2229, 38, 1, NULL, '2022-09-15 02:52:57', '2022-09-15 02:52:57'),
(2230, 55, 1, NULL, '2022-09-15 03:10:09', '2022-09-15 03:10:09'),
(2231, 49, 1, NULL, '2022-09-15 03:11:18', '2022-09-15 03:11:18'),
(2232, 69, 1, NULL, '2022-09-15 03:13:22', '2022-09-15 03:13:22'),
(2233, 39, 1, NULL, '2022-09-15 03:18:50', '2022-09-15 03:18:50'),
(2234, 59, 1, NULL, '2022-09-15 03:23:45', '2022-09-15 03:23:45'),
(2235, 59, 2, NULL, '2022-09-15 03:25:21', '2022-09-15 03:25:21'),
(2236, 14, 1, NULL, '2022-09-15 03:25:47', '2022-09-15 03:25:47'),
(2237, 22, 1, NULL, '2022-09-15 03:27:47', '2022-09-15 03:27:47'),
(2238, 37, 1, NULL, '2022-09-15 03:29:58', '2022-09-15 03:29:58'),
(2239, 50, 1, NULL, '2022-09-15 03:33:00', '2022-09-15 03:33:00'),
(2240, 60, 1, NULL, '2022-09-15 03:34:26', '2022-09-15 03:34:26'),
(2241, 6, 1, NULL, '2022-09-15 03:36:27', '2022-09-15 03:36:27'),
(2242, 31, 1, NULL, '2022-09-15 03:40:15', '2022-09-15 03:40:15'),
(2243, 65, 1, NULL, '2022-09-15 03:41:54', '2022-09-15 03:41:54'),
(2244, 60, 2, NULL, '2022-09-15 03:45:25', '2022-09-15 03:45:25'),
(2245, 41, 1, NULL, '2022-09-15 03:45:43', '2022-09-15 03:45:43'),
(2246, 31, 2, NULL, '2022-09-15 03:48:35', '2022-09-15 03:48:35'),
(2247, 53, 1, NULL, '2022-09-15 03:53:36', '2022-09-15 03:53:36'),
(2248, 40, 1, NULL, '2022-09-15 03:55:45', '2022-09-15 03:55:45'),
(2249, 47, 1, NULL, '2022-09-15 04:00:26', '2022-09-15 04:00:26'),
(2250, 30, 1, NULL, '2022-09-15 04:01:30', '2022-09-15 04:01:30'),
(2251, 60, 1, NULL, '2022-09-15 04:08:34', '2022-09-15 04:08:34'),
(2252, 22, 1, NULL, '2022-09-15 04:09:17', '2022-09-15 04:09:17'),
(2253, 2, 1, NULL, '2022-09-15 04:14:50', '2022-09-15 04:14:50'),
(2254, 9, 1, NULL, '2022-09-15 04:18:49', '2022-09-15 04:18:49'),
(2255, 22, 1, NULL, '2022-09-15 04:20:13', '2022-09-15 04:20:13'),
(2256, 62, 1, NULL, '2022-09-15 04:21:29', '2022-09-15 04:21:29'),
(2257, 57, 1, NULL, '2022-09-15 04:54:26', '2022-09-15 04:54:26'),
(2258, 14, 1, NULL, '2022-09-15 05:05:09', '2022-09-15 05:05:09'),
(2259, 31, 1, NULL, '2022-09-15 05:11:49', '2022-09-15 05:11:49'),
(2260, 31, 2, NULL, '2022-09-15 05:24:58', '2022-09-15 05:24:58'),
(2261, 31, 1, NULL, '2022-09-15 05:25:11', '2022-09-15 05:25:11'),
(2262, 49, 1, NULL, '2022-09-15 05:34:18', '2022-09-15 05:34:18'),
(2263, 36, 1, NULL, '2022-09-15 05:37:46', '2022-09-15 05:37:46'),
(2264, 42, 1, NULL, '2022-09-15 06:13:45', '2022-09-15 06:13:45'),
(2265, 50, 1, NULL, '2022-09-15 06:29:14', '2022-09-15 06:29:14'),
(2266, 59, 1, NULL, '2022-09-15 06:42:52', '2022-09-15 06:42:52'),
(2267, 22, 1, NULL, '2022-09-15 06:48:36', '2022-09-15 06:48:36'),
(2268, 13, 1, NULL, '2022-09-15 06:51:13', '2022-09-15 06:51:13'),
(2269, 13, 2, NULL, '2022-09-15 06:55:37', '2022-09-15 06:55:37'),
(2270, 42, 2, NULL, '2022-09-15 06:56:44', '2022-09-15 06:56:44'),
(2271, 5, 1, NULL, '2022-09-15 07:00:41', '2022-09-15 07:00:41'),
(2272, 9, 1, NULL, '2022-09-15 07:09:27', '2022-09-15 07:09:27'),
(2273, 59, 2, NULL, '2022-09-15 07:20:30', '2022-09-15 07:20:30'),
(2274, 18, 1, NULL, '2022-09-15 07:37:29', '2022-09-15 07:37:29'),
(2275, 5, 1, NULL, '2022-09-15 07:42:30', '2022-09-15 07:42:30'),
(2276, 53, 1, NULL, '2022-09-15 08:07:16', '2022-09-15 08:07:16'),
(2277, 59, 1, NULL, '2022-09-15 08:12:22', '2022-09-15 08:12:22'),
(2278, 59, 2, NULL, '2022-09-15 08:16:32', '2022-09-15 08:16:32'),
(2279, 41, 1, NULL, '2022-09-15 08:17:40', '2022-09-15 08:17:40'),
(2280, 60, 2, NULL, '2022-09-15 08:26:44', '2022-09-15 08:26:44'),
(2281, 42, 1, NULL, '2022-09-15 08:36:19', '2022-09-15 08:36:19'),
(2282, 6, 1, NULL, '2022-09-15 08:39:00', '2022-09-15 08:39:00'),
(2283, 42, 2, NULL, '2022-09-15 08:40:58', '2022-09-15 08:40:58'),
(2284, 55, 1, NULL, '2022-09-15 08:42:54', '2022-09-15 08:42:54'),
(2285, 10, 1, NULL, '2022-09-15 08:46:10', '2022-09-15 08:46:10'),
(2286, 59, 1, NULL, '2022-09-15 08:59:28', '2022-09-15 08:59:28'),
(2287, 59, 2, NULL, '2022-09-15 09:05:18', '2022-09-15 09:05:18'),
(2288, 54, 1, NULL, '2022-09-15 09:14:26', '2022-09-15 09:14:26'),
(2289, 22, 1, NULL, '2022-09-15 09:28:19', '2022-09-15 09:28:19'),
(2290, 62, 1, NULL, '2022-09-15 09:40:24', '2022-09-15 09:40:24'),
(2291, 59, 1, NULL, '2022-09-15 09:41:51', '2022-09-15 09:41:51'),
(2292, 31, 1, NULL, '2022-09-15 09:41:52', '2022-09-15 09:41:52'),
(2293, 62, 2, NULL, '2022-09-15 09:42:50', '2022-09-15 09:42:50'),
(2294, 35, 1, NULL, '2022-09-15 09:45:35', '2022-09-15 09:45:35'),
(2295, 59, 2, NULL, '2022-09-15 09:47:55', '2022-09-15 09:47:55'),
(2296, 49, 2, NULL, '2022-09-15 09:58:37', '2022-09-15 09:58:37'),
(2297, 35, 2, NULL, '2022-09-15 09:58:42', '2022-09-15 09:58:42'),
(2298, 35, 1, NULL, '2022-09-15 09:58:45', '2022-09-15 09:58:45'),
(2299, 49, 1, NULL, '2022-09-15 09:58:49', '2022-09-15 09:58:49'),
(2300, 64, 1, NULL, '2022-09-15 10:01:54', '2022-09-15 10:01:54'),
(2301, 64, 2, NULL, '2022-09-15 10:02:49', '2022-09-15 10:02:49'),
(2302, 60, 1, NULL, '2022-09-15 10:15:30', '2022-09-15 10:15:30'),
(2303, 59, 1, NULL, '2022-09-15 10:16:39', '2022-09-15 10:16:39'),
(2304, 65, 1, NULL, '2022-09-15 10:17:53', '2022-09-15 10:17:53'),
(2305, 59, 2, NULL, '2022-09-15 10:20:09', '2022-09-15 10:20:09'),
(2306, 22, 1, NULL, '2022-09-15 10:38:47', '2022-09-15 10:38:47'),
(2307, 64, 1, NULL, '2022-09-15 10:46:08', '2022-09-15 10:46:08'),
(2308, 22, 2, NULL, '2022-09-15 10:53:07', '2022-09-15 10:53:07'),
(2309, 69, 2, NULL, '2022-09-15 11:05:02', '2022-09-15 11:05:02'),
(2310, 9, 1, NULL, '2022-09-15 11:07:59', '2022-09-15 11:07:59'),
(2311, 65, 2, NULL, '2022-09-15 11:10:02', '2022-09-15 11:10:02'),
(2312, 37, 2, NULL, '2022-09-15 11:13:28', '2022-09-15 11:13:28'),
(2313, 23, 1, NULL, '2022-09-15 11:18:41', '2022-09-15 11:18:41'),
(2314, 9, 2, NULL, '2022-09-15 12:06:09', '2022-09-15 12:06:09'),
(2315, 9, 1, NULL, '2022-09-15 12:06:31', '2022-09-15 12:06:31'),
(2316, 38, 1, NULL, '2022-09-18 02:50:36', '2022-09-18 02:50:36'),
(2317, 35, 1, NULL, '2022-09-18 02:52:54', '2022-09-18 02:52:54'),
(2318, 41, 1, NULL, '2022-09-18 02:57:19', '2022-09-18 02:57:19'),
(2319, 39, 1, NULL, '2022-09-18 02:59:40', '2022-09-18 02:59:40'),
(2320, 40, 1, NULL, '2022-09-18 03:03:01', '2022-09-18 03:03:01'),
(2321, 45, 1, NULL, '2022-09-18 03:04:15', '2022-09-18 03:04:15'),
(2322, 36, 1, NULL, '2022-09-18 03:25:32', '2022-09-18 03:25:32'),
(2323, 37, 1, NULL, '2022-09-18 03:27:18', '2022-09-18 03:27:18'),
(2324, 24, 1, NULL, '2022-09-18 03:28:27', '2022-09-18 03:28:27'),
(2325, 6, 1, NULL, '2022-09-18 03:34:33', '2022-09-18 03:34:33'),
(2326, 31, 1, NULL, '2022-09-18 03:46:03', '2022-09-18 03:46:03'),
(2327, 60, 1, NULL, '2022-09-18 04:04:40', '2022-09-18 04:04:40'),
(2328, 10, 1, NULL, '2022-09-18 04:04:43', '2022-09-18 04:04:43'),
(2329, 64, 1, NULL, '2022-09-18 04:31:04', '2022-09-18 04:31:04'),
(2330, 30, 1, NULL, '2022-09-18 04:43:43', '2022-09-18 04:43:43'),
(2331, 34, 1, NULL, '2022-09-18 04:48:18', '2022-09-18 04:48:18'),
(2332, 22, 1, NULL, '2022-09-18 04:55:01', '2022-09-18 04:55:01');
INSERT INTO `sys_logs` (`id`, `subject`, `action`, `object`, `created_at`, `updated_at`) VALUES
(2333, 18, 1, NULL, '2022-09-18 05:08:28', '2022-09-18 05:08:28'),
(2334, 29, 1, NULL, '2022-09-18 05:08:38', '2022-09-18 05:08:38'),
(2335, 9, 1, NULL, '2022-09-18 05:36:51', '2022-09-18 05:36:51'),
(2336, 64, 2, NULL, '2022-09-18 05:47:46', '2022-09-18 05:47:46'),
(2337, 51, 1, NULL, '2022-09-18 05:53:58', '2022-09-18 05:53:58'),
(2338, 50, 1, NULL, '2022-09-18 05:58:07', '2022-09-18 05:58:07'),
(2339, 64, 1, NULL, '2022-09-18 06:02:43', '2022-09-18 06:02:43'),
(2340, 31, 2, NULL, '2022-09-18 06:15:40', '2022-09-18 06:15:40'),
(2341, 53, 1, NULL, '2022-09-18 06:26:23', '2022-09-18 06:26:23'),
(2342, 54, 1, NULL, '2022-09-18 07:04:23', '2022-09-18 07:04:23'),
(2343, 42, 1, NULL, '2022-09-18 07:07:07', '2022-09-18 07:07:07'),
(2344, 65, 1, NULL, '2022-09-18 07:08:06', '2022-09-18 07:08:06'),
(2345, 65, 2, NULL, '2022-09-18 07:12:33', '2022-09-18 07:12:33'),
(2346, 49, 1, NULL, '2022-09-18 07:18:45', '2022-09-18 07:18:45'),
(2347, 60, 1, NULL, '2022-09-18 07:26:36', '2022-09-18 07:26:36'),
(2348, 18, 1, NULL, '2022-09-18 07:32:47', '2022-09-18 07:32:47'),
(2349, 31, 1, NULL, '2022-09-18 07:37:53', '2022-09-18 07:37:53'),
(2350, 45, 1, NULL, '2022-09-18 07:52:36', '2022-09-18 07:52:36'),
(2351, 42, 2, NULL, '2022-09-18 07:52:58', '2022-09-18 07:52:58'),
(2352, 59, 1, NULL, '2022-09-18 07:54:44', '2022-09-18 07:54:44'),
(2353, 49, 2, NULL, '2022-09-18 08:17:16', '2022-09-18 08:17:16'),
(2354, 59, 2, NULL, '2022-09-18 08:17:22', '2022-09-18 08:17:22'),
(2355, 49, 1, NULL, '2022-09-18 08:17:24', '2022-09-18 08:17:24'),
(2356, 59, 1, NULL, '2022-09-18 08:20:46', '2022-09-18 08:20:46'),
(2357, 59, 2, NULL, '2022-09-18 08:23:32', '2022-09-18 08:23:32'),
(2358, 31, 2, NULL, '2022-09-18 08:25:35', '2022-09-18 08:25:35'),
(2359, 31, 1, NULL, '2022-09-18 08:28:46', '2022-09-18 08:28:46'),
(2360, 69, 1, NULL, '2022-09-18 08:30:16', '2022-09-18 08:30:16'),
(2361, 57, 1, NULL, '2022-09-18 08:51:35', '2022-09-18 08:51:35'),
(2362, 10, 1, NULL, '2022-09-18 08:52:59', '2022-09-18 08:52:59'),
(2363, 49, 2, NULL, '2022-09-18 08:54:22', '2022-09-18 08:54:22'),
(2364, 64, 1, NULL, '2022-09-18 08:56:09', '2022-09-18 08:56:09'),
(2365, 41, 1, NULL, '2022-09-18 08:58:40', '2022-09-18 08:58:40'),
(2366, 59, 1, NULL, '2022-09-18 09:00:56', '2022-09-18 09:00:56'),
(2367, 49, 1, NULL, '2022-09-18 09:09:31', '2022-09-18 09:09:31'),
(2368, 59, 2, NULL, '2022-09-18 09:16:47', '2022-09-18 09:16:47'),
(2369, 18, 1, NULL, '2022-09-18 09:18:49', '2022-09-18 09:18:49'),
(2370, 35, 2, NULL, '2022-09-18 09:25:13', '2022-09-18 09:25:13'),
(2371, 35, 1, NULL, '2022-09-18 09:25:16', '2022-09-18 09:25:16'),
(2372, 59, 1, NULL, '2022-09-18 09:32:48', '2022-09-18 09:32:48'),
(2373, 6, 1, NULL, '2022-09-18 09:33:39', '2022-09-18 09:33:39'),
(2374, 59, 2, NULL, '2022-09-18 09:37:26', '2022-09-18 09:37:26'),
(2375, 59, 1, NULL, '2022-09-18 09:38:54', '2022-09-18 09:38:54'),
(2376, 59, 2, NULL, '2022-09-18 09:39:42', '2022-09-18 09:39:42'),
(2377, 68, 1, NULL, '2022-09-18 09:46:44', '2022-09-18 09:46:44'),
(2378, 22, 1, NULL, '2022-09-18 09:48:32', '2022-09-18 09:48:32'),
(2379, 64, 2, NULL, '2022-09-18 10:00:11', '2022-09-18 10:00:11'),
(2380, 42, 1, NULL, '2022-09-18 10:09:07', '2022-09-18 10:09:07'),
(2381, 31, 2, NULL, '2022-09-18 10:18:56', '2022-09-18 10:18:56'),
(2382, 9, 1, NULL, '2022-09-18 10:28:54', '2022-09-18 10:28:54'),
(2383, 59, 1, NULL, '2022-09-18 10:34:36', '2022-09-18 10:34:36'),
(2384, 59, 2, NULL, '2022-09-18 10:34:59', '2022-09-18 10:34:59'),
(2385, 42, 2, NULL, '2022-09-18 10:44:56', '2022-09-18 10:44:56'),
(2386, 65, 1, NULL, '2022-09-18 10:48:07', '2022-09-18 10:48:07'),
(2387, 65, 2, NULL, '2022-09-18 10:50:19', '2022-09-18 10:50:19'),
(2388, 51, 1, NULL, '2022-09-18 10:56:43', '2022-09-18 10:56:43'),
(2389, 69, 2, NULL, '2022-09-18 11:08:49', '2022-09-18 11:08:49'),
(2390, 37, 2, NULL, '2022-09-18 11:12:38', '2022-09-18 11:12:38'),
(2391, 51, 2, NULL, '2022-09-18 11:18:56', '2022-09-18 11:18:56'),
(2392, 38, 2, NULL, '2022-09-18 11:22:01', '2022-09-18 11:22:01'),
(2393, 35, 2, NULL, '2022-09-18 11:22:44', '2022-09-18 11:22:44'),
(2394, 29, 1, NULL, '2022-09-18 11:46:23', '2022-09-18 11:46:23'),
(2395, 29, 2, NULL, '2022-09-18 11:52:09', '2022-09-18 11:52:09'),
(2396, 39, 1, NULL, '2022-09-19 01:54:38', '2022-09-19 01:54:38'),
(2397, 38, 1, NULL, '2022-09-19 02:31:56', '2022-09-19 02:31:56'),
(2398, 69, 1, NULL, '2022-09-19 02:50:32', '2022-09-19 02:50:32'),
(2399, 34, 1, NULL, '2022-09-19 03:05:01', '2022-09-19 03:05:01'),
(2400, 40, 1, NULL, '2022-09-19 03:13:35', '2022-09-19 03:13:35'),
(2401, 55, 1, NULL, '2022-09-19 03:15:57', '2022-09-19 03:15:57'),
(2402, 6, 1, NULL, '2022-09-19 03:17:23', '2022-09-19 03:17:23'),
(2403, 65, 1, NULL, '2022-09-19 03:17:41', '2022-09-19 03:17:41'),
(2404, 64, 1, NULL, '2022-09-19 03:19:17', '2022-09-19 03:19:17'),
(2405, 64, 2, NULL, '2022-09-19 03:19:37', '2022-09-19 03:19:37'),
(2406, 48, 1, NULL, '2022-09-19 03:20:41', '2022-09-19 03:20:41'),
(2407, 35, 1, NULL, '2022-09-19 03:23:15', '2022-09-19 03:23:15'),
(2408, 60, 1, NULL, '2022-09-19 03:30:31', '2022-09-19 03:30:31'),
(2409, 49, 1, NULL, '2022-09-19 03:32:51', '2022-09-19 03:32:51'),
(2410, 49, 2, NULL, '2022-09-19 03:32:55', '2022-09-19 03:32:55'),
(2411, 42, 1, NULL, '2022-09-19 03:40:20', '2022-09-19 03:40:20'),
(2412, 49, 1, NULL, '2022-09-19 03:45:44', '2022-09-19 03:45:44'),
(2413, 23, 1, NULL, '2022-09-19 03:48:50', '2022-09-19 03:48:50'),
(2414, 18, 1, NULL, '2022-09-19 03:50:52', '2022-09-19 03:50:52'),
(2415, 2, 1, NULL, '2022-09-19 03:53:57', '2022-09-19 03:53:57'),
(2416, 22, 1, NULL, '2022-09-19 04:01:26', '2022-09-19 04:01:26'),
(2417, 49, 2, NULL, '2022-09-19 04:14:26', '2022-09-19 04:14:26'),
(2418, 49, 1, NULL, '2022-09-19 04:15:09', '2022-09-19 04:15:09'),
(2419, 57, 1, NULL, '2022-09-19 04:42:10', '2022-09-19 04:42:10'),
(2420, 63, 1, NULL, '2022-09-19 04:46:24', '2022-09-19 04:46:24'),
(2421, 10, 1, NULL, '2022-09-19 04:48:20', '2022-09-19 04:48:20'),
(2422, 63, 2, NULL, '2022-09-19 04:50:14', '2022-09-19 04:50:14'),
(2423, 59, 1, NULL, '2022-09-19 05:03:04', '2022-09-19 05:03:04'),
(2424, 59, 2, NULL, '2022-09-19 05:03:44', '2022-09-19 05:03:44'),
(2425, 45, 1, NULL, '2022-09-19 05:17:26', '2022-09-19 05:17:26'),
(2426, 53, 1, NULL, '2022-09-19 05:19:39', '2022-09-19 05:19:39'),
(2427, 23, 2, NULL, '2022-09-19 05:48:36', '2022-09-19 05:48:36'),
(2428, 49, 2, NULL, '2022-09-19 05:53:55', '2022-09-19 05:53:55'),
(2429, 52, 1, NULL, '2022-09-19 05:54:45', '2022-09-19 05:54:45'),
(2430, 9, 1, NULL, '2022-09-19 06:12:02', '2022-09-19 06:12:02'),
(2431, 55, 1, NULL, '2022-09-19 06:18:15', '2022-09-19 06:18:15'),
(2432, 30, 1, NULL, '2022-09-19 06:28:02', '2022-09-19 06:28:02'),
(2433, 30, 2, NULL, '2022-09-19 06:41:39', '2022-09-19 06:41:39'),
(2434, 52, 2, NULL, '2022-09-19 06:45:05', '2022-09-19 06:45:05'),
(2435, 52, 1, NULL, '2022-09-19 06:45:42', '2022-09-19 06:45:42'),
(2436, 52, 2, NULL, '2022-09-19 06:53:24', '2022-09-19 06:53:24'),
(2437, 52, 1, NULL, '2022-09-19 06:53:27', '2022-09-19 06:53:27'),
(2438, 68, 1, NULL, '2022-09-19 07:10:33', '2022-09-19 07:10:33'),
(2439, 37, 1, NULL, '2022-09-19 07:15:22', '2022-09-19 07:15:22'),
(2440, 49, 1, NULL, '2022-09-19 07:23:34', '2022-09-19 07:23:34'),
(2441, 49, 2, NULL, '2022-09-19 07:30:36', '2022-09-19 07:30:36'),
(2442, 49, 1, NULL, '2022-09-19 07:31:16', '2022-09-19 07:31:16'),
(2443, 57, 1, NULL, '2022-09-19 08:10:59', '2022-09-19 08:10:59'),
(2444, 45, 1, NULL, '2022-09-19 08:13:56', '2022-09-19 08:13:56'),
(2445, 9, 1, NULL, '2022-09-19 08:26:46', '2022-09-19 08:26:46'),
(2446, 59, 1, NULL, '2022-09-19 08:45:22', '2022-09-19 08:45:22'),
(2447, 59, 2, NULL, '2022-09-19 08:46:44', '2022-09-19 08:46:44'),
(2448, 65, 1, NULL, '2022-09-19 08:47:17', '2022-09-19 08:47:17'),
(2449, 30, 1, NULL, '2022-09-19 08:50:31', '2022-09-19 08:50:31'),
(2450, 29, 1, NULL, '2022-09-19 09:05:16', '2022-09-19 09:05:16'),
(2451, 18, 1, NULL, '2022-09-19 09:05:34', '2022-09-19 09:05:34'),
(2452, 10, 1, NULL, '2022-09-19 09:33:04', '2022-09-19 09:33:04'),
(2453, 64, 1, NULL, '2022-09-19 09:42:15', '2022-09-19 09:42:15'),
(2454, 59, 1, NULL, '2022-09-19 09:45:30', '2022-09-19 09:45:30'),
(2455, 59, 2, NULL, '2022-09-19 09:48:32', '2022-09-19 09:48:32'),
(2456, 22, 1, NULL, '2022-09-19 10:09:29', '2022-09-19 10:09:29'),
(2457, 68, 1, NULL, '2022-09-19 10:15:52', '2022-09-19 10:15:52'),
(2458, 64, 2, NULL, '2022-09-19 10:23:51', '2022-09-19 10:23:51'),
(2459, 24, 1, NULL, '2022-09-19 10:29:29', '2022-09-19 10:29:29'),
(2460, 51, 1, NULL, '2022-09-19 10:33:32', '2022-09-19 10:33:32'),
(2461, 6, 1, NULL, '2022-09-19 10:38:42', '2022-09-19 10:38:42'),
(2462, 49, 1, NULL, '2022-09-19 10:49:50', '2022-09-19 10:49:50'),
(2463, 41, 1, NULL, '2022-09-19 10:52:43', '2022-09-19 10:52:43'),
(2464, 36, 1, NULL, '2022-09-19 10:54:34', '2022-09-19 10:54:34'),
(2465, 38, 2, NULL, '2022-09-19 10:55:57', '2022-09-19 10:55:57'),
(2466, 65, 1, NULL, '2022-09-19 10:56:01', '2022-09-19 10:56:01'),
(2467, 22, 1, NULL, '2022-09-19 10:58:07', '2022-09-19 10:58:07'),
(2468, 69, 1, NULL, '2022-09-19 10:59:50', '2022-09-19 10:59:50'),
(2469, 29, 2, NULL, '2022-09-19 11:01:45', '2022-09-19 11:01:45'),
(2470, 22, 2, NULL, '2022-09-19 11:06:35', '2022-09-19 11:06:35'),
(2471, 51, 2, NULL, '2022-09-19 11:09:17', '2022-09-19 11:09:17'),
(2472, 10, 2, NULL, '2022-09-19 11:11:47', '2022-09-19 11:11:47'),
(2473, 69, 2, NULL, '2022-09-19 11:11:53', '2022-09-19 11:11:53'),
(2474, 38, 1, NULL, '2022-09-19 11:14:51', '2022-09-19 11:14:51'),
(2475, 37, 2, NULL, '2022-09-19 11:38:09', '2022-09-19 11:38:09'),
(2476, 55, 1, NULL, '2022-09-19 12:28:33', '2022-09-19 12:28:33'),
(2477, 39, 1, NULL, '2022-09-20 02:07:12', '2022-09-20 02:07:12'),
(2478, 37, 1, NULL, '2022-09-20 02:33:16', '2022-09-20 02:33:16'),
(2479, 40, 1, NULL, '2022-09-20 02:40:33', '2022-09-20 02:40:33'),
(2480, 53, 1, NULL, '2022-09-20 02:41:51', '2022-09-20 02:41:51'),
(2481, 18, 1, NULL, '2022-09-20 02:46:12', '2022-09-20 02:46:12'),
(2482, 38, 1, NULL, '2022-09-20 02:50:56', '2022-09-20 02:50:56'),
(2483, 36, 1, NULL, '2022-09-20 02:55:51', '2022-09-20 02:55:51'),
(2484, 49, 1, NULL, '2022-09-20 03:00:57', '2022-09-20 03:00:57'),
(2485, 15, 1, NULL, '2022-09-20 03:02:42', '2022-09-20 03:02:42'),
(2486, 10, 1, NULL, '2022-09-20 03:03:39', '2022-09-20 03:03:39'),
(2487, 69, 1, NULL, '2022-09-20 03:05:11', '2022-09-20 03:05:11'),
(2488, 34, 1, NULL, '2022-09-20 03:12:02', '2022-09-20 03:12:02'),
(2489, 45, 1, NULL, '2022-09-20 03:21:40', '2022-09-20 03:21:40'),
(2490, 53, 2, NULL, '2022-09-20 03:28:25', '2022-09-20 03:28:25'),
(2491, 65, 1, NULL, '2022-09-20 03:31:11', '2022-09-20 03:31:11'),
(2492, 18, 1, NULL, '2022-09-20 03:31:53', '2022-09-20 03:31:53'),
(2493, 41, 1, NULL, '2022-09-20 03:39:47', '2022-09-20 03:39:47'),
(2494, 6, 1, NULL, '2022-09-20 03:42:44', '2022-09-20 03:42:44'),
(2495, 2, 1, NULL, '2022-09-20 03:44:50', '2022-09-20 03:44:50'),
(2496, 2, 2, NULL, '2022-09-20 03:50:34', '2022-09-20 03:50:34'),
(2497, 3, 1, NULL, '2022-09-20 03:50:38', '2022-09-20 03:50:38'),
(2498, 55, 1, NULL, '2022-09-20 03:55:03', '2022-09-20 03:55:03'),
(2499, 37, 2, NULL, '2022-09-20 04:11:25', '2022-09-20 04:11:25'),
(2500, 68, 1, NULL, '2022-09-20 04:11:56', '2022-09-20 04:11:56'),
(2501, 3, 2, NULL, '2022-09-20 04:16:32', '2022-09-20 04:16:32'),
(2502, 1, 1, NULL, '2022-09-20 04:16:38', '2022-09-20 04:16:38'),
(2503, 48, 1, NULL, '2022-09-20 04:23:16', '2022-09-20 04:23:16'),
(2504, 1, 2, NULL, '2022-09-20 04:26:05', '2022-09-20 04:26:05'),
(2505, 48, 2, NULL, '2022-09-20 04:28:00', '2022-09-20 04:28:00'),
(2506, 37, 1, NULL, '2022-09-20 04:28:12', '2022-09-20 04:28:12'),
(2507, 49, 2, NULL, '2022-09-20 04:29:43', '2022-09-20 04:29:43'),
(2508, 49, 1, NULL, '2022-09-20 04:30:00', '2022-09-20 04:30:00'),
(2509, 49, 2, NULL, '2022-09-20 05:14:38', '2022-09-20 05:14:38'),
(2510, 49, 1, NULL, '2022-09-20 05:15:08', '2022-09-20 05:15:08'),
(2511, 23, 1, NULL, '2022-09-20 05:44:12', '2022-09-20 05:44:12'),
(2512, 59, 1, NULL, '2022-09-20 05:50:05', '2022-09-20 05:50:05'),
(2513, 59, 2, NULL, '2022-09-20 05:51:04', '2022-09-20 05:51:04'),
(2514, 52, 1, NULL, '2022-09-20 06:00:01', '2022-09-20 06:00:01'),
(2515, 37, 2, NULL, '2022-09-20 06:01:20', '2022-09-20 06:01:20'),
(2516, 48, 1, NULL, '2022-09-20 06:02:23', '2022-09-20 06:02:23'),
(2517, 59, 1, NULL, '2022-09-20 06:05:20', '2022-09-20 06:05:20'),
(2518, 59, 2, NULL, '2022-09-20 06:08:44', '2022-09-20 06:08:44'),
(2519, 59, 1, NULL, '2022-09-20 06:10:46', '2022-09-20 06:10:46'),
(2520, 53, 1, NULL, '2022-09-20 06:10:59', '2022-09-20 06:10:59'),
(2521, 59, 2, NULL, '2022-09-20 06:11:46', '2022-09-20 06:11:46'),
(2522, 6, 1, NULL, '2022-09-20 06:26:15', '2022-09-20 06:26:15'),
(2523, 30, 1, NULL, '2022-09-20 06:28:47', '2022-09-20 06:28:47'),
(2524, 35, 1, NULL, '2022-09-20 06:40:26', '2022-09-20 06:40:26'),
(2525, 48, 2, NULL, '2022-09-20 06:47:11', '2022-09-20 06:47:11'),
(2526, 37, 1, NULL, '2022-09-20 06:47:24', '2022-09-20 06:47:24'),
(2527, 61, 1, NULL, '2022-09-20 07:05:00', '2022-09-20 07:05:00'),
(2528, 59, 1, NULL, '2022-09-20 08:19:41', '2022-09-20 08:19:41'),
(2529, 59, 2, NULL, '2022-09-20 08:20:11', '2022-09-20 08:20:11'),
(2530, 22, 1, NULL, '2022-09-20 08:21:10', '2022-09-20 08:21:10'),
(2531, 48, 1, NULL, '2022-09-20 08:22:33', '2022-09-20 08:22:33'),
(2532, 59, 1, NULL, '2022-09-20 08:38:04', '2022-09-20 08:38:04'),
(2533, 59, 2, NULL, '2022-09-20 08:38:20', '2022-09-20 08:38:20'),
(2534, 9, 1, NULL, '2022-09-20 08:43:07', '2022-09-20 08:43:07'),
(2535, 6, 1, NULL, '2022-09-20 08:48:11', '2022-09-20 08:48:11'),
(2536, 65, 1, NULL, '2022-09-20 09:04:35', '2022-09-20 09:04:35'),
(2537, 6, 2, NULL, '2022-09-20 09:05:05', '2022-09-20 09:05:05'),
(2538, 6, 1, NULL, '2022-09-20 09:05:38', '2022-09-20 09:05:38'),
(2539, 49, 1, NULL, '2022-09-20 09:14:59', '2022-09-20 09:14:59'),
(2540, 13, 1, NULL, '2022-09-20 09:25:43', '2022-09-20 09:25:43'),
(2541, 64, 1, NULL, '2022-09-20 09:26:11', '2022-09-20 09:26:11'),
(2542, 13, 2, NULL, '2022-09-20 09:29:20', '2022-09-20 09:29:20'),
(2543, 59, 1, NULL, '2022-09-20 09:41:19', '2022-09-20 09:41:19'),
(2544, 59, 2, NULL, '2022-09-20 09:41:34', '2022-09-20 09:41:34'),
(2545, 13, 1, NULL, '2022-09-20 09:42:17', '2022-09-20 09:42:17'),
(2546, 52, 1, NULL, '2022-09-20 10:13:13', '2022-09-20 10:13:13'),
(2547, 18, 1, NULL, '2022-09-20 10:16:39', '2022-09-20 10:16:39'),
(2548, 13, 2, NULL, '2022-09-20 10:24:17', '2022-09-20 10:24:17'),
(2549, 45, 1, NULL, '2022-09-20 10:28:48', '2022-09-20 10:28:48'),
(2550, 53, 1, NULL, '2022-09-20 10:34:26', '2022-09-20 10:34:26'),
(2551, 24, 1, NULL, '2022-09-20 10:39:32', '2022-09-20 10:39:32'),
(2552, 24, 2, NULL, '2022-09-20 10:40:09', '2022-09-20 10:40:09'),
(2553, 24, 1, NULL, '2022-09-20 10:40:12', '2022-09-20 10:40:12'),
(2554, 18, 1, NULL, '2022-09-20 10:43:50', '2022-09-20 10:43:50'),
(2555, 31, 1, NULL, '2022-09-20 10:58:29', '2022-09-20 10:58:29'),
(2556, 51, 1, NULL, '2022-09-20 11:01:52', '2022-09-20 11:01:52'),
(2557, 31, 2, NULL, '2022-09-20 11:02:21', '2022-09-20 11:02:21'),
(2558, 69, 2, NULL, '2022-09-20 11:05:46', '2022-09-20 11:05:46'),
(2559, 51, 2, NULL, '2022-09-20 11:06:00', '2022-09-20 11:06:00'),
(2560, 37, 2, NULL, '2022-09-20 11:14:37', '2022-09-20 11:14:37'),
(2561, 41, 2, NULL, '2022-09-20 11:20:27', '2022-09-20 11:20:27'),
(2562, 23, 1, NULL, '2022-09-20 11:33:00', '2022-09-20 11:33:00'),
(2563, 43, 1, NULL, '2022-09-20 12:00:59', '2022-09-20 12:00:59'),
(2564, 39, 1, NULL, '2022-09-21 02:13:10', '2022-09-21 02:13:10'),
(2565, 38, 1, NULL, '2022-09-21 02:29:03', '2022-09-21 02:29:03'),
(2566, 37, 1, NULL, '2022-09-21 02:30:04', '2022-09-21 02:30:04'),
(2567, 31, 1, NULL, '2022-09-21 02:31:18', '2022-09-21 02:31:18'),
(2568, 35, 1, NULL, '2022-09-21 02:47:15', '2022-09-21 02:47:15'),
(2569, 69, 1, NULL, '2022-09-21 02:47:48', '2022-09-21 02:47:48'),
(2570, 34, 1, NULL, '2022-09-21 02:56:43', '2022-09-21 02:56:43'),
(2571, 36, 1, NULL, '2022-09-21 02:58:58', '2022-09-21 02:58:58'),
(2572, 61, 1, NULL, '2022-09-21 02:59:00', '2022-09-21 02:59:00'),
(2573, 65, 1, NULL, '2022-09-21 03:01:02', '2022-09-21 03:01:02'),
(2574, 10, 1, NULL, '2022-09-21 03:12:01', '2022-09-21 03:12:01'),
(2575, 40, 1, NULL, '2022-09-21 03:13:26', '2022-09-21 03:13:26'),
(2576, 41, 1, NULL, '2022-09-21 03:17:52', '2022-09-21 03:17:52'),
(2577, 6, 1, NULL, '2022-09-21 03:22:18', '2022-09-21 03:22:18'),
(2578, 37, 2, NULL, '2022-09-21 03:22:22', '2022-09-21 03:22:22'),
(2579, 39, 1, NULL, '2022-09-21 03:23:01', '2022-09-21 03:23:01'),
(2580, 48, 1, NULL, '2022-09-21 03:23:10', '2022-09-21 03:23:10'),
(2581, 48, 2, NULL, '2022-09-21 03:28:13', '2022-09-21 03:28:13'),
(2582, 13, 1, NULL, '2022-09-21 03:28:48', '2022-09-21 03:28:48'),
(2583, 18, 1, NULL, '2022-09-21 03:49:29', '2022-09-21 03:49:29'),
(2584, 37, 1, NULL, '2022-09-21 04:02:31', '2022-09-21 04:02:31'),
(2585, 49, 1, NULL, '2022-09-21 04:07:06', '2022-09-21 04:07:06'),
(2586, 53, 1, NULL, '2022-09-21 04:10:10', '2022-09-21 04:10:10'),
(2587, 9, 1, NULL, '2022-09-21 04:16:21', '2022-09-21 04:16:21'),
(2588, 31, 2, NULL, '2022-09-21 05:16:11', '2022-09-21 05:16:11'),
(2589, 30, 1, NULL, '2022-09-21 05:20:50', '2022-09-21 05:20:50'),
(2590, 30, 2, NULL, '2022-09-21 05:27:08', '2022-09-21 05:27:08'),
(2591, 45, 1, NULL, '2022-09-21 05:29:36', '2022-09-21 05:29:36'),
(2592, 22, 1, NULL, '2022-09-21 05:32:43', '2022-09-21 05:32:43'),
(2593, 31, 1, NULL, '2022-09-21 05:47:40', '2022-09-21 05:47:40'),
(2594, 68, 1, NULL, '2022-09-21 06:59:04', '2022-09-21 06:59:04'),
(2595, 48, 1, NULL, '2022-09-21 07:18:00', '2022-09-21 07:18:00'),
(2596, 63, 1, NULL, '2022-09-21 07:38:13', '2022-09-21 07:38:13'),
(2597, 31, 2, NULL, '2022-09-21 07:44:06', '2022-09-21 07:44:06'),
(2598, 61, 1, NULL, '2022-09-21 07:46:11', '2022-09-21 07:46:11'),
(2599, 41, 1, NULL, '2022-09-21 07:49:59', '2022-09-21 07:49:59'),
(2600, 6, 1, NULL, '2022-09-21 08:19:44', '2022-09-21 08:19:44'),
(2601, 30, 1, NULL, '2022-09-21 08:20:46', '2022-09-21 08:20:46'),
(2602, 63, 2, NULL, '2022-09-21 08:21:09', '2022-09-21 08:21:09'),
(2603, 49, 1, NULL, '2022-09-21 08:25:42', '2022-09-21 08:25:42'),
(2604, 48, 1, NULL, '2022-09-21 09:03:29', '2022-09-21 09:03:29'),
(2605, 48, 2, NULL, '2022-09-21 09:08:52', '2022-09-21 09:08:52'),
(2606, 22, 1, NULL, '2022-09-21 09:10:43', '2022-09-21 09:10:43'),
(2607, 49, 2, NULL, '2022-09-21 09:19:34', '2022-09-21 09:19:34'),
(2608, 49, 1, NULL, '2022-09-21 09:19:49', '2022-09-21 09:19:49'),
(2609, 22, 2, NULL, '2022-09-21 09:23:59', '2022-09-21 09:23:59'),
(2610, 22, 1, NULL, '2022-09-21 09:24:17', '2022-09-21 09:24:17'),
(2611, 65, 1, NULL, '2022-09-21 09:24:52', '2022-09-21 09:24:52'),
(2612, 49, 2, NULL, '2022-09-21 09:36:46', '2022-09-21 09:36:46'),
(2613, 49, 1, NULL, '2022-09-21 09:36:54', '2022-09-21 09:36:54'),
(2614, 51, 1, NULL, '2022-09-21 09:49:56', '2022-09-21 09:49:56'),
(2615, 37, 2, NULL, '2022-09-21 09:53:45', '2022-09-21 09:53:45'),
(2616, 48, 1, NULL, '2022-09-21 09:54:33', '2022-09-21 09:54:33'),
(2617, 64, 1, NULL, '2022-09-21 10:03:39', '2022-09-21 10:03:39'),
(2618, 64, 2, NULL, '2022-09-21 10:06:28', '2022-09-21 10:06:28'),
(2619, 15, 1, NULL, '2022-09-21 10:06:53', '2022-09-21 10:06:53'),
(2620, 51, 2, NULL, '2022-09-21 10:14:02', '2022-09-21 10:14:02'),
(2621, 64, 1, NULL, '2022-09-21 10:14:34', '2022-09-21 10:14:34'),
(2622, 48, 2, NULL, '2022-09-21 10:14:45', '2022-09-21 10:14:45'),
(2623, 37, 1, NULL, '2022-09-21 10:15:03', '2022-09-21 10:15:03'),
(2624, 51, 1, NULL, '2022-09-21 10:16:18', '2022-09-21 10:16:18'),
(2625, 22, 2, NULL, '2022-09-21 10:25:17', '2022-09-21 10:25:17'),
(2626, 24, 1, NULL, '2022-09-21 10:36:04', '2022-09-21 10:36:04'),
(2627, 10, 1, NULL, '2022-09-21 10:38:42', '2022-09-21 10:38:42'),
(2628, 22, 1, NULL, '2022-09-21 11:01:38', '2022-09-21 11:01:38'),
(2629, 65, 2, NULL, '2022-09-21 11:03:30', '2022-09-21 11:03:30'),
(2630, 23, 1, NULL, '2022-09-21 11:04:59', '2022-09-21 11:04:59'),
(2631, 57, 1, NULL, '2022-09-21 11:08:06', '2022-09-21 11:08:06'),
(2632, 37, 2, NULL, '2022-09-21 11:08:27', '2022-09-21 11:08:27'),
(2633, 30, 2, NULL, '2022-09-21 11:12:21', '2022-09-21 11:12:21'),
(2634, 41, 2, NULL, '2022-09-21 11:22:24', '2022-09-21 11:22:24'),
(2635, 38, 2, NULL, '2022-09-21 11:25:35', '2022-09-21 11:25:35'),
(2636, 43, 1, NULL, '2022-09-21 11:49:14', '2022-09-21 11:49:14'),
(2637, 39, 1, NULL, '2022-09-22 02:11:12', '2022-09-22 02:11:12'),
(2638, 38, 1, NULL, '2022-09-22 02:28:14', '2022-09-22 02:28:14'),
(2639, 37, 1, NULL, '2022-09-22 02:41:49', '2022-09-22 02:41:49'),
(2640, 40, 1, NULL, '2022-09-22 02:42:05', '2022-09-22 02:42:05'),
(2641, 41, 1, NULL, '2022-09-22 02:50:09', '2022-09-22 02:50:09'),
(2642, 35, 1, NULL, '2022-09-22 02:54:48', '2022-09-22 02:54:48'),
(2643, 36, 1, NULL, '2022-09-22 02:55:59', '2022-09-22 02:55:59'),
(2644, 15, 1, NULL, '2022-09-22 03:00:01', '2022-09-22 03:00:01'),
(2645, 69, 1, NULL, '2022-09-22 03:14:57', '2022-09-22 03:14:57'),
(2646, 18, 1, NULL, '2022-09-22 03:18:03', '2022-09-22 03:18:03'),
(2647, 49, 1, NULL, '2022-09-22 03:18:27', '2022-09-22 03:18:27'),
(2648, 6, 1, NULL, '2022-09-22 03:25:09', '2022-09-22 03:25:09'),
(2649, 24, 1, NULL, '2022-09-22 03:28:10', '2022-09-22 03:28:10'),
(2650, 34, 1, NULL, '2022-09-22 04:08:08', '2022-09-22 04:08:08'),
(2651, 10, 1, NULL, '2022-09-22 04:15:49', '2022-09-22 04:15:49'),
(2652, 9, 1, NULL, '2022-09-22 04:16:53', '2022-09-22 04:16:53'),
(2653, 59, 1, NULL, '2022-09-22 04:18:51', '2022-09-22 04:18:51'),
(2654, 59, 2, NULL, '2022-09-22 04:22:15', '2022-09-22 04:22:15'),
(2655, 23, 1, NULL, '2022-09-22 04:23:12', '2022-09-22 04:23:12'),
(2656, 57, 1, NULL, '2022-09-22 04:26:11', '2022-09-22 04:26:11'),
(2657, 59, 1, NULL, '2022-09-22 04:28:54', '2022-09-22 04:28:54'),
(2658, 57, 2, NULL, '2022-09-22 04:29:45', '2022-09-22 04:29:45'),
(2659, 58, 1, NULL, '2022-09-22 04:29:59', '2022-09-22 04:29:59'),
(2660, 59, 2, NULL, '2022-09-22 04:33:19', '2022-09-22 04:33:19'),
(2661, 48, 1, NULL, '2022-09-22 04:36:41', '2022-09-22 04:36:41'),
(2662, 65, 1, NULL, '2022-09-22 04:48:05', '2022-09-22 04:48:05'),
(2663, 61, 1, NULL, '2022-09-22 04:49:44', '2022-09-22 04:49:44'),
(2664, 55, 1, NULL, '2022-09-22 04:59:08', '2022-09-22 04:59:08'),
(2665, 53, 1, NULL, '2022-09-22 05:01:19', '2022-09-22 05:01:19'),
(2666, 14, 1, NULL, '2022-09-22 05:01:34', '2022-09-22 05:01:34'),
(2667, 29, 1, NULL, '2022-09-22 05:25:47', '2022-09-22 05:25:47'),
(2668, 31, 1, NULL, '2022-09-22 05:45:56', '2022-09-22 05:45:56'),
(2669, 63, 1, NULL, '2022-09-22 05:46:12', '2022-09-22 05:46:12'),
(2670, 63, 3, NULL, '2022-09-22 05:50:03', '2022-09-22 05:50:03'),
(2671, 63, 8, NULL, '2022-09-22 05:50:03', '2022-09-22 05:50:03'),
(2672, 63, 1, NULL, '2022-09-22 05:50:16', '2022-09-22 05:50:16'),
(2673, 63, 2, NULL, '2022-09-22 05:50:51', '2022-09-22 05:50:51'),
(2674, 43, 1, NULL, '2022-09-22 05:50:56', '2022-09-22 05:50:56'),
(2675, 31, 2, NULL, '2022-09-22 06:01:19', '2022-09-22 06:01:19'),
(2676, 49, 1, NULL, '2022-09-22 06:11:33', '2022-09-22 06:11:33'),
(2677, 59, 1, NULL, '2022-09-22 06:13:30', '2022-09-22 06:13:30'),
(2678, 59, 2, NULL, '2022-09-22 06:14:38', '2022-09-22 06:14:38'),
(2679, 52, 1, NULL, '2022-09-22 07:08:32', '2022-09-22 07:08:32'),
(2680, 65, 1, NULL, '2022-09-22 07:09:38', '2022-09-22 07:09:38'),
(2681, 69, 1, NULL, '2022-09-22 07:14:07', '2022-09-22 07:14:07'),
(2682, 52, 2, NULL, '2022-09-22 07:14:20', '2022-09-22 07:14:20'),
(2683, 52, 1, NULL, '2022-09-22 07:14:30', '2022-09-22 07:14:30'),
(2684, 10, 1, NULL, '2022-09-22 07:18:57', '2022-09-22 07:18:57'),
(2685, 51, 1, NULL, '2022-09-22 07:22:55', '2022-09-22 07:22:55'),
(2686, 51, 2, NULL, '2022-09-22 07:39:49', '2022-09-22 07:39:49'),
(2687, 64, 1, NULL, '2022-09-22 07:42:23', '2022-09-22 07:42:23'),
(2688, 22, 1, NULL, '2022-09-22 07:46:14', '2022-09-22 07:46:14'),
(2689, 41, 2, NULL, '2022-09-22 07:49:33', '2022-09-22 07:49:33'),
(2690, 1, 1, NULL, '2022-09-22 07:50:01', '2022-09-22 07:50:01'),
(2691, 1, 4, 73, '2022-09-22 07:55:05', '2022-09-22 07:55:05'),
(2692, 1, 2, NULL, '2022-09-22 07:55:19', '2022-09-22 07:55:19'),
(2693, 64, 2, NULL, '2022-09-22 07:55:33', '2022-09-22 07:55:33'),
(2694, 41, 1, NULL, '2022-09-22 07:58:04', '2022-09-22 07:58:04'),
(2695, 57, 1, NULL, '2022-09-22 07:59:27', '2022-09-22 07:59:27'),
(2696, 73, 1, NULL, '2022-09-22 08:09:12', '2022-09-22 08:09:12'),
(2697, 73, 3, NULL, '2022-09-22 08:10:05', '2022-09-22 08:10:05'),
(2698, 73, 8, NULL, '2022-09-22 08:10:05', '2022-09-22 08:10:05'),
(2699, 43, 2, NULL, '2022-09-22 08:10:31', '2022-09-22 08:10:31'),
(2700, 73, 1, NULL, '2022-09-22 08:11:52', '2022-09-22 08:11:52'),
(2701, 73, 2, NULL, '2022-09-22 08:11:59', '2022-09-22 08:11:59'),
(2702, 30, 1, NULL, '2022-09-22 08:12:48', '2022-09-22 08:12:48'),
(2703, 45, 1, NULL, '2022-09-22 08:28:42', '2022-09-22 08:28:42'),
(2704, 64, 1, NULL, '2022-09-22 08:36:11', '2022-09-22 08:36:11'),
(2705, 15, 1, NULL, '2022-09-22 08:36:16', '2022-09-22 08:36:16'),
(2706, 31, 1, NULL, '2022-09-22 08:36:26', '2022-09-22 08:36:26'),
(2707, 53, 1, NULL, '2022-09-22 08:43:31', '2022-09-22 08:43:31'),
(2708, 55, 1, NULL, '2022-09-22 08:57:16', '2022-09-22 08:57:16'),
(2709, 64, 2, NULL, '2022-09-22 08:59:37', '2022-09-22 08:59:37'),
(2710, 55, 1, NULL, '2022-09-22 09:18:07', '2022-09-22 09:18:07'),
(2711, 6, 1, NULL, '2022-09-22 09:27:26', '2022-09-22 09:27:26'),
(2712, 55, 2, NULL, '2022-09-22 09:33:23', '2022-09-22 09:33:23'),
(2713, 22, 1, NULL, '2022-09-22 09:38:19', '2022-09-22 09:38:19'),
(2714, 73, 1, NULL, '2022-09-22 09:45:33', '2022-09-22 09:45:33'),
(2715, 31, 2, NULL, '2022-09-22 09:55:19', '2022-09-22 09:55:19'),
(2716, 2, 1, NULL, '2022-09-22 10:13:22', '2022-09-22 10:13:22'),
(2717, 43, 1, NULL, '2022-09-22 10:15:23', '2022-09-22 10:15:23'),
(2718, 42, 1, NULL, '2022-09-22 10:18:18', '2022-09-22 10:18:18'),
(2719, 15, 1, NULL, '2022-09-22 10:43:16', '2022-09-22 10:43:16'),
(2720, 42, 2, NULL, '2022-09-22 11:01:17', '2022-09-22 11:01:17'),
(2721, 37, 2, NULL, '2022-09-22 11:09:48', '2022-09-22 11:09:48'),
(2722, 41, 2, NULL, '2022-09-22 11:12:34', '2022-09-22 11:12:34'),
(2723, 51, 1, NULL, '2022-09-22 11:13:10', '2022-09-22 11:13:10'),
(2724, 35, 2, NULL, '2022-09-22 11:24:44', '2022-09-22 11:24:44'),
(2725, 23, 1, NULL, '2022-09-22 11:29:29', '2022-09-22 11:29:29'),
(2726, 51, 2, NULL, '2022-09-22 11:58:30', '2022-09-22 11:58:30'),
(2727, 64, 1, NULL, '2022-09-23 05:23:41', '2022-09-23 05:23:41'),
(2728, 64, 2, NULL, '2022-09-23 05:26:02', '2022-09-23 05:26:02'),
(2729, 39, 1, NULL, '2022-09-25 02:23:23', '2022-09-25 02:23:23'),
(2730, 41, 1, NULL, '2022-09-25 02:30:41', '2022-09-25 02:30:41'),
(2731, 40, 1, NULL, '2022-09-25 02:30:44', '2022-09-25 02:30:44'),
(2732, 36, 1, NULL, '2022-09-25 02:31:06', '2022-09-25 02:31:06'),
(2733, 37, 1, NULL, '2022-09-25 02:39:25', '2022-09-25 02:39:25'),
(2734, 18, 1, NULL, '2022-09-25 02:40:39', '2022-09-25 02:40:39'),
(2735, 38, 1, NULL, '2022-09-25 02:47:35', '2022-09-25 02:47:35'),
(2736, 35, 1, NULL, '2022-09-25 02:53:27', '2022-09-25 02:53:27'),
(2737, 6, 1, NULL, '2022-09-25 02:54:04', '2022-09-25 02:54:04'),
(2738, 64, 1, NULL, '2022-09-25 03:02:31', '2022-09-25 03:02:31'),
(2739, 49, 1, NULL, '2022-09-25 03:05:08', '2022-09-25 03:05:08'),
(2740, 59, 1, NULL, '2022-09-25 03:10:59', '2022-09-25 03:10:59'),
(2741, 59, 2, NULL, '2022-09-25 03:14:08', '2022-09-25 03:14:08'),
(2742, 22, 1, NULL, '2022-09-25 03:16:05', '2022-09-25 03:16:05'),
(2743, 48, 1, NULL, '2022-09-25 03:20:29', '2022-09-25 03:20:29'),
(2744, 48, 2, NULL, '2022-09-25 03:26:02', '2022-09-25 03:26:02'),
(2745, 14, 1, NULL, '2022-09-25 03:31:24', '2022-09-25 03:31:24'),
(2746, 51, 1, NULL, '2022-09-25 03:45:46', '2022-09-25 03:45:46'),
(2747, 65, 1, NULL, '2022-09-25 03:47:37', '2022-09-25 03:47:37'),
(2748, 49, 2, NULL, '2022-09-25 03:47:49', '2022-09-25 03:47:49'),
(2749, 49, 1, NULL, '2022-09-25 03:48:19', '2022-09-25 03:48:19'),
(2750, 23, 1, NULL, '2022-09-25 03:50:16', '2022-09-25 03:50:16'),
(2751, 68, 1, NULL, '2022-09-25 03:52:49', '2022-09-25 03:52:49'),
(2752, 68, 1, NULL, '2022-09-25 03:52:50', '2022-09-25 03:52:50'),
(2753, 59, 1, NULL, '2022-09-25 03:54:20', '2022-09-25 03:54:20'),
(2754, 59, 2, NULL, '2022-09-25 04:00:44', '2022-09-25 04:00:44'),
(2755, 59, 1, NULL, '2022-09-25 04:04:07', '2022-09-25 04:04:07'),
(2756, 59, 2, NULL, '2022-09-25 04:06:18', '2022-09-25 04:06:18'),
(2757, 54, 1, NULL, '2022-09-25 04:16:11', '2022-09-25 04:16:11'),
(2758, 30, 1, NULL, '2022-09-25 04:28:23', '2022-09-25 04:28:23'),
(2759, 52, 1, NULL, '2022-09-25 04:30:54', '2022-09-25 04:30:54'),
(2760, 55, 1, NULL, '2022-09-25 04:40:04', '2022-09-25 04:40:04'),
(2761, 59, 1, NULL, '2022-09-25 05:08:38', '2022-09-25 05:08:38'),
(2762, 59, 2, NULL, '2022-09-25 05:08:59', '2022-09-25 05:08:59'),
(2763, 43, 1, NULL, '2022-09-25 05:14:18', '2022-09-25 05:14:18'),
(2764, 59, 1, NULL, '2022-09-25 05:29:23', '2022-09-25 05:29:23'),
(2765, 59, 2, NULL, '2022-09-25 05:36:15', '2022-09-25 05:36:15'),
(2766, 43, 2, NULL, '2022-09-25 05:46:44', '2022-09-25 05:46:44'),
(2767, 23, 1, NULL, '2022-09-25 06:06:52', '2022-09-25 06:06:52'),
(2768, 31, 1, NULL, '2022-09-25 06:09:56', '2022-09-25 06:09:56'),
(2769, 52, 2, NULL, '2022-09-25 06:19:08', '2022-09-25 06:19:08'),
(2770, 31, 2, NULL, '2022-09-25 06:26:35', '2022-09-25 06:26:35'),
(2771, 49, 2, NULL, '2022-09-25 06:27:05', '2022-09-25 06:27:05'),
(2772, 49, 1, NULL, '2022-09-25 06:27:13', '2022-09-25 06:27:13'),
(2773, 22, 1, NULL, '2022-09-25 06:36:16', '2022-09-25 06:36:16'),
(2774, 54, 2, NULL, '2022-09-25 06:45:43', '2022-09-25 06:45:43'),
(2775, 54, 1, NULL, '2022-09-25 06:49:58', '2022-09-25 06:49:58'),
(2776, 34, 1, NULL, '2022-09-25 06:50:31', '2022-09-25 06:50:31'),
(2777, 59, 1, NULL, '2022-09-25 06:57:55', '2022-09-25 06:57:55'),
(2778, 64, 1, NULL, '2022-09-25 06:58:08', '2022-09-25 06:58:08'),
(2779, 59, 2, NULL, '2022-09-25 07:07:27', '2022-09-25 07:07:27'),
(2780, 31, 1, NULL, '2022-09-25 07:09:21', '2022-09-25 07:09:21'),
(2781, 32, 1, NULL, '2022-09-25 07:17:08', '2022-09-25 07:17:08'),
(2782, 32, 2, NULL, '2022-09-25 07:17:25', '2022-09-25 07:17:25'),
(2783, 32, 1, NULL, '2022-09-25 07:17:30', '2022-09-25 07:17:30'),
(2784, 2, 1, NULL, '2022-09-25 07:25:18', '2022-09-25 07:25:18');

-- --------------------------------------------------------

--
-- Table structure for table `sys_log_details`
--

CREATE TABLE `sys_log_details` (
  `id` bigint(20) UNSIGNED NOT NULL,
  `action` varchar(191) COLLATE utf8mb4_unicode_ci NOT NULL,
  `created_at` timestamp NULL DEFAULT NULL,
  `updated_at` timestamp NULL DEFAULT NULL
) ENGINE=InnoDB DEFAULT CHARSET=utf8mb4 COLLATE=utf8mb4_unicode_ci;

--
-- Dumping data for table `sys_log_details`
--

INSERT INTO `sys_log_details` (`id`, `action`, `created_at`, `updated_at`) VALUES
(1, 'Login', '2019-10-04 03:00:00', '2019-10-04 03:00:00'),
(2, 'Logout', '2019-10-04 03:00:00', '2019-10-04 03:00:00'),
(3, 'Update profile', '2019-10-04 03:00:00', '2019-10-04 03:00:00'),
(4, 'Add new user', '2019-10-04 03:00:00', '2019-10-04 03:00:00'),
(5, 'Edit user details', '2019-10-04 03:00:00', '2019-10-04 03:00:00'),
(6, 'Delete user', '2019-10-04 03:00:00', '2019-10-04 03:00:00'),
(7, 'Restore deleted user', '2019-10-04 03:00:00', '2019-10-04 03:00:00'),
(8, 'Change password', '2019-10-04 03:00:00', '2019-10-04 03:00:00'),
(9, 'Add new division', '2019-11-23 15:27:38', '2019-11-23 15:27:38'),
(10, 'Edit division', '2019-11-23 15:27:38', '2019-11-23 15:27:38'),
(11, 'Delete division', '2019-11-23 15:27:38', '2019-11-23 15:27:38'),
(12, 'Restore division', '2019-11-23 15:27:38', '2019-11-23 15:27:38'),
(13, 'Add new branch', '2019-11-23 15:27:38', '2019-11-23 15:27:38'),
(14, 'Edit branch', '2019-11-23 15:27:38', '2019-11-23 15:27:38'),
(15, 'Delete branch', '2019-11-23 15:27:38', '2019-11-23 15:27:38'),
(16, 'Restore branch', '2019-11-23 15:27:38', '2019-11-23 15:27:38'),
(17, 'Add new rule', '2019-11-23 15:27:38', '2019-11-23 15:27:38'),
(18, 'Edit rule', '2019-11-23 15:27:38', '2019-11-23 15:27:38'),
(19, 'Delete rule', '2019-11-23 15:27:38', '2019-11-23 15:27:38'),
(20, 'Restore rule', '2019-11-23 15:27:38', '2019-11-23 15:27:38'),
(21, 'Add new usergroup', '2019-11-23 15:27:38', '2019-11-23 15:27:38'),
(22, 'Edit usergroup', '2019-11-23 15:27:38', '2019-11-23 15:27:38'),
(23, 'Delete usergroup', '2019-11-23 15:27:38', '2019-11-23 15:27:38'),
(24, 'Restore usergroup', '2019-11-23 15:27:38', '2019-11-23 15:27:38'),
(25, 'Add new brand', '2019-11-23 15:27:38', '2019-11-23 15:27:38'),
(26, 'Edit brand', '2019-11-23 15:27:38', '2019-11-23 15:27:38'),
(27, 'Delete brand', '2019-11-23 15:27:38', '2019-11-23 15:27:38'),
(28, 'Restore brand', '2019-11-23 15:27:38', '2019-11-23 15:27:38'),
(29, 'Add new language', '2019-11-23 15:27:38', '2019-11-23 15:27:38'),
(30, 'Edit language', '2019-11-23 15:27:38', '2019-11-23 15:27:38');

-- --------------------------------------------------------

--
-- Table structure for table `sys_modules`
--

CREATE TABLE `sys_modules` (
  `id` bigint(20) UNSIGNED NOT NULL,
  `name` varchar(191) COLLATE utf8mb4_unicode_ci NOT NULL,
  `status` tinyint(1) NOT NULL DEFAULT 1,
  `created_at` timestamp NULL DEFAULT NULL,
  `updated_at` timestamp NULL DEFAULT NULL
) ENGINE=InnoDB DEFAULT CHARSET=utf8mb4 COLLATE=utf8mb4_unicode_ci;

--
-- Dumping data for table `sys_modules`
--

INSERT INTO `sys_modules` (`id`, `name`, `status`, `created_at`, `updated_at`) VALUES
(1, 'Division', 1, '2019-10-06 03:00:00', '2019-10-06 03:00:00'),
(2, 'Branch', 1, '2019-10-06 03:00:00', '2019-10-06 03:00:00'),
(3, 'Rule', 1, '2019-10-06 03:00:00', '2019-10-06 03:00:00'),
(4, 'Usergroup', 1, '2019-10-06 03:00:00', '2019-10-06 03:00:00'),
(5, 'User', 1, '2019-10-06 03:00:00', '2019-10-06 03:00:00'),
(6, 'Language', 1, '2019-10-26 10:36:00', '2019-10-26 10:36:00'),
(7, 'Dictionary', 1, '2019-10-26 10:36:00', '2019-10-26 10:36:00'),
(8, 'System Logs', 1, '2019-11-14 14:54:00', '2019-11-14 14:54:00'),
(9, 'Product', 1, '2019-10-06 03:00:00', '2019-10-06 03:00:00'),
(10, 'Config', 1, '2020-06-29 03:00:00', '2020-06-29 03:00:00'),
(11, 'Bod', 1, '2020-06-29 03:00:00', '2020-06-29 03:00:00'),
(12, 'FileUpload', 1, '2020-06-29 03:00:00', '2020-06-29 03:00:00'),
(13, 'Documents', 1, '2020-06-29 03:00:00', '2020-06-29 03:00:00'),
(14, 'Correspondence', 1, '2020-06-29 03:00:00', '2020-06-29 03:00:00');

-- --------------------------------------------------------

--
-- Table structure for table `sys_rules`
--

CREATE TABLE `sys_rules` (
  `id` bigint(20) UNSIGNED NOT NULL,
  `module_id` bigint(20) UNSIGNED NOT NULL,
  `name` varchar(191) COLLATE utf8mb4_unicode_ci NOT NULL,
  `description` text COLLATE utf8mb4_unicode_ci DEFAULT NULL,
  `status` tinyint(1) NOT NULL DEFAULT 1,
  `created_at` timestamp NULL DEFAULT NULL,
  `updated_at` timestamp NULL DEFAULT NULL,
  `deleted_at` timestamp NULL DEFAULT NULL
) ENGINE=InnoDB DEFAULT CHARSET=utf8mb4 COLLATE=utf8mb4_unicode_ci;

--
-- Dumping data for table `sys_rules`
--

INSERT INTO `sys_rules` (`id`, `module_id`, `name`, `description`, `status`, `created_at`, `updated_at`, `deleted_at`) VALUES
(1, 6, 'Add New', NULL, 1, '2020-08-09 10:51:34', '2020-08-09 10:51:34', NULL),
(2, 6, 'Edit', NULL, 1, '2020-08-09 10:51:34', '2020-08-09 10:51:34', NULL),
(3, 6, 'View List', NULL, 1, '2020-08-09 10:51:34', '2020-08-09 10:51:34', NULL),
(4, 6, 'View Details', NULL, 1, '2020-08-09 10:51:34', '2020-08-09 10:51:34', NULL),
(5, 7, 'Add New', NULL, 1, '2020-08-09 10:51:34', '2020-08-09 10:51:34', NULL),
(6, 7, 'Edit', NULL, 1, '2020-08-09 10:51:34', '2020-08-09 10:51:34', NULL),
(7, 7, 'View List', NULL, 1, '2020-08-09 10:51:34', '2020-08-09 10:51:34', NULL),
(8, 7, 'View Details', NULL, 1, '2020-08-09 10:51:34', '2020-08-09 10:51:34', NULL),
(9, 1, 'Add New', NULL, 1, '2020-08-09 10:51:34', '2020-08-09 10:51:34', NULL),
(10, 1, 'Edit', NULL, 1, '2020-08-09 10:51:34', '2020-08-09 10:51:34', NULL),
(11, 1, 'Delete', NULL, 1, '2020-08-09 10:51:34', '2020-08-09 10:51:34', NULL),
(12, 1, 'Restore', NULL, 1, '2020-08-09 10:51:34', '2020-08-09 10:51:34', NULL),
(13, 1, 'View List', NULL, 1, '2020-08-09 10:51:34', '2020-08-09 10:51:34', NULL),
(14, 1, 'View Details', NULL, 1, '2020-08-09 10:51:34', '2020-08-09 10:51:34', NULL),
(15, 2, 'Add New', NULL, 1, '2020-08-09 10:51:34', '2020-08-09 10:51:34', NULL),
(16, 2, 'Edit', NULL, 1, '2020-08-09 10:51:34', '2020-08-09 10:51:34', NULL),
(17, 2, 'Delete', NULL, 1, '2020-08-09 10:51:34', '2020-08-09 10:51:34', NULL),
(18, 2, 'Restore', NULL, 1, '2020-08-09 10:51:34', '2020-08-09 10:51:34', NULL),
(19, 2, 'View List', NULL, 1, '2020-08-09 10:51:34', '2020-08-09 10:51:34', NULL),
(20, 2, 'View Details', NULL, 1, '2020-08-09 10:51:34', '2020-08-09 10:51:34', NULL),
(21, 4, 'Add New', NULL, 1, '2020-08-09 10:51:34', '2020-08-09 10:51:34', NULL),
(22, 4, 'Edit', NULL, 1, '2020-08-09 10:51:34', '2020-08-09 10:51:34', NULL),
(23, 4, 'Delete', NULL, 1, '2020-08-09 10:51:34', '2020-08-09 10:51:34', NULL),
(24, 4, 'Restore', NULL, 1, '2020-08-09 10:51:34', '2020-08-09 10:51:34', NULL),
(25, 4, 'View List', NULL, 1, '2020-08-09 10:51:34', '2020-08-09 10:51:34', NULL),
(26, 4, 'View Details', NULL, 1, '2020-08-09 10:51:34', '2020-08-09 10:51:34', NULL),
(27, 5, 'Add New', NULL, 1, '2020-08-09 10:51:34', '2020-08-09 10:51:34', NULL),
(28, 5, 'Edit', NULL, 1, '2020-08-09 10:51:34', '2020-08-09 10:51:34', NULL),
(29, 5, 'Delete', NULL, 1, '2020-08-09 10:51:34', '2020-08-09 10:51:34', NULL),
(30, 5, 'Restore', NULL, 1, '2020-08-09 10:51:34', '2020-08-09 10:51:34', NULL),
(31, 5, 'View List', NULL, 1, '2020-08-09 10:51:34', '2020-08-09 10:51:34', NULL),
(32, 5, 'View Details', NULL, 1, '2020-08-09 10:51:34', '2020-08-09 10:51:34', NULL),
(33, 8, 'View List', NULL, 1, '2020-08-09 10:51:34', '2020-08-09 10:51:34', NULL),
(34, 10, 'Update', NULL, 1, '2020-08-09 10:51:34', '2020-08-09 10:51:34', NULL),
(35, 9, 'Add', NULL, 1, '2022-05-24 04:03:19', '2022-05-24 04:03:19', NULL),
(36, 9, 'Edit', NULL, 1, '2022-05-24 04:03:35', '2022-05-24 04:03:35', NULL),
(37, 9, 'Add New', NULL, 1, '2022-05-24 04:12:44', '2022-05-24 04:12:44', NULL),
(38, 9, 'View List', NULL, 1, '2022-05-24 04:13:09', '2022-05-24 04:13:09', NULL),
(39, 9, 'View Details', NULL, 1, '2022-05-24 04:13:18', '2022-05-24 04:13:18', NULL),
(40, 11, 'Add New', NULL, 1, '2022-08-02 01:02:11', '2022-08-02 01:02:11', NULL),
(41, 11, 'Edit', NULL, 1, '2022-08-02 01:02:11', '2022-08-02 01:02:11', NULL),
(42, 11, 'Delete', NULL, 1, '2022-08-02 01:02:12', '2022-08-02 01:02:12', NULL),
(43, 11, 'Restore', NULL, 1, '2022-08-02 01:02:12', '2022-08-02 01:02:12', NULL),
(44, 11, 'View List', NULL, 1, '2022-08-02 01:02:12', '2022-08-02 01:02:12', NULL),
(45, 11, 'View Details', NULL, 1, '2022-08-02 01:02:12', '2022-08-02 01:02:12', NULL),
(46, 12, 'Add New', NULL, 1, '2022-08-02 01:04:33', '2022-08-02 01:04:33', NULL),
(47, 12, 'Edit', NULL, 1, '2022-08-02 01:04:33', '2022-08-02 01:04:33', NULL),
(48, 12, 'Delete', NULL, 1, '2022-08-02 01:04:33', '2022-08-02 01:04:33', NULL),
(49, 12, 'Restore', NULL, 1, '2022-08-02 01:04:33', '2022-08-02 01:04:33', NULL),
(50, 12, 'View List', NULL, 1, '2022-08-02 01:04:33', '2022-08-02 01:04:33', NULL),
(51, 12, 'View Details', NULL, 1, '2022-08-02 01:04:33', '2022-08-02 01:04:33', NULL),
(52, 13, 'Add New', NULL, 1, '2022-08-02 01:04:42', '2022-08-02 01:04:42', NULL),
(53, 13, 'Edit', NULL, 1, '2022-08-02 01:04:42', '2022-08-02 01:04:42', NULL),
(54, 13, 'Delete', NULL, 1, '2022-08-02 01:04:42', '2022-08-02 01:04:42', NULL),
(55, 13, 'Restore', NULL, 1, '2022-08-02 01:04:42', '2022-08-02 01:04:42', NULL),
(56, 13, 'View List', NULL, 1, '2022-08-02 01:04:42', '2022-08-02 01:04:42', NULL),
(57, 13, 'View Details', NULL, 1, '2022-08-02 01:04:42', '2022-08-02 01:04:42', NULL),
(58, 11, 'View Files', NULL, 1, '2022-08-03 05:06:53', '2022-08-03 05:06:53', NULL),
(59, 14, 'Add New', NULL, 1, '2022-08-07 22:54:47', '2022-08-07 22:54:47', NULL),
(60, 14, 'Edit', NULL, 1, '2022-08-07 22:54:47', '2022-08-07 22:54:47', NULL),
(61, 14, 'Delete', NULL, 1, '2022-08-07 22:54:47', '2022-08-07 22:54:47', NULL),
(62, 14, 'Restore', NULL, 1, '2022-08-07 22:54:47', '2022-08-07 22:54:47', NULL),
(63, 14, 'View List', NULL, 1, '2022-08-07 22:54:47', '2022-08-07 22:54:47', NULL),
(64, 14, 'View Details', NULL, 1, '2022-08-07 22:54:47', '2022-08-07 22:54:47', NULL),
(65, 14, 'Bod Edit', NULL, 1, '2022-08-07 22:55:13', '2022-08-07 22:55:13', NULL),
(66, 11, 'View Archive Files', NULL, 1, '2022-08-08 04:43:48', '2022-08-08 04:43:48', NULL),
(67, 12, 'View Archive Files', NULL, 1, '2022-08-08 04:45:10', '2022-08-08 04:45:10', NULL);

-- --------------------------------------------------------

--
-- Table structure for table `sys_users`
--

CREATE TABLE `sys_users` (
  `id` bigint(20) UNSIGNED NOT NULL,
  `name` varchar(191) COLLATE utf8mb4_unicode_ci NOT NULL,
  `username` varchar(191) COLLATE utf8mb4_unicode_ci NOT NULL,
  `email` varchar(191) COLLATE utf8mb4_unicode_ci NOT NULL,
  `email_verified_at` datetime DEFAULT NULL,
  `password` varchar(191) COLLATE utf8mb4_unicode_ci NOT NULL,
  `remember_token` varchar(100) COLLATE utf8mb4_unicode_ci DEFAULT NULL,
  `force_logout` tinyint(1) NOT NULL DEFAULT 0,
  `status` tinyint(1) NOT NULL DEFAULT 1,
  `created_at` timestamp NULL DEFAULT NULL,
  `updated_at` timestamp NULL DEFAULT NULL,
  `deleted_at` timestamp NULL DEFAULT NULL
) ENGINE=InnoDB DEFAULT CHARSET=utf8mb4 COLLATE=utf8mb4_unicode_ci;

--
-- Dumping data for table `sys_users`
--

INSERT INTO `sys_users` (`id`, `name`, `username`, `email`, `email_verified_at`, `password`, `remember_token`, `force_logout`, `status`, `created_at`, `updated_at`, `deleted_at`) VALUES
(1, 'Super User', 'superuser', 'superuser@admin.com', '2019-09-17 10:09:31', '7828e198e5ef639e50b0fb168', NULL, 0, 1, '2019-09-17 04:09:35', '2019-09-17 04:09:36', NULL),
(2, 'Bod User', 'bod', 'test@gmail.com', NULL, 'ad283aa400af464c76d713c07', NULL, 0, 1, '2022-05-24 03:51:16', '2022-08-03 01:28:54', NULL),
(3, 'Gulshan Corporate Branch', 'gcb', 'gcb@pbl.com', NULL, 'ad283aa400af464c76d713c07', NULL, 0, 1, '2022-05-24 22:42:23', '2022-08-02 01:07:36', NULL),
(4, 'KAJAL BISWAS', '20190327001', 'kajal@padmabankbd.com', NULL, 'ad283aa400af464c76d713c07', NULL, 1, 1, '2022-08-08 03:33:32', '2022-08-08 03:34:16', NULL),
(5, 'Nazmun  Akther', '20161218001', 'nazmun@padmabankbd.com', NULL, 'ad283aa400af464c76d713c07', NULL, 0, 1, '2022-08-08 03:47:13', '2022-08-08 03:47:13', NULL),
(6, 'Md . Abu Nayim', '20210617002', 'nayim@padmabankbd.com', NULL, 'ad283aa400af464c76d713c07', NULL, 0, 1, '2022-08-08 03:49:03', '2022-08-08 03:49:03', NULL),
(7, 'G.M. Hafiz Al Ahad', '20220613001', 'hafiz@padmabankbd.com', NULL, 'ad283aa400af464c76d713c07', NULL, 0, 1, '2022-08-08 03:49:41', '2022-08-08 03:49:41', NULL),
(9, 'ARISHA BISWAS', '20220316002', 'arisha@padmabankbd.com', NULL, 'ad283aa400af464c76d713c07', NULL, 0, 1, '2022-08-08 03:51:46', '2022-08-08 03:51:46', NULL),
(10, 'Mr. Akbar Hoshain Majumdar', '20130919003', 'akbar@padmabankbd.com', NULL, 'ad283aa400af464c76d713c07', NULL, 0, 1, '2022-08-08 03:52:26', '2022-08-08 03:52:26', NULL),
(11, 'Mr. Mozammel Hossain', '20140515001', 'mozammel@padmabankbd.com', NULL, 'ad283aa400af464c76d713c07', NULL, 0, 1, '2022-08-08 03:53:01', '2022-08-08 03:53:01', NULL),
(12, 'Mr. Mostafiur Rahman', '20161124002', 'mostafijur@padmabankbd.com', NULL, 'ad283aa400af464c76d713c07', NULL, 0, 1, '2022-08-08 04:06:34', '2022-08-08 04:06:34', NULL),
(13, 'Mrs. Soborna Akter Talukder', '20160908002', 'soborna@padmabankbd.com', NULL, 'ad283aa400af464c76d713c07', NULL, 0, 1, '2022-08-08 04:07:32', '2022-08-08 04:07:32', NULL),
(14, 'MD.Abdul Kader', '20140309011', 'kader@padmabnkbd.com', NULL, '8e93d058933eefa3e9dd52495', NULL, 0, 1, '2022-08-08 04:08:18', '2022-08-10 00:27:59', NULL),
(15, 'Md Jashim Uddin', '20170723003', 'jashim.uddin@padmabankbd.com', NULL, 'ad283aa400af464c76d713c07', NULL, 0, 1, '2022-08-08 04:08:52', '2022-08-29 08:47:33', NULL),
(16, 'Mst.Sarmin Ara', '20150916006', 'sarmin@padmabankbd.com', NULL, 'ad283aa400af464c76d713c07', NULL, 0, 1, '2022-08-08 04:09:29', '2022-08-08 04:09:29', NULL),
(17, 'Israhana Hoq', '20140716008', 'ishrana@padmabankbd.com', NULL, 'ad283aa400af464c76d713c07', NULL, 0, 1, '2022-08-08 04:10:06', '2022-08-08 04:10:06', NULL),
(18, 'Amina Tasnim', '20210627001', 'amina@padmabnkbd.com', NULL, 'f79976b8c434fa414faecc2cb', NULL, 0, 1, '2022-08-08 04:10:39', '2022-08-10 01:24:38', NULL),
(19, 'Rabeya Sultana', '20161002001', 'rabeya@padmabankbd.com', NULL, 'ad283aa400af464c76d713c07', NULL, 0, 1, '2022-08-08 04:11:11', '2022-08-08 04:11:11', NULL),
(20, 'Subrina Sume Howlader', '20160518003', 'subrina@padmabnkbd.com', NULL, 'ad283aa400af464c76d713c07', NULL, 0, 1, '2022-08-08 04:11:52', '2022-08-08 04:11:52', NULL),
(21, 'Md Polash Miah', '20210919001', 'polash@padmabankbd.com', NULL, 'ad283aa400af464c76d713c07', NULL, 0, 1, '2022-08-08 04:12:27', '2022-08-08 04:12:27', NULL),
(22, 'Rabea Khan', '20190106001', 'rabea@padmabankbd.com', NULL, 'ad283aa400af464c76d713c07', NULL, 0, 1, '2022-08-08 04:24:13', '2022-08-08 04:24:13', NULL),
(23, 'Md.Sohel  Akond', '20160718002', 'sohel@padmabankbd.com', NULL, 'fa7ded727e6f3279155e306a7', NULL, 0, 1, '2022-08-08 04:24:55', '2022-08-08 04:59:15', NULL),
(24, 'Imam Mehedi Robin', '20210912002', 'imam@padmabankbd.com', NULL, '808fa7e75ff6e211e00e1b025', NULL, 0, 1, '2022-08-08 04:25:48', '2022-08-10 05:41:37', NULL),
(25, 'Shaikh Mohammad Zahid Iqbal', '20181202001', 'zahid@padmabankbd.com', NULL, 'ad283aa400af464c76d713c07', NULL, 0, 1, '2022-08-08 04:26:56', '2022-08-08 04:26:56', NULL),
(26, 'Md. Naser Ahmed', '20140704004', 'naser@padmabankbd.com', NULL, 'ad283aa400af464c76d713c07', NULL, 0, 1, '2022-08-08 04:27:33', '2022-08-08 04:27:33', NULL),
(27, 'Esmat Zerin', '20151125001', 'zerin@padmabankbd.com', NULL, 'ad283aa400af464c76d713c07', NULL, 0, 1, '2022-08-08 04:28:07', '2022-08-08 04:28:07', NULL),
(28, 'Shirin Sultana', '20131121001', 'shirin@padmabankbd.com', NULL, 'ad283aa400af464c76d713c07', NULL, 0, 1, '2022-08-08 04:28:39', '2022-08-08 04:28:39', NULL),
(29, 'Zannatul Ferdous Bristy', '20160113002', 'zannatul.bristy@padmabankbd.com', NULL, '87f0a7c9d70555629d2a02d78', NULL, 0, 1, '2022-08-08 04:29:14', '2022-08-10 01:17:18', NULL),
(30, 'Mukarrma Akhter Sharmin', '20160629003', 'sharmin@padmabankbd.com', NULL, '802ae5e207bbcd048c4a90dce', NULL, 0, 1, '2022-08-08 04:30:01', '2022-09-04 09:55:20', NULL),
(31, 'SHARMIN JAHAN', '20160628006', 'jahan@padmabankbd.com', NULL, 'ad283aa400af464c76d713c07', NULL, 0, 1, '2022-08-08 04:30:42', '2022-08-08 04:30:42', NULL),
(32, 'RUMA  AKTER', '20210919003', 'ruma@padmabankbd.com', NULL, 'ad283aa400af464c76d713c07', NULL, 0, 1, '2022-08-08 04:31:33', '2022-08-08 04:31:33', NULL),
(33, 'ANANNA NARGIS', '20140515004', 'nargis@padmabankbd.com', NULL, 'de0466936b69dac46abbd56dc', NULL, 0, 1, '2022-08-08 04:32:10', '2022-09-05 06:17:14', NULL),
(34, 'MD.JAHIDUL ISLAM', '20200713001', 'jahidul@padmabankbd.com', NULL, '794323b453885f5181f1b624d', NULL, 0, 1, '2022-08-08 04:32:39', '2022-08-08 05:51:20', NULL),
(35, 'Sabina Rahman Parul', '20150107003', 'bod@padmabankbd.com', NULL, 'ad283aa400af464c76d713c07', NULL, 0, 1, '2022-08-08 05:14:35', '2022-08-08 05:14:35', NULL),
(36, 'Runa Akter', '20150405003', 'runa@padmabankbd.com', NULL, 'ad283aa400af464c76d713c07', NULL, 0, 1, '2022-08-08 05:15:25', '2022-08-08 05:15:25', NULL),
(37, 'Sayed Fazlul Haque (Miraz)', '20190417001', 'miraz@padmabankbd.com', NULL, 'ad283aa400af464c76d713c07', NULL, 0, 1, '2022-08-08 05:15:58', '2022-08-08 05:15:58', NULL),
(38, 'Fazilatunnisa Binte Abdul Hakim', '20160724007', 'hakim@padmabankbd.com', NULL, 'ad283aa400af464c76d713c07', NULL, 0, 1, '2022-08-08 05:17:18', '2022-08-08 05:17:18', NULL),
(39, 'Badhon Chowdhury', '20211102002', 'badhon@padmabankbd.com', NULL, 'ad283aa400af464c76d713c07', NULL, 0, 1, '2022-08-08 05:17:48', '2022-08-08 05:17:48', NULL),
(40, 'Rokaiya Khanom', '20220313001', 'rokaiya@padmabankbd.com', NULL, 'ad283aa400af464c76d713c07', NULL, 0, 1, '2022-08-08 05:18:20', '2022-08-08 05:18:20', NULL),
(41, 'Shyamol Christopher Gomes', '20170720002', 'shyamol.gomes@padmabankbd.com', NULL, 'ad283aa400af464c76d713c07', NULL, 0, 1, '2022-08-09 22:38:13', '2022-08-09 22:38:13', NULL),
(42, 'Rehana Parvin', '20131110001', 'rehana@padmabankbd.com', NULL, 'ad283aa400af464c76d713c07', NULL, 0, 1, '2022-08-16 07:21:26', '2022-08-16 07:21:26', NULL),
(43, 'Md. Musa Alam', '20140216001', 'musa@padmabankbd.com', NULL, 'ad283aa400af464c76d713c07', NULL, 0, 1, '2022-08-16 07:22:08', '2022-08-25 05:17:55', NULL),
(44, 'Nusrat Momin', 'nusrat', 'nusrat.momin@padmabankbd.com', NULL, 'ad283aa400af464c76d713c07', NULL, 0, 1, '2022-08-21 10:16:53', '2022-08-21 10:19:11', '2022-08-21 10:19:11'),
(45, 'Nusrat Momin', '20220525001', 'nusrat@padmabankbd.com', NULL, 'ad283aa400af464c76d713c07', NULL, 0, 1, '2022-08-21 10:23:33', '2022-08-21 10:23:33', NULL),
(46, 'Iffat Shejuti Zaman', '20220808001', 'iffat.zaman@padmabankbd.com', NULL, 'ad283aa400af464c76d713c07', NULL, 0, 1, '2022-08-22 05:19:05', '2022-08-22 05:19:05', NULL),
(47, 'Muhammad Lutfar Rahman Sayeem', '20220523001', 'lutfar.sayeem@padmabankbd.com', NULL, 'ad283aa400af464c76d713c07', NULL, 0, 1, '2022-08-22 05:20:28', '2022-08-22 05:20:28', NULL),
(48, 'Shaila Khanam', '20160128003', 'shaila.khanam@padmabankbd.com', NULL, '20f7412b5da7be0cf42b8c937', NULL, 0, 1, '2022-08-28 04:08:45', '2022-08-28 04:08:45', NULL),
(49, 'Antik Chowdhury', '20210905003', 'kht@padmabankbd.com', NULL, '20f7412b5da7be0cf42b8c937', NULL, 0, 1, '2022-08-28 04:10:03', '2022-08-28 05:41:58', NULL),
(50, 'Tania Islam', '20140312004', 'tania.islam@padmabankbd.com', NULL, 'a2358775ebcbffee61a0b38e9', NULL, 0, 1, '2022-08-28 04:10:52', '2022-08-28 05:11:50', NULL),
(51, 'Mohammad Nur Alam', '20220105001', 'nur.alam@padmabankbd.com', NULL, '20f7412b5da7be0cf42b8c937', NULL, 0, 1, '2022-08-28 04:11:56', '2022-08-28 04:11:56', NULL),
(52, 'Papeya Sultana', '20160908003', 'papeya.sultana@padmabankbd.com', NULL, '20f7412b5da7be0cf42b8c937', NULL, 0, 1, '2022-08-28 04:12:27', '2022-08-28 04:12:27', NULL),
(53, 'Fahmida Rahman', '20220102002', 'bsn@padmabankbd.com', NULL, '20f7412b5da7be0cf42b8c937', NULL, 0, 1, '2022-08-28 04:12:57', '2022-08-28 04:12:57', NULL),
(54, 'Sadia Afrin Riza', '20131114002', 'riza@padmabankbd.com', NULL, '20f7412b5da7be0cf42b8c937', NULL, 0, 1, '2022-08-28 04:14:45', '2022-08-28 04:14:45', NULL),
(55, 'Malik Misbah', '20200101004', 'malik.misbah@padmabankbd.com', NULL, '20f7412b5da7be0cf42b8c937', NULL, 0, 1, '2022-08-28 04:15:38', '2022-08-28 04:15:38', NULL),
(56, 'Md. Abu Saleh', '20201201001', 'saleh.abu@padmabankbd.com', NULL, '20f7412b5da7be0cf42b8c937', NULL, 0, 1, '2022-08-28 04:16:22', '2022-08-28 04:16:22', NULL),
(57, 'Mohammad Zakir Hossain', '20150127003', 'zakir@padmabankbd.com', NULL, '20f7412b5da7be0cf42b8c937', NULL, 0, 1, '2022-08-28 04:17:00', '2022-08-28 04:17:00', NULL),
(58, 'Mohammad Mazedul Islam', '20140716006', 'mazed.islam@padmabankbd.com', NULL, '20f7412b5da7be0cf42b8c937', NULL, 0, 1, '2022-08-28 04:17:32', '2022-08-28 04:17:32', NULL),
(59, 'Sabrina Basher Shashi', '20170830001', 'sabrina@padmabankbd.com', NULL, 'fc4b0476264eb3d5c253c2990', NULL, 0, 1, '2022-08-28 04:18:05', '2022-09-01 03:28:23', NULL),
(60, 'Tanzida Parvin', '20150106001', 'tanzida@padmabankbd.com', NULL, '20f7412b5da7be0cf42b8c937', NULL, 0, 1, '2022-08-28 04:19:00', '2022-08-28 04:19:00', NULL),
(61, 'Kabir Ahmed', '20150908001', 'kabir.ahmed@padmabankbd.com', NULL, '20f7412b5da7be0cf42b8c937', NULL, 0, 1, '2022-08-28 04:19:42', '2022-08-28 04:19:42', NULL),
(62, 'Mohammad Amran Hossain Patowary', '20150311001', 'amran.patowary@padmabankbd.com', NULL, '9dd8410d6f8be5c0499b14c7a', NULL, 0, 1, '2022-08-28 04:20:10', '2022-09-07 05:55:46', NULL),
(63, 'Golshan Akter', '20131230004', 'golshan.akter@padmabankbd.com', NULL, 'af949a373e72a4f6a34b4de90', NULL, 0, 1, '2022-08-28 04:20:39', '2022-09-22 05:50:03', NULL),
(64, 'Mohammad Anower Hossain', '20140309005', 'anower.hossain@padmabankbd.com', NULL, '20f7412b5da7be0cf42b8c937', NULL, 0, 1, '2022-08-28 04:21:11', '2022-08-28 04:21:11', NULL),
(65, 'Shanan Bhuiyan', '20210929001', 'jml@padmabankbd.com', NULL, '540890c4371dfac038ea5dacd', NULL, 0, 1, '2022-08-28 04:21:49', '2022-09-06 09:56:45', NULL),
(66, 'Md. Mamunur Rashid', '20150226003', 'mamunur.rashid@padmabankbd.com', NULL, '20f7412b5da7be0cf42b8c937', NULL, 0, 1, '2022-08-28 04:22:15', '2022-08-28 04:22:15', NULL),
(67, 'Md. Saif Omar', '20160518001', 'saif.omar@padmabankbd.com', NULL, '20f7412b5da7be0cf42b8c937', NULL, 0, 1, '2022-08-28 04:22:48', '2022-08-28 04:22:48', NULL),
(68, 'Md. Abu Zisan Zilader', '20210822001', 'abu.zisan@padmabankbd.com', NULL, 'c3949ba59abbe56e057f20f88', NULL, 0, 1, '2022-08-28 04:23:24', '2022-09-04 03:45:20', NULL),
(69, 'SAYED MOHAMMAD TARIF HASSAN', '20150409001', 'email-syed.tarif@padmabankbd.com', NULL, '20f7412b5da7be0cf42b8c937', NULL, 0, 1, '2022-08-28 06:54:02', '2022-08-28 06:54:02', NULL),
(70, 'SHARMIN FATEMA', '20140415008', 'sharminfatema91@gmail.com', NULL, 'ad283aa400af464c76d713c07', NULL, 0, 1, '2022-08-31 07:32:59', '2022-08-31 07:32:59', NULL),
(71, 'Masud rana', '2201229003', 'rana.masud@padmabankbd.com', NULL, '20f7412b5da7be0cf42b8c937', NULL, 0, 1, '2022-09-08 06:12:09', '2022-09-08 06:12:09', NULL),
(72, 'Mohammad ezaz ahmed vhuiyan', '20151119002', 'ezaz.ahmed@padmabankbd.com', NULL, '20f7412b5da7be0cf42b8c937', NULL, 0, 1, '2022-09-08 06:13:19', '2022-09-08 06:13:19', NULL),
(73, 'B. M. Rafikuzzaman', '20210712002', 'bm.rafik@padmabankbd.com', NULL, '658748c40cddf8d3996beac9e', NULL, 0, 1, '2022-09-22 07:55:05', '2022-09-22 08:10:05', NULL);

-- --------------------------------------------------------

--
-- Table structure for table `sys_user_group`
--

CREATE TABLE `sys_user_group` (
  `user` bigint(20) NOT NULL,
  `group` bigint(20) NOT NULL,
  `branch` varchar(191) COLLATE utf8mb4_unicode_ci NOT NULL
) ENGINE=InnoDB DEFAULT CHARSET=utf8mb4 COLLATE=utf8mb4_unicode_ci;

--
-- Dumping data for table `sys_user_group`
--

INSERT INTO `sys_user_group` (`user`, `group`, `branch`) VALUES
(1, 1, '1'),
(3, 3, '18'),
(2, 2, '60'),
(4, 3, '35'),
(5, 3, '35'),
(6, 3, '35'),
(7, 3, '35'),
(8, 3, '14'),
(9, 3, '14'),
(10, 3, '49'),
(11, 3, '49'),
(12, 3, '49'),
(13, 3, '49'),
(14, 3, '38'),
(15, 3, '38'),
(16, 3, '38'),
(17, 3, '38'),
(18, 3, '38'),
(19, 3, '38'),
(20, 3, '38'),
(21, 3, '38'),
(22, 3, '57'),
(23, 3, '44'),
(24, 3, '44'),
(25, 3, '59'),
(26, 3, '59'),
(27, 3, '59'),
(28, 3, '59'),
(29, 3, '59'),
(30, 3, '59'),
(31, 3, '22'),
(32, 3, '22'),
(33, 3, '47'),
(34, 3, '47'),
(35, 2, '60'),
(36, 2, '60'),
(38, 2, '60'),
(39, 2, '60'),
(40, 2, '60'),
(41, 2, '60'),
(37, 2, '60'),
(42, 3, '61'),
(43, 3, '61'),
(44, 3, '14'),
(45, 3, '14'),
(46, 3, '14'),
(47, 3, '14'),
(48, 3, '34'),
(49, 3, '34'),
(50, 3, '1'),
(51, 3, '1'),
(52, 3, '3'),
(53, 3, '3'),
(54, 3, '19'),
(55, 3, '8'),
(56, 2, '8'),
(57, 3, '4'),
(58, 3, '4'),
(59, 3, '28'),
(60, 3, '28'),
(61, 3, '5'),
(62, 3, '5'),
(63, 3, '53'),
(64, 3, '53'),
(65, 3, '24'),
(66, 3, '24'),
(67, 3, '6'),
(68, 3, '6'),
(69, 2, '60'),
(70, 3, '28'),
(71, 3, '19'),
(72, 3, '19'),
(73, 3, '35');

-- --------------------------------------------------------

--
-- Table structure for table `topics`
--

CREATE TABLE `topics` (
  `id` bigint(20) UNSIGNED NOT NULL,
  `name` varchar(191) COLLATE utf8mb4_unicode_ci NOT NULL,
  `description` text COLLATE utf8mb4_unicode_ci DEFAULT NULL,
  `status` tinyint(1) NOT NULL DEFAULT 1 COMMENT '0:inactive | 1:active',
  `created_at` timestamp NULL DEFAULT NULL,
  `updated_at` timestamp NULL DEFAULT NULL,
  `deleted_at` timestamp NULL DEFAULT NULL
) ENGINE=InnoDB DEFAULT CHARSET=utf8mb4 COLLATE=utf8mb4_unicode_ci;

--
-- Dumping data for table `topics`
--

INSERT INTO `topics` (`id`, `name`, `description`, `status`, `created_at`, `updated_at`, `deleted_at`) VALUES
(1, 'PHP', NULL, 1, '2020-07-03 20:25:40', '2020-07-03 20:25:40', NULL),
(2, 'Laravel', NULL, 1, '2020-07-04 03:29:20', '2020-07-04 03:29:20', NULL),
(3, 'Javascript', NULL, 1, '2020-07-04 03:30:05', '2020-07-04 03:30:05', NULL),
(4, 'Tips', NULL, 1, '2020-07-04 04:48:56', '2020-07-04 04:48:56', NULL),
(5, 'Info', NULL, 1, '2020-07-04 04:49:04', '2020-07-04 04:49:04', NULL),
(6, 'Tutorial', NULL, 1, '2020-07-04 04:49:12', '2020-07-04 04:49:12', NULL),
(7, 'Issue', NULL, 1, '2020-07-04 04:49:21', '2020-07-04 04:49:21', NULL),
(8, 'Others', NULL, 1, '2020-07-04 04:49:29', '2020-07-04 13:10:47', NULL),
(9, 'Android', NULL, 1, '2020-07-04 04:49:37', '2020-07-04 04:49:37', NULL),
(10, 'Techno', NULL, 1, '2020-07-04 04:49:44', '2020-07-04 04:49:44', NULL),
(11, 'Apple', NULL, 1, '2020-07-04 04:49:50', '2020-07-04 04:49:50', NULL),
(12, 'iOS', NULL, 1, '2020-07-04 04:49:56', '2020-07-04 04:49:56', NULL);

-- --------------------------------------------------------

--
-- Structure for view `correspondencefileview`
--
DROP TABLE IF EXISTS `correspondencefileview`;

CREATE ALGORITHM=UNDEFINED DEFINER=`root`@`localhost` SQL SECURITY DEFINER VIEW `correspondencefileview`  AS SELECT `a`.`id` AS `id`, `a`.`acc_no` AS `acc_no`, `a`.`identificationType` AS `identificationType`, `a`.`identification_number` AS `identification_number`, `a`.`cust_id` AS `cust_id`, `a`.`cust_name` AS `cust_name`, `a`.`phone_no` AS `phone_no`, `a`.`created_at` AS `created_at`, `a`.`updated_at` AS `updated_at`, `a`.`branch` AS `branch`, `a`.`branchId` AS `branchId`, `a`.`status` AS `status`, `a`.`debitStatus` AS `debitStatus`, `a`.`documentStatus` AS `documentStatus`, `a`.`documentRemarks` AS `documentRemarks`, `a`.`parent` AS `parent` FROM (select `cf`.`id` AS `id`,`cf`.`acc_no` AS `acc_no`,`cf`.`identificationType` AS `identificationType`,`cf`.`identification_number` AS `identification_number`,`cf`.`cust_id` AS `cust_id`,`cf`.`cust_name` AS `cust_name`,`cf`.`phone_no` AS `phone_no`,`cf`.`created_at` AS `created_at`,`cf`.`updated_at` AS `updated_at`,`sb`.`name` AS `branch`,`sb`.`id` AS `branchId`,`cf`.`status` AS `status`,`cbf`.`debit_allow` AS `debitStatus`,`cbf`.`document_checked` AS `documentStatus`,`cbf`.`remarks` AS `documentRemarks`,'m' AS `parent` from ((`caos_file` `cf` left join `sys_branches` `sb` on(`cf`.`branch` = `sb`.`id`)) left join `caos_bod_feedback` `cbf` on(`cf`.`id` = `cbf`.`caos_file_id`)) union all select `cf`.`id` AS `id`,`cf`.`acc_no` AS `acc_no`,'' AS `identificationType`,'' AS `identification_number`,'' AS `cust_id`,'' AS `cust_name`,'' AS `phone_no`,`cf`.`created_at` AS `created_at`,`cf`.`updated_at` AS `updated_at`,`sb`.`name` AS `branch`,`sb`.`id` AS `branchId`,`cf`.`status` AS `status`,'' AS `debitStatus`,'' AS `documentStatus`,`cf`.`remarks` AS `documentRemarks`,'c' AS `parent` from ((`correspondence_files` `cf` left join `sys_user_group` `sug` on(`cf`.`created_by` = `sug`.`user`)) left join `sys_branches` `sb` on(`sug`.`branch` = `sb`.`id`))) AS `a` WHERE `a`.`status` = 3 GROUP BY `a`.`acc_no` ;

--
-- Indexes for dumped tables
--

--
-- Indexes for table `articles`
--
ALTER TABLE `articles`
  ADD PRIMARY KEY (`id`);

--
-- Indexes for table `article_topic`
--
ALTER TABLE `article_topic`
  ADD KEY `FK_articles` (`article_id`),
  ADD KEY `FK_topics` (`topic_id`);

--
-- Indexes for table `banners`
--
ALTER TABLE `banners`
  ADD PRIMARY KEY (`id`);

--
-- Indexes for table `caos_bod_feedback`
--
ALTER TABLE `caos_bod_feedback`
  ADD PRIMARY KEY (`id`);

--
-- Indexes for table `caos_bod_feedback_remarks`
--
ALTER TABLE `caos_bod_feedback_remarks`
  ADD PRIMARY KEY (`id`);

--
-- Indexes for table `caos_file`
--
ALTER TABLE `caos_file`
  ADD PRIMARY KEY (`id`),
  ADD UNIQUE KEY `caos_file_acc_no_branch_unique` (`acc_no`,`branch`);

--
-- Indexes for table `caos_file_details`
--
ALTER TABLE `caos_file_details`
  ADD PRIMARY KEY (`id`);

--
-- Indexes for table `correspondence_files`
--
ALTER TABLE `correspondence_files`
  ADD PRIMARY KEY (`id`);

--
-- Indexes for table `correspondence_files_remarks`
--
ALTER TABLE `correspondence_files_remarks`
  ADD PRIMARY KEY (`id`);

--
-- Indexes for table `documents`
--
ALTER TABLE `documents`
  ADD PRIMARY KEY (`id`);

--
-- Indexes for table `identification_type`
--
ALTER TABLE `identification_type`
  ADD PRIMARY KEY (`id`);

--
-- Indexes for table `migrations`
--
ALTER TABLE `migrations`
  ADD PRIMARY KEY (`id`);

--
-- Indexes for table `products`
--
ALTER TABLE `products`
  ADD PRIMARY KEY (`id`);

--
-- Indexes for table `sys_branches`
--
ALTER TABLE `sys_branches`
  ADD PRIMARY KEY (`id`),
  ADD KEY `FK_sys_divisions` (`division_id`);

--
-- Indexes for table `sys_config`
--
ALTER TABLE `sys_config`
  ADD PRIMARY KEY (`id`);

--
-- Indexes for table `sys_divisions`
--
ALTER TABLE `sys_divisions`
  ADD PRIMARY KEY (`id`),
  ADD UNIQUE KEY `sys_divisions_name_unique` (`name`);

--
-- Indexes for table `sys_groups`
--
ALTER TABLE `sys_groups`
  ADD PRIMARY KEY (`id`);

--
-- Indexes for table `sys_group_branch`
--
ALTER TABLE `sys_group_branch`
  ADD KEY `FK_sys_groups` (`group`),
  ADD KEY `FK_sys_branches` (`branch`);

--
-- Indexes for table `sys_group_rule`
--
ALTER TABLE `sys_group_rule`
  ADD KEY `FK_sys_groups` (`group_id`),
  ADD KEY `FK_sys_rules` (`rule_id`);

--
-- Indexes for table `sys_languages`
--
ALTER TABLE `sys_languages`
  ADD PRIMARY KEY (`id`),
  ADD UNIQUE KEY `sys_languages_name_unique` (`name`),
  ADD UNIQUE KEY `sys_languages_alias_unique` (`alias`);

--
-- Indexes for table `sys_language_master`
--
ALTER TABLE `sys_language_master`
  ADD PRIMARY KEY (`id`),
  ADD UNIQUE KEY `sys_language_master_phrase_unique` (`phrase`);

--
-- Indexes for table `sys_language_master_details`
--
ALTER TABLE `sys_language_master_details`
  ADD KEY `FK_sys_languages` (`language_id`),
  ADD KEY `FK_sys_language_master` (`language_master_id`);

--
-- Indexes for table `sys_logs`
--
ALTER TABLE `sys_logs`
  ADD PRIMARY KEY (`id`),
  ADD KEY `FK_sys_users` (`subject`),
  ADD KEY `FK_sys_log_details` (`action`),
  ADD KEY `FK_object` (`object`);

--
-- Indexes for table `sys_log_details`
--
ALTER TABLE `sys_log_details`
  ADD PRIMARY KEY (`id`);

--
-- Indexes for table `sys_modules`
--
ALTER TABLE `sys_modules`
  ADD PRIMARY KEY (`id`),
  ADD UNIQUE KEY `sys_modules_name_unique` (`name`);

--
-- Indexes for table `sys_rules`
--
ALTER TABLE `sys_rules`
  ADD PRIMARY KEY (`id`),
  ADD KEY `FK_sys_modules` (`module_id`);

--
-- Indexes for table `sys_users`
--
ALTER TABLE `sys_users`
  ADD PRIMARY KEY (`id`),
  ADD UNIQUE KEY `sys_users_username_unique` (`username`),
  ADD UNIQUE KEY `sys_users_email_unique` (`email`);

--
-- Indexes for table `sys_user_group`
--
ALTER TABLE `sys_user_group`
  ADD KEY `FK_sys_users` (`user`),
  ADD KEY `FK_sys_groups` (`group`);

--
-- Indexes for table `topics`
--
ALTER TABLE `topics`
  ADD PRIMARY KEY (`id`),
  ADD UNIQUE KEY `topics_name_unique` (`name`);

--
-- AUTO_INCREMENT for dumped tables
--

--
-- AUTO_INCREMENT for table `articles`
--
ALTER TABLE `articles`
  MODIFY `id` bigint(20) UNSIGNED NOT NULL AUTO_INCREMENT, AUTO_INCREMENT=2;

--
-- AUTO_INCREMENT for table `banners`
--
ALTER TABLE `banners`
  MODIFY `id` bigint(20) UNSIGNED NOT NULL AUTO_INCREMENT, AUTO_INCREMENT=4;

--
-- AUTO_INCREMENT for table `caos_bod_feedback`
--
ALTER TABLE `caos_bod_feedback`
  MODIFY `id` bigint(20) UNSIGNED NOT NULL AUTO_INCREMENT, AUTO_INCREMENT=794;

--
-- AUTO_INCREMENT for table `caos_bod_feedback_remarks`
--
ALTER TABLE `caos_bod_feedback_remarks`
  MODIFY `id` bigint(20) UNSIGNED NOT NULL AUTO_INCREMENT, AUTO_INCREMENT=346;

--
-- AUTO_INCREMENT for table `caos_file`
--
ALTER TABLE `caos_file`
  MODIFY `id` bigint(20) UNSIGNED NOT NULL AUTO_INCREMENT, AUTO_INCREMENT=830;

--
-- AUTO_INCREMENT for table `caos_file_details`
--
ALTER TABLE `caos_file_details`
  MODIFY `id` bigint(20) UNSIGNED NOT NULL AUTO_INCREMENT, AUTO_INCREMENT=821;

--
-- AUTO_INCREMENT for table `correspondence_files`
--
ALTER TABLE `correspondence_files`
  MODIFY `id` bigint(20) UNSIGNED NOT NULL AUTO_INCREMENT, AUTO_INCREMENT=238;

--
-- AUTO_INCREMENT for table `correspondence_files_remarks`
--
ALTER TABLE `correspondence_files_remarks`
  MODIFY `id` bigint(20) UNSIGNED NOT NULL AUTO_INCREMENT;

--
-- AUTO_INCREMENT for table `documents`
--
ALTER TABLE `documents`
  MODIFY `id` bigint(20) UNSIGNED NOT NULL AUTO_INCREMENT, AUTO_INCREMENT=22;

--
-- AUTO_INCREMENT for table `identification_type`
--
ALTER TABLE `identification_type`
  MODIFY `id` bigint(20) UNSIGNED NOT NULL AUTO_INCREMENT, AUTO_INCREMENT=5;

--
-- AUTO_INCREMENT for table `migrations`
--
ALTER TABLE `migrations`
  MODIFY `id` int(10) UNSIGNED NOT NULL AUTO_INCREMENT, AUTO_INCREMENT=50;

--
-- AUTO_INCREMENT for table `products`
--
ALTER TABLE `products`
  MODIFY `id` bigint(20) UNSIGNED NOT NULL AUTO_INCREMENT, AUTO_INCREMENT=4;

--
-- AUTO_INCREMENT for table `sys_branches`
--
ALTER TABLE `sys_branches`
  MODIFY `id` bigint(20) UNSIGNED NOT NULL AUTO_INCREMENT, AUTO_INCREMENT=62;

--
-- AUTO_INCREMENT for table `sys_config`
--
ALTER TABLE `sys_config`
  MODIFY `id` bigint(20) UNSIGNED NOT NULL AUTO_INCREMENT, AUTO_INCREMENT=2;

--
-- AUTO_INCREMENT for table `sys_divisions`
--
ALTER TABLE `sys_divisions`
  MODIFY `id` bigint(20) UNSIGNED NOT NULL AUTO_INCREMENT, AUTO_INCREMENT=2;

--
-- AUTO_INCREMENT for table `sys_groups`
--
ALTER TABLE `sys_groups`
  MODIFY `id` bigint(20) UNSIGNED NOT NULL AUTO_INCREMENT, AUTO_INCREMENT=4;

--
-- AUTO_INCREMENT for table `sys_languages`
--
ALTER TABLE `sys_languages`
  MODIFY `id` bigint(20) UNSIGNED NOT NULL AUTO_INCREMENT, AUTO_INCREMENT=3;

--
-- AUTO_INCREMENT for table `sys_language_master`
--
ALTER TABLE `sys_language_master`
  MODIFY `id` bigint(20) UNSIGNED NOT NULL AUTO_INCREMENT, AUTO_INCREMENT=159;

--
-- AUTO_INCREMENT for table `sys_logs`
--
ALTER TABLE `sys_logs`
  MODIFY `id` bigint(20) UNSIGNED NOT NULL AUTO_INCREMENT, AUTO_INCREMENT=2785;

--
-- AUTO_INCREMENT for table `sys_log_details`
--
ALTER TABLE `sys_log_details`
  MODIFY `id` bigint(20) UNSIGNED NOT NULL AUTO_INCREMENT, AUTO_INCREMENT=31;

--
-- AUTO_INCREMENT for table `sys_modules`
--
ALTER TABLE `sys_modules`
  MODIFY `id` bigint(20) UNSIGNED NOT NULL AUTO_INCREMENT, AUTO_INCREMENT=15;

--
-- AUTO_INCREMENT for table `sys_rules`
--
ALTER TABLE `sys_rules`
  MODIFY `id` bigint(20) UNSIGNED NOT NULL AUTO_INCREMENT, AUTO_INCREMENT=68;

--
-- AUTO_INCREMENT for table `sys_users`
--
ALTER TABLE `sys_users`
  MODIFY `id` bigint(20) UNSIGNED NOT NULL AUTO_INCREMENT, AUTO_INCREMENT=74;

--
-- AUTO_INCREMENT for table `topics`
--
ALTER TABLE `topics`
  MODIFY `id` bigint(20) UNSIGNED NOT NULL AUTO_INCREMENT, AUTO_INCREMENT=13;
COMMIT;

/*!40101 SET CHARACTER_SET_CLIENT=@OLD_CHARACTER_SET_CLIENT */;
/*!40101 SET CHARACTER_SET_RESULTS=@OLD_CHARACTER_SET_RESULTS */;
/*!40101 SET COLLATION_CONNECTION=@OLD_COLLATION_CONNECTION */;
